ալ	3081
է	1897
մեկ	914
ինչ	894
ասաց	764
իդա	747
էր	744
որ	650
ես	632
ադ	610
պիտ	518
և	476
մեր	463
նը	454
շտե	423
կը	372
չէ	364
մեչը	354
բան	344
հատ	335
վրան	309
համար	296
ադպես	295
ին	285
սա	269
կասե	265
ան	263
համա	260
էղավ	254
տունը	251
ինձի	249
հետ	244
կենե	233
մեմը	230
ըռինդ	223
պան	221
խաթի	218
ինչես	217
պետք	215
իմ	213
աս	211
դըհա	211
նարա	209
սաղ	201
մաշդը	199
մեծ	194
էղած	192
նա	186
մաշդ	183
քեզի	181
հանա	177
ասի	177
էյ	173
դուն	171
չի	164
քանի	162
ինքն	162
իրեն	160
էին	160
մեմ	160
դա	159
հայդը	154
էլլավ	153
էկավ	153
չիմ	152
ախռ	152
տղան	151
հիչ	151
ու	150
էրկու	147
բանը	146
պես	144
թող	142
արավ	138
մինք	136
ժամանակ	135
նես	133
օր	131
դհա	130
անելու	130
խիստ	128
տեղ	127
ըլա	126
օրը	124
տեղը	124
բաշլայից	124
մասին	124
չիտիմ	123
կա	122
չէր	121
կըլա	118
շինըխ	115
ձո	115
մաշդուն	114
դեյին	114
շինը	114
չին	112
մեքատ	111
էկած	110
ժեք	110
իրենց	109
ադիվոր	108
չիքա	108
հա	107
բիդ	106
յոնոմիշ	105
ալղը	103
յալ	102
տուն	101
շատ	101
ուրիշ	101
արած	100
գենե	100
կընայիս	98
իմիս	98
ինա	98
ով	97
քովը	95
ինչի	95
ամեն	93
զայեր	93
թ	92
կայնած	90
նացա	90
պանը	88
տղին	88
էտեվ	88
մի	87
նոմայ	86
քիչ	86
էի	86
կասիմ	85
հարցուց	85
էղածը	84
աղան	83
հաբա	81
կամ	80
տուվից	79
կնիկը	79
դեպի	78
մեկը	78
մեն	78
կանե	78
վերչը	77
առավ	77
ասպես	76
կասին	76
ասին	76
մեչ	75
ալայ	74
անկից	72
նոր	71
միտք	70
ինքը	70
իդապես	70
նայե	69
իս	68
գնաց	68
անգամ	68
մեձա	68
մեմեծկի	67
նստած	67
մեկալ	67
ջորով	66
անցավ	66
տեղեն	66
էղիլ	66
վրա	65
բաբին	65
որը	65
հադ	65
բաշլայեցին	64
տըղան	63
խայրով	63
վրայեն	63
կանին	62
նորեն	62
էկան	62
աղային	62
արին	61
արա	61
անել	61
դեյեն	61
աղա	60
ժամանակը	60
նաքա	59
մեզի	59
մինչև	59
չենե	59
էլ	59
հարցուցի	59
ադիվուկը	58
երբ	58
տունին	58
տակը	58
անունը	58
կելլե	58
քուքա	57
բայց	57
տեսոք	57
աշտըխ	56
գալաջի	56
ըլալու	56
դուս	56
բաներ	56
վար	56
անպես	55
էտև	55
անիմ	55
համան	54
մաշդու	54
որին	54
վերչացավ	54
հանից	53
ասա	53
ախչիկանը	53
յաշ	52
գլոխը	52
այդ	52
մեգ	52
գեղի	51
ընկավ	51
ման	51
արինք	51
հոն	51
կնայիս	51
ավելի	51
վըրան	51
մութ	50
տալու	50
մաշդիք	50
տա	50
միշտ	49
չորս	49
մաշինը	49
գոյա	49
այս	49
հարսնիք	49
չիս	49
առաչվան	49
էղա	48
ասած	48
անքան	48
մը	48
արի	48
ասլան	48
են	47
էլլած	47
պատիվ	47
փոքր	47
պատմելու	47
կնկանը	47
անելեն	47
էինք	47
էլլա	46
կընաց	46
կընայիմ	46
մեչեն	46
նայինք	46
օշտախ	46
թագավորին	46
տարի	45
կան	45
բանին	45
էկիլ	45
մեչն	44
թոփ	43
սաշինը	43
ջուր	43
այն	43
կեշտա	43
էլլան	43
ըլար	43
էրկան	43
որպեսզի	43
ասօր	42
թոփտի	42
քեֆ	42
ձեր	42
շիտակ	42
արիլ	42
բռնած	42
սյա	42
ձիյին	42
ա	42
մեքադ	42
սաբախտան	41
ձեզի	41
քենը	41
բաբիյին	41
ախպար	41
էդև	41
սուրեն	41
թիլքին	41
առի	41
առանց	40
վայ	40
ասելու	40
ախչիկը	40
մեմա	40
մտիկ	39
գեղին	39
ինչքան	39
տղա	39
մեմալում	39
ռաստ	39
տակեն	39
ուտելու	39
կասիս	39
էհ	39
էղան	39
ինքըս	39
թեմիզ	39
չեշիտ	39
լա	39
տարա	38
հաց	38
պարև	38
յա	38
մնա	38
չիլա	38
ձիյը	38
էշտամ	37
տարին	37
մետոմ	37
ասիլ	37
էղըլ	37
կինմաշդ	37
կախած	37
կեշթա	37
էլլանք	36
նայեցավ	36
գնացի	36
սուս	36
չինք	36
№	36
անինք	35
դուռը	35
ասիմ	35
քշերը	35
մաշդոցը	35
վեր	35
էկեր	35
օվանես	35
տարիներուն	35
շուտ	34
էրիկ-կնիկ	34
անցած	34
կարող	34
կլա	34
հազիր	34
ասիս	34
կաներ	34
ինք	34
թոռերը	34
ազբարը	33
սիրտը	33
գա	33
եմ	33
թե	33
դիժար	33
օրմը	33
քիչիմ	33
աստված	33
ինքերն	33
մեծան	33
իհարկե	33
տղաս	33
շինխ	33
մտավ	32
մաշին	32
վրայի	32
փեռատ	32
կանոխ	32
սեմթը	32
կար	32
կըլան	32
խոշտ	32
գործի	32
ձեռքը	32
էկա	32
մոտիկ	32
թոփտիի	31
կասեր	31
մեջ	31
էնկի	31
հայրեն	31
կըլար	31
մնաց	31
բերին	31
վտեխ	31
վրայով	31
չունե	31
տուռը	31
մարը	31
չունիմ	31
եփոր	31
հալխը	31
ալայը	31
մեկեր	31
կանչից	31
տարվան	31
խունդում	31
գնացինք	31
թագավորը	31
շունը	31
հոս	30
էշտալ	30
առած	30
պաներ	30
դուք	30
էղըլե	30
օգութ	30
պատմությունը	30
կառնե	30
կինմաշդը	30
կուզիմ	30
մեչի	30
դուռին	30
իդաքան	30
դիմացը	30
ապրանք	30
յաշերուն	30
ադոր	30
օսկի	30
էշթալ	30
մարտիրոս	30
մանուկին	30
գնացին	29
հին	29
լեզուն	29
տուված	29
հաքա	29
հորը	29
մեկտեղ	29
վազ	29
կանիմ	29
անցնելեն	29
ադտեղը	29
հոքան	29
ձան	29
քալու	29
կուտա	29
մանյել	29
պատմե	29
աչքը	29
ադքան	29
պատմիմ	29
առչի	29
կնայիմ	29
բես	29
վոր	29
արեք	28
խամութ	28
միայն	28
տղոցը	28
կամացով	28
հետը	28
չիտե	28
կընայե	28
ասենը	28
էրեսը	28
եգոռիչը	28
էրկանը	28
ծեր	28
հաձո	28
գնացիլ	28
շիշա	28
դրից	28
հարը	28
կոլխոզի	28
վաղը	28
գնա	28
միշա	28
վրաները	27
մնացած	27
գործ	27
սուտ	27
մեկին	27
անքենը	27
էշտալու	27
անցիլ	27
ինքս	27
ժամանակին	27
տուվի	27
հոժար	27
առին	27
մեռավ	27
օշտախիս	27
քոշան	27
բանի	27
հոտ	27
առչինը	27
մինչեվ	27
բանելու	27
բարեվ	27
քաղաք	26
մաշտ	26
միտքեն	26
կընացին	26
քուկուդ	26
մաշդիքը	26
հապա	26
իրկվան	26
գալաջիյի	26
ստոլին	26
չախ	26
էկանք	26
ջուրը	26
տուր	26
ախչիկ	26
վարի	26
օղլուն	26
էգավ	26
շուշանիգ	26
էտևեն	25
հնարը	25
բարև	25
հարսնիքին	25
չեղավ	25
էշտանք	25
կիդիս	25
մըտավ	25
կային	25
մեմեկ	25
պատմից	25
աչքերը	25
կոխած	25
կուզե	25
ստակ	25
խոզի	25
իդավոր	25
բաները	25
էղանք	25
մամաս	25
դուսը	25
աղպար	25
արաձ	25
չիքար	24
մեկն	24
խունդումով	24
մաշդիկ	24
նստավ	24
տաք	24
պանին	24
վըտեխեն	24
մաշինին	24
կուզիս	24
առչով	24
գործը	24
կելլին	24
մանեթ	24
հոքի	24
գնացած	24
ամառվան	24
քուքան	24
կայնեցավ	24
ուներ	24
առնելու	24
վրաս	24
անունով	24
ջամփան	24
օրենքի	24
լուկան	24
կուգա	24
երկու	23
մենք	23
սիրած	23
կանիս	23
հետո	23
շեն	23
վաշդան	23
էնջամըս	23
ըլալ	23
չեր	23
բեքիմը	23
անե	23
քախցած	23
տեսնել	23
հավերուն	23
կասեյին	23
գալաջիներ	23
կոյա	23
օրինավոր	23
ապրանքը	23
մայրենի	23
էրկուսում	23
ուժով	23
թորոսը	23
մորը	23
չորվախը	23
շուշա	23
որոնք	22
վերի	22
նրանց	22
տարիներ	22
ադիվոնք	22
հատը	22
տարուքով	22
նայալ	22
կընացի	22
միտքըս	22
տալ	22
առաչ	22
վայնայեն	22
էշթանք	22
բաշլայեցի	22
վտեխեն	22
5	22
երեխան	22
նըստած	22
հոքիս	22
գասե	22
չիկա	22
ռախի	22
մաշտը	22
մաշդիքներ	22
էշթամ	22
կասէ	22
ծարը	21
ուզաց	21
եվ	21
կիդիմ	21
խոմ	21
մեզ	21
իր	21
առ	21
ջուրին	21
ղունկին	21
տունն	21
ալային	21
անի	21
հայա	21
քշեր	21
կինմաշդուն	21
երեխա	21
չե	21
վարպետ	21
առնել	21
տուվին	21
մանուկը	21
հաքած	21
էտեվեն	21
էշթալու	21
աշտխ	21
դասնէրգու	21
գը	21
կանինք	20
դպրոց	20
քու	20
տուները	20
ահա	20
դու	20
խոսք	20
տարեկան	20
ժամանակըմ	20
պատմել	20
օրվան	20
մաշինով	20
ուշ	20
ակոբ	20
մամա	20
կանցնե	20
վերչացուց	20
անքամ	20
հալխին	20
հինգ	20
կըկանչե	20
դացա	20
ապուլ	20
սիբես	20
գրել	20
դրած	20
փայ	20
տարավ	20
չունինք	20
բալաս	20
մտանք	20
հայնագ	20
մէկ	20
էգած	19
անքովեն	19
հասավ	19
հասան	19
ռուսերեն	19
օրմ	19
ոտքի	19
խնդացին	19
կարճ	19
ասել	19
կառնուն	19
պառկած	19
սեմթեն	19
օրին	19
գորա	19
հաձե	19
ժամանակները	19
ունիմ	19
հեքիմ	19
վերչն	19
էրիկը	19
բարեկամիս	19
կըհարցունե	19
իսկենը	19
ասինք	19
ձեռքերը	19
գրած	19
իդավուկը	19
անքով	19
խմելու	19
տանել	19
քիչիմը	19
նաև	19
գեվորգ	19
սոլ	19
հեռու	19
հայ	19
բանն	19
էշտա	19
էգեր	19
էկար	19
հարց	19
բետկ	19
խոսքերը	18
կեշտան	18
անցան	18
հեմը	18
աղեկ	18
վերցավ	18
իլինք	18
քո	18
նայելու	18
վերջապես	18
խելքին	18
ցավոք	18
սալթենը	18
կնիկն	18
առատուն	18
ղունկի	18
կըբաշլայե	18
ըլանը	18
շախա	18
իք	18
կասենը	18
դեմը	18
կասեին	18
նայիմ	18
պաները	18
բոյը	18
էրես	18
իմիսն	18
հետերը	18
մեծաս	18
մեկալը	18
կովին	18
գըլա	18
աբինը	18
կեշթան	18
մոտիկի	18
դավուլ	18
փիթ	18
…	18
ճանփան	17
յառեն	17
բաց	17
խելք	17
կանեյին	17
շաբաթ	17
չալող	17
կընա	17
տուվիլ	17
չուվալը	17
աշխարք	17
մաշդիկներ	17
էլլել	17
ալայն	17
քեները	17
նիստ	17
տեղն	17
մըտիկ	17
տըղաս	17
յաշերը	17
հեքիմին	17
նայելեն	17
ձիյ	17
էլլելու	17
գործին	17
ալայով	17
ընկած	17
օշտախըս	17
տեկ	17
անին	17
տեղերեն	17
1	17
բաբի	17
մախտար	17
գինի	17
կտռիճ	17
հարցունում	17
բերից	17
մեմն	17
չալելու	17
ախըռ	17
օշթախ	17
քովի	17
նայիս	17
կեշթար	17
զարյա	17
գլա	17
ենք	16
կողի	16
միասին	16
նստան	16
հինութվան	16
գեղը	16
պատիվով	16
փաթլամիշ	16
կյանքը	16
նրա	16
ոչ	16
կնիկ	16
հարսին	16
կեկ	16
շախաջի	16
տեսա	16
անդի	16
պատմածը	16
սելդին	16
տըղին	16
չանելե	16
նայել	16
ցավը	16
ասածը	16
շախաներ	16
կընացինք	16
թեմիզը	16
սրտի	16
սրա	16
կովերուն	16
կլուբին	16
հարսը	16
մամայիս	16
ասվատուր	16
պատահիլ	16
ադեթ	16
իդաքենը	16
լուս	16
հավես	16
առչովը	16
տեր	16
հորաքույրս	16
խոշոր	16
ալուր	16
ապրած	16
տեսած	16
հարսնիքը	16
ապրելու	16
ջանըմ	16
գասին	16
թաքուշը	16
գասիմ	16
հեքիմի	16
մեք	16
կորա	15
խոսքերով	15
հավեսով	15
քաղաքի	15
տեղերը	15
թոփտին	15
գյուղի	15
միտքը	15
ադիվոնց	15
մտա	15
ինձ	15
մարդկանց	15
խնամի	15
ադպեսով	15
անոր	15
էղածին	15
կայիս	15
խամչին	15
հիվանդ	15
խոսքեն	15
ձիք	15
պերին	15
ինչով	15
կընային	15
մոտկըցա	15
հանեցին	15
ձեռքեն	15
սաբռ	15
բաշլայեցինք	15
սալթեն	15
սեմթի	15
տունի	15
իմացա	15
պանի	15
թվին	15
իսկ	15
շատը	15
պիլետին	15
չուվալ	15
էրկաթե	15
ջուրի	15
ռայոնի	15
որն	15
տեսավ	15
անիս	15
կնայե	15
ասքան	15
տամ	15
խաչերես	15
հարս	15
կարապետը	15
էրկվատ	15
ունիս	15
չիդիմ	15
էրգու	15
քուն	15
աղչիկ	15
եսա	15
կինմաշդոցը	15
մինչեվի	15
կլար	15
էղաձ	15
հեդ	15
ջուֆտ	15
կուտան	14
ոտքը	14
տըրած	14
էկիր	14
խատմիշ	14
կերած	14
ընկիլ	14
լսիմ	14
սերով	14
սըհաթը	14
կառվատին	14
ադեն	14
նստա	14
քովեն	14
հացի	14
չելլի	14
կըյնե	14
գլոխըս	14
կալաջի	14
ջեբեն	14
առինք	14
քենըս	14
հասսանք	14
կարապետ	14
թաբլած	14
ասեք	14
եփ	14
շարած	14
ջեմ	14
ողորմե	14
շարքը	14
չալողներուն	14
ջոկ	14
բերիլ	14
կնիկըս	14
բարաբ	14
խնդալեն	14
գնում	14
երկար	14
աջափ	14
կախված	14
խոլայ	14
կապած	14
հայոց	14
հոնեն	14
էղար	14
ժողովուրդը	14
գոհ	14
թեփեն	14
բաբա	14
տղաքը	14
հանե	14
կեշտանք	14
տուռին	14
յոռոխ	14
առնում	14
դավուլին	14
վու	14
ամեսենը	14
վառուշ	14
շալթրի	14
գալաջին	14
համով	14
գլոխս	14
կլան	14
բանած	14
բեր	14
նաքայալ	14
փառք	14
գայանեն	14
բէս	14
արաբը	14
կոպուրին	13
տեղես	13
նայեցա	13
աշակերտները	13
թիվ	13
ձեռքի	13
ամիս	13
քալ	13
հետեն	13
կեշտամ	13
ձուկ	13
հավ	13
տուվեք	13
նըստանք	13
տակի	13
ել	13
մաշդոց	13
թոփտիյի	13
մետոմը	13
քուքամ	13
ծախս	13
առիլ	13
եգոռիչին	13
կնիկս	13
դուր	13
ախպարըս	13
ինչերով	13
տարած	13
կոլխոզին	13
մնացիլ	13
շատերը	13
քեսեք	13
արշակ	13
դագը	13
դագեն	13
փեսա	13
էլլիլ	13
չնայած	13
խնդացինք	13
ֆայդա	13
տայամիշ	13
միտքես	13
չուներ	13
բեքիմ	13
բերելու	13
օշթախըս	13
անուն	13
ժամանակվան	13
հորսուկու	13
շրջանի	13
սովետական	13
անունները	13
այսքանը	13
մանուկ	13
գ	13
աշոտ	13
քովերը	13
ժեքում	13
բելնի	13
դեվը	13
աշխարքիս	13
բայթալը	13
հրաշք	13
ալլեմը	13
կուտամ	13
աստուծու	13
տերոչը	13
շամաթա	13
բոռյային	13
կովը	13
ռոստով	13
միկիշը	13
յոռան	13
լանը	13
կենալու	13
դեղը	13
կինմաշդիք	13
պիվա	13
դավուլը	13
ինքդ	13
սանթուշ	13
էգիլ	13
գնայիմ	13
սուֆան	13
գարջը	13
խոսվածքով	12
տար	12
փոսը	12
ոտքերը	12
նրանք	12
աթոռքին	12
դուռ	12
ինչպես	12
նայեցեք	12
չինին	12
տերը	12
տիմացը	12
կյանք	12
կամաց-կամաց	12
բերեք	12
բերբեր	12
կորավ	12
թամամ	12
կոլխոզը	12
էղենը	12
բաբաս	12
էլլիմ	12
քուքաս	12
էգա	12
տուսը	12
անելուն	12
վըտեխ	12
հեքիմը	12
բալամ	12
չէի	12
ջար	12
կիդե	12
պերիլ	12
տուս	12
երվանդ	12
պատմություն	12
նստանք	12
որովհետև	12
թախմ	12
չիք	12
լսե	12
հատին	12
գընաց	12
յարդմ	12
բազար	12
ասքով-անքով	12
ասծու	12
էկիցեք	12
ձմեռվան	12
հարփած	12
ետ	12
գեղ	12
մեչերեն	12
սոխախը	12
քաշից	12
չէին	12
որպես	12
գլոխեն	12
չուզիմ	12
զոռով	12
հանելու	12
տարիլ	12
եզերուն	12
ջոգ	12
կիմանա	12
6	12
անպատճառ	12
առաչները	12
սարգիս	12
իրավունք	12
միամթե	12
բաբային	12
բաբան	12
մաման	12
էգան	12
պարապ	12
փենջերեյին	12
շունին	12
մեքատին	12
իդայալ	12
ցյաբո	12
տղիս	12
մեքամ	12
սըհաթ	12
բաղ	12
մուտնում	12
չիքան	12
մեչքըս	12
քշկորը	12
ջաշնա	12
ռայոնին	12
տռուբկան	12
ազբարեն	12
դարի	12
վաշտան	12
շինխվան	12
կուկա	12
ձանը	11
խամութին	11
թաթավ	11
վաժատուն	11
կարմիր	11
ըլան	11
խրատ	11
ամբողջ	11
կյանքին	11
էիր	11
չիմացա	11
տակ	11
մե	11
սեր	11
արդեն	11
ունեցած	11
յոխ	11
կոտռած	11
տաճկան	11
օլնու	11
ճամփան	11
վազելեն	11
հացը	11
առչովի	11
քխնդան	11
պատին	11
իմացիլ	11
ձեռք	11
մեծային	11
կընայինք	11
ջուրերը	11
հոժարութին	11
սիրտին	11
պերից	11
ցավ	11
հանած	11
սիպես	11
ստոլ	11
գալաջիյով	11
էլլե	11
փոսին	11
հանին	11
երեխաներուն	11
կուտային	11
յայան	11
քովըս	11
միամիտ	11
էրկունցունում	11
չիլալե	11
մար	11
ստակը	11
չելլա	11
անչափ	11
էղիր	11
անուշ	11
թեք	11
տան	11
հայերը	11
որոշեցի	11
լեզվի	11
լեզվով	11
հարկավոր	11
վարքի	11
թագավոր	11
չունին	11
երեխային	11
կուլա	11
կես	11
մեկալն	11
օրեն	11
ինքըդ	11
խուզի	11
աչքին	11
տունեն	11
օխտը	11
մեռնիմ	11
կեցած	11
վառատային	11
բազարեն	11
ադպեսենը	11
այսինքն	11
գանին	11
անելուս	11
օշթախիս	11
դավիթ	11
հավա	11
ֆեդյային	11
շտէ	11
ջաղաչք	11
կեշթանք	11
աղչիկանը	11
մեքատը	11
աղչիկը	11
թելեֆոնով	11
փորեն	11
հայվանը	11
էդեվ	11
ֆալ	11
աշային	11
ախպարս	11
աղավնին	11
կիդիսկինը	11
յանգայիս	11
կուն	11
դունը	11
շադ	11
վօր	11
թօ	11
հասա	10
հոտեն	10
վերեն	10
էլլի	10
քովերըս	10
կառնուս	10
մնացին	10
անունն	10
նըստավ	10
խոսքեր	10
տռնավուճին	10
ճամփա	10
կրակ	10
1975	10
առաջ	10
իմացավ	10
անտեղը	10
պատերազմի	10
գրված	10
անող	10
գընայիս	10
քունի	10
էկածին	10
պանըտ	10
կըտանե	10
հայտը	10
կանչե	10
գալաջիները	10
տեսածովը	10
ուտել	10
կունենա	10
կաթի	10
հավատա	10
ասելեն	10
պեր	10
ունե	10
ձանով	10
վերուց	10
կանը	10
սաքան	10
կանցընե	10
նեսը	10
քաշած	10
իմացար	10
ասիր	10
գնելու	10
կեր	10
տանին	10
բառկած	10
հոգի	10
ջուրով	10
լալու	10
պատճառը	10
անունըս	10
մելքոն	10
տանիմ	10
մեկտոմ	10
օշտախներուս	10
խաչեխպար	10
արածը	10
ծարեն	10
խմելույին	10
մոտկըցավ	10
կենաս	10
զաբոռին	10
նայա	10
դրա	10
ունեցավ	10
խաբուլ	10
չանի	10
տես	10
վարը	10
2	10
ունի	10
թոռին	10
ասելուս	10
պատասխան	10
մտած	10
արտաշես	10
ատամանյան	10
յաշեր	10
աման	10
կանչելեն	10
դեվին	10
քառսուն	10
թաբլից	10
թեզ	10
հարսնիքի	10
չուզե	10
լալեն	10
օշտախին	10
հիվանտես	10
նամանավանդ	10
պանն	10
անգից	10
սիրտով	10
կանեին	10
էդևեն	10
ժամանակմ	10
գանե	10
գործեր	10
բոյով	10
որոշեցինք	10
բասմախներեն	10
նայած	10
հարու	10
յոռոխը	10
տղաք	10
ծանը	10
յոռոխով	10
քսե	10
գանիմ	10
թորոսին	10
սալայի	10
բադաս	10
արիր	10
2007	10
հարցունե	10
ակոփ	10
դավուլն	10
թո	10
թախըմ	10
գասիս	10
բը	10
սատանան	10
տաճկային	10
զարթարը	10
կկանչե	10
աչառներուն	10
խայերով	10
տիմածը	10
խաշըխ-բերեք	10
մեձ	10
աղլը	10
ամա	10
մէչը	10
մէր	10
մէմը	10
դպրոցի	9
սապախտան	9
ժողովրդի	9
դաս	9
կանեյինք	9
օրինակ	9
տեպի	9
գործերը	9
տարուք	9
հայի	9
կուզին	9
թռան	9
չեշիտ-չեշիտ	9
վերջը	9
յանգային	9
անկաջ	9
աներ	9
ուրիշին	9
գեղերուն	9
խոսքը	9
կերանք	9
կարելի	9
մարդ	9
պատմելուս	9
չափեն	9
գլոխի	9
հա-հա	9
ռոստովեն	9
շալթր	9
մըտա	9
գռիշ	9
բազարին	9
նեսեն	9
լըսածովը	9
բալաչաղա	9
խոսքերեն	9
չելլավ	9
արևը	9
հածո	9
վըրայեն	9
հատմ	9
նըստա	9
խելոք	9
միտքի	9
կըլամ	9
տեղի	9
ինքըտ	9
կուզենա	9
տուք	9
իմանալու	9
պակաս	9
ինքերը	9
առանը	9
100	9
բարեկամըս	9
յարդըմ	9
հանեցի	9
կոշիկները	9
առանին	9
կասինք	9
նայեցանք	9
քենարը	9
մեմալ	9
չեկավ	9
ձեռքով	9
գընա	9
տացա	9
օշտախներուն	9
տըղաք	9
նավեռնո	9
գալաջիներըս	9
հասանք	9
կուլուն	9
գուզիմ	9
խունդումեն	9
ատամանյանը	9
հանել	9
ուզեցած	9
մոտ	9
տեղեր	9
բերել	9
չեմ	9
անիվոր	9
խոզին	9
մաշդիկը	9
չոլ	9
բահերվան	9
որոնց	9
բաշլայե	9
4	9
խայրաթ	9
ուշադրություն	9
կազետին	9
աշոտը	9
համարյա	9
պատմած	9
որոշեցին	9
ամուր	9
սողոմոնյանը	9
խաչատուր	9
երգեր	9
աշխատանքը	9
պոչեն	9
մըտան	9
պատեն	9
չարավ	9
խրձըմ	9
ջեբը	9
հեծավ	9
չեշտա	9
ոտքով	9
կապրին	9
ինձիմեն	9
էգիր	9
խաղալ	9
քշերվան	9
քելլոնին	9
քուկուտ	9
ունին	9
արշալույսը	9
բոլ	9
ջամալ	9
միտքիս	9
աղչիկներուն	9
գուզիս	9
աբրանք	9
պատմիլ	9
գեշտան	9
քխմին	9
ոտքերուն	9
բաբայիդ	9
սուդյան	9
կլոխը	9
կենա	9
հալավները	9
ակոբը	9
ֆեդյան	9
սալա	9
էտեվի	9
ազբարին	9
սատեղը	9
բռիգադի	9
մաշինի	9
զվանիտ	9
կուգան	9
հոքուն	9
բռնելու	9
կապռել	9
տիկրան	9
խաչերեսը	9
քը	9
սաքոն	9
վառատա	9
լուկային	9
հալ	9
չոփին	9
տը	9
զվանիթ	9
ազբար	9
մաթային	9
գայնաձ	9
յանգաս	9
կոմունիզմա	9
ճիկա	9
վածյուխը	9
մորքուրմադ	9
արաբին	9
յէս	9
պանելու	8
առթիվ	8
պիտի	8
ցուցուց	8
գազը	8
ուժ	8
կարոտ	8
խոթեցին	8
տըղա	8
հայրենը	8
էկածը	8
խմից	8
կերավ	8
հալավ	8
պռնից	8
քովս	8
կանչեցին	8
տակն	8
պերանը	8
անկաջին	8
կըլային	8
յանգա	8
նման	8
գերեզման	8
կանգնած	8
չեն	8
սիրտըս	8
բացի	8
շարք	8
հոգիս	8
կմուտնուն	8
սերը	8
անցուց	8
կըտանին	8
քան	8
քսան	8
վաշդանը	8
հոդ	8
կելլիմ	8
արտորալեն	8
հոգուն	8
սարգիսը	8
իտա	8
աղաս	8
չեկած	8
ադկից	8
լսեցի	8
յալնըշ	8
տեբի	8
ըլամ	8
չուզենալեն	8
փորին	8
գրելու	8
չեղած	8
վերչանա	8
շախայի	8
ըլալեն	8
ցավին	8
սավուկը	8
ռոստովի	8
գործով	8
վառատայեն	8
կալաջիյի	8
կնկանըս	8
ախպորը	8
բաներուն	8
բալա	8
դերայի	8
բռնել	8
չալողով	8
լիզու	8
ատպես	8
գլոխն	8
խաբեր	8
օշտախներով	8
կըկայնե	8
արածին	8
եփորտեն	8
էղածն	8
գլոխիս	8
մաղազին	8
խմեցինք	8
բաշլայվեցավ	8
տալեն	8
խմած	8
կանեյի	8
մերոնք	8
ս	8
պետքին	8
հավան	8
ապրանքի	8
մուչկա	8
պատերազմը	8
կապված	8
շինըխվան	8
երեվի	8
նախագահը	8
կերան	8
ուզում	8
հենց	8
իմանալ	8
կարծեմ	8
արոտի	8
խոռունգ	8
3	8
գրի	8
սըթեմ	8
վաժատունի	8
դրի	8
չերվա	8
պերելու	8
չափով	8
թվականին	8
շենքը	8
սև	8
աշխեն	8
գրիգոր	8
բաբիյանի	8
խաղաղ	8
է…	8
բեկը	8
գեղեն	8
կըմանքա	8
հրաման	8
խոշտեցին	8
մտան	8
էշտաս	8
օսկին	8
էկող	8
հաքուց	8
խասեվեթ	8
խաթը	8
լուսերը	8
աչքերուն	8
փենջերեյեն	8
միտքին	8
մտնելու	8
կուտանք	8
օրերը	8
տեղանակ	8
տանյել	8
չենը	8
վայնային	8
տարիյե	8
ձիգառ	8
բաբիյիս	8
բաբիս	8
սոխախեն	8
դուռեն	8
ուժե	8
50	8
ըլալիք	8
հարսիս	8
տեսնուս	8
օֆ	8
գուդին	8
անողը	8
չեշիտով	8
ջաղաչքին	8
քուգուդ	8
բարի	8
մառկոն	8
սաշինխվան	8
չալթր	8
2010	8
խոշտիլ	8
ունեցան	8
խունկյանոս	8
բերանը	8
բերի	8
համա…	8
աղպորը	8
երգում	8
2-ու	8
քամիյի	8
վալծովկային	8
անօրը	8
աղվենուշ	8
ոտքիս	8
գիտիս	8
մեձի	8
սերին	8
գալու	8
կուգաս	8
հիվնդցավ	8
մաշինս	8
լսվեցավ	8
2014	8
մաթան	8
ինքնա	8
դղաք	8
դեղ	8
էրգվադ	8
իմիշ	8
կալետ	8
ատէնը	8
ընկա	7
յառին	7
տերվար	7
բացվեցավ	7
դերան	7
մաշինները	7
տեմը	7
թռավ	7
տառցավ	7
թոփցիկը	7
շարքի	7
երեխաները	7
հոսեն	7
դիրացին	7
աչքերեն	7
բանըմ	7
կուզեր	7
պատ	7
նեղութին	7
մամայիդ	7
վազից	7
կեշ	7
կապրե	7
ավտոբուս	7
ամենքին	7
քեզ	7
հաղթանակի	7
ստոլի	7
աղու	7
հատն	7
խրկից	7
զավալը	7
տինախին	7
չոփլուկ	7
սատկած	7
չուզին	7
վեց	7
մտնել	7
մինչոքի	7
էրկուս	7
լսել	7
կըպերիմ	7
կըհարցունում	7
այժմ	7
կիդին	7
լուկյանը	7
պատմածով	7
կնըստե	7
ցուրտ	7
աղպարըս	7
կընելու	7
սաշինըխ	7
խնդաց	7
չանելու	7
մուտնե	7
պանած	7
կընկանը	7
թոփցի	7
կընացած	7
հարն	7
քըցավե	7
հազար	7
փորը	7
կըհանե	7
հեքիմն	7
սըթեմով	7
մեռիլ	7
խամութեն	7
թեմիզին	7
քենվան	7
գիդիք	7
չեշիտմ	7
շիշային	7
կուդա	7
ցավի	7
փաթտած	7
քուքար	7
ելեք	7
հանեցինք	7
տարինք	7
բոլնիցա	7
վիզեն	7
պառկեցավ	7
փատ	7
ժամը	7
խեղեջը	7
գնացեք	7
պռնած	7
ինչն	7
կանցնին	7
գալաջիյին	7
կեշտաս	7
կըհարցունուն	7
ասվատուրը	7
քար	7
շեմին	7
ադնիմը	7
խմիչքի	7
հետեվանքը	7
մըտանք	7
տրից	7
նիկոլայ	7
ըլաս	7
տանելու	7
իդատեղը	7
խոթից	7
աչքիս	7
ձեռքըս	7
աչք	7
իդատեղեն	7
անցնել	7
եզին	7
մեռած	7
դեպք	7
անցնելու	7
հաքավ	7
եկան	7
պացին	7
էրեսին	7
խիղճ	7
ախչիկն	7
ինքերըս	7
տանք	7
գաղափար	7
հիմա	7
կնշանակե	7
փատե	7
եզերը	7
ձիյի	7
երևի	7
քշերները	7
արալըխը	7
տեսակի	7
կլոր	7
տուսի	7
10	7
լըսե	7
լսելու	7
ծնողները	7
տեղական	7
էնգի	7
տարիներին	7
վրա-վրա	7
դասարանի	7
ցած	7
իրար	7
ունեին	7
նստել	7
արտաշեսը	7
անդոնյանը	7
վարդուհի	7
ջութակ	7
բայան	7
կինը	7
էդուարդ	7
թագավորն	7
քալեն	7
խմեցին	7
չորվախի	7
սային	7
անպեսի	7
ժամանակներ	7
շուն	7
մեծա	7
դուվից	7
կեդինին	7
շունն	7
ընչավ	7
կայնե	7
սրիմա	7
զարքից	7
մոտկցավ	7
վիզին	7
չափ	7
բիզը	7
չիլալ	7
տեսան	7
օրն	7
հեքիաթը	7
խոսքերուն	7
ֆելան	7
կեղը	7
հարցը	7
ապրել	7
հախեն	7
էլլեր	7
բելայի	7
ֆռոնտը	7
քալույին	7
կռեվ	7
կեշտար	7
մախտարը	7
կապռելը	7
էլլածը	7
մանյա	7
ընտանիքով	7
պառտի	7
մեծայիս	7
что	7
ծախելու	7
на	7
կեշթամ	7
ընչա	7
խաթ	7
не	7
с	7
միկիշին	7
նստելու	7
անբես	7
պալատկային	7
խայիլ	7
մեկ-էրկու	7
ջարը	7
գար	7
քաղաքեն	7
դարիլ	7
տելեվիզոռով	7
իմացած	7
կեղին	7
հասսա	7
չիպճիկին	7
ադքենը	7
թորոսն	7
բանեն	7
հասարակ	7
քի	7
առեք	7
սըրա	7
վըրա	7
քենն	7
հավերը	7
գեշտա	7
պոչը	7
ազատեցավ	7
պահե	7
հասսավ	7
թոփտիյին	7
ռուս	7
լավկային	7
բերիմ	7
բերած	7
չուվալով	7
ադպեսե	7
ֆռոնտին	7
կեշթային	7
չորվախին	7
գեվորգի	7
վով	7
գիտեր	7
վալծովկան	7
խաչատուրին	7
պատմվածք	7
մեխք	7
նաքայա	7
բաշխա	7
դավուլըս	7
մուշխուլ	7
կարապետին	7
ասե	7
նայող	7
չոյինը	7
հայվանին	7
փառան	7
մուժսկոյ	7
ունինք	7
գիր	7
լուկա	7
կելլեր	7
բռաթ	7
իդաբես	7
յառի	7
չոփի	7
ամանը	7
գըլան	7
օշտախը	7
կնկանս	7
սատանային	7
տելալը	7
ֆալը	7
սիրելով	7
միտքս	7
վաչեյին	7
քենս	7
նեմսեն	7
կոմբային	7
խոշտելու	7
մոկոշին	7
դարեգան	7
գանչից	7
ծեռկը	7
իլիշմիշ	7
դղաս	7
գնայե	7
ախճիգ	7
դունին	7
մէգ	7
մէջ	7
իրէն	7
ինչէս	7
լսեցեք	6
բացըռ	6
քխոշտին	6
վերչապես	6
էշտան	6
լցվեցան	6
գազ	6
կողմը	6
կուկան	6
նայեցան	6
կիդեր	6
մայր	6
էփած	6
կոխից	6
հաքված	6
յոռոխեն	6
աստեղը	6
դուրս	6
էրեկ	6
ադբես	6
շարունակեցին	6
ընտանիքի	6
ընտանիք	6
չոստին	6
ույմիշ	6
կարծես	6
հիշողության	6
մնացի	6
դեմ	6
ուր	6
նվիրված	6
տարեք	6
կանանչ	6
պերան	6
մազ	6
պարտ	6
շախաներեն	6
գիրի	6
նիսթայեն	6
պիլետը	6
կիդիք	6
շիշան	6
հայլիյին	6
տեսար	6
յարտմ	6
պաց	6
փակից	6
ուզացի	6
ցանելու	6
ծախու	6
լսինք	6
քիթին	6
լցից	6
հանի	6
հանիլ	6
մըտած	6
տուվինք	6
ինչա	6
բարեկամ	6
կըպերե	6
քաշելու	6
էրկուսն	6
դակը	6
հոգով	6
անհնարին	6
տիրածինիս	6
ցափեն	6
կուլե	6
կինմաշդուս	6
ձեռքես	6
դավարի	6
խոշտած	6
լուսի	6
տեսնում	6
մամային	6
էշտալեն	6
ամիսվան	6
քուքանք	6
հատըմ	6
տիր	6
կողմից	6
իդպես	6
չորվախ	6
թուխտ	6
հետըս	6
տըհա	6
անքովի	6
կնգահար	6
կիտնա	6
բարեկամը	6
չեղածը	6
չասի	6
կայնեցանք	6
էդևը	6
հետերըս	6
կընացիլ	6
ասածներեն	6
բաբայիս	6
սալան	6
օրըմ	6
մորերուն	6
պատմեցի	6
շալթըրի	6
ըլայի	6
էրեսն	6
տղոցմով	6
հառաժին	6
մաշդիս	6
կամաց	6
քշելու	6
ադնիմեն	6
կելլինք	6
քեներըս	6
սիրտիս	6
չոլը	6
թեվա	6
իդավոնց	6
այլ	6
երեք	6
մազերը	6
պատերազմից	6
մյուս	6
առաջին	6
մաշդըս	6
ջութ	6
պերինք	6
դրին	6
մնացինք	6
չոլերը	6
բաշլայիլ	6
լցած	6
դրիլ	6
բերված	6
ձիյով	6
չուվալները	6
պահելու	6
ծարերն	6
բացից	6
դասերը	6
տիժար	6
խաչատուրը	6
թոռիս	6
գընայիմ	6
դիժարութին	6
խելքիս	6
դպրոցը	6
լինել	6
ովքեր	6
վերջացավ	6
իսկական	6
ճլավուխյանը	6
եղյա	6
բաբիյանը	6
սահակյանը	6
ուրիշները	6
գրեցի	6
ընկ	6
ընկան	6
մերը	6
վարսենիկը	6
ընտանիքը	6
հիշատակ	6
խարիբ	6
էղըլին	6
մեկալին	6
օլդռվեցավ	6
մալըմին	6
քովն	6
գիտնա	6
ցատկեցավ	6
հավնի	6
թերազին	6
վերչի	6
կըկանչին	6
քեզիմեն	6
էտեվը	6
փամփուխան	6
քով	6
կեցիր	6
կըվազե	6
խաղալու	6
կապեցին	6
տանե	6
ունեցիլ	6
թիլքիյին	6
քա	6
հանգիստ	6
խմինք	6
կասիք	6
առչովեն	6
տեղե	6
կեղի	6
ախչիկանըս	6
պատճառով	6
դուռերը	6
խելք-միտք	6
բոռյան	6
սաբըռ	6
կուզինք	6
չիտեր	6
դարդերը	6
կիր	6
վարտիք	6
վայնան	6
ջամփա	6
վարդիք	6
գորենջ	6
ներ	6
տակա	6
պատմությունն	6
տուռեն	6
в	6
դուվի	6
ինչե	6
նստիլ	6
էկածըս	6
надо	6
40	6
տեղին	6
կոմնատը	6
կեղեն	6
խոզ	6
ծան	6
տըղաքը	6
զուռնայով	6
հալխն	6
սրայի	6
պատիվը	6
քովիս	6
յաշերն	6
ինչեն	6
ունիք	6
փեշը	6
տրած	6
ասեր	6
դրաբեզին	6
էդևի	6
իմացանք	6
նացամեն	6
չափը	6
պարեմը	6
գոջը	6
քաշին	6
ընտանիքին	6
սուրմիշ	6
ստագը	6
աչքերն	6
ջանցըցած	6
համարա	6
հընարը	6
բռիգադիռ	6
ապրանքները	6
քախցածի	6
ֆռոնտ	6
մոռնա	6
վազած	6
սրտանց	6
2011	6
ձաներ	6
կասեինք	6
խոռկըցանք	6
ասօրվան	6
բալաներս	6
տուներուն	6
լըսինք	6
զարգի	6
մորքուրին	6
մորքուրը	6
էտեվես	6
բալբան	6
հարսնիքները	6
դարին	6
նարայալ	6
էտեվներեն	6
կուռաշի	6
միության	6
վըրայով	6
գիտիմ	6
մայաք	6
միկիշ	6
ժողովրդական	6
լուսպարոնի	6
հարգելի	6
կըբերին	6
մախառիչ	6
էշթա	6
կաչան	6
զարգած	6
լամ	6
2009	6
խնամիներուն	6
մանուկն	6
ռախին	6
որոշից	6
խոզը	6
զարթարին	6
տռուսիկ	6
վրանա	6
բաբիդ	6
դիպլոմ	6
աշթխ	6
հարսըս	6
բանա	6
ջանմ	6
քոքին	6
հացա	6
օհո	6
կնայեր	6
սեմյոն	6
թաքուշին	6
զանը	6
պարի	6
հայկոն	6
մացյան	6
մոկոշը	6
ջիվալ	6
չուվալին	6
գասեյին	6
мать	6
մայոռը	6
մդաձ	6
ուդինք	6
էմջամը	6
շուդ	6
մեգը	6
գես	6
պռնաձ	6
վածյուխ	6
ճուր	6
էնգը	6
գառնու	6
ստագ	6
թեփրանուշ	6
երգան	6
թաբլաձ	6
գարջին	6
տակուհի	6
տըպ-տըպ	6
նայէ	6
թագաւորը	6
ասծուն	6
կերթայ	6
պէս	6
բուզլավուխ	5
էլլին	5
աստանովկան	5
կայնեցան	5
շարքով	5
տուներ	5
կերեվա	5
նորից	5
խաթնոց	5
սալդաթ	5
ուրախ	5
ասածեն	5
վառած	5
կուտար	5
հավաներ	5
յախայեն	5
ախ	5
պերեք	5
տունս	5
յանգան	5
մահալան	5
ախր	5
գոնե	5
նայում	5
սուրբ	5
հանձնել	5
խաշխ	5
մարն	5
զակազ	5
ալայըս	5
ասող	5
մայիսի	5
դժվար	5
չունեցած	5
նարանն	5
տունըս	5
աչքերըս	5
կեփե	5
էտևը	5
1968-թիվ	5
էրեսով	5
շախաները	5
բային	5
կըտռելու	5
կըտեսնե	5
էտևի	5
կըտռած	5
փատնալեն	5
թեփեյեն	5
կծեծե	5
խասևեթ	5
քաշիլ	5
նայի	5
տահմիլ	5
ուտինք	5
պատերը	5
բաբատ	5
մթնեցավ	5
մտիլ	5
անդռանիկ	5
ակոբին	5
օչխարներ	5
ադենե	5
բոյ	5
դակեն	5
տաչկան	5
խամչի	5
ղունկիյին	5
էղածի	5
կուտի	5
առնող	5
խեղեջ	5
լցիլ	5
կիմանան	5
ամառը	5
կլըսիմ	5
խելքի	5
կմուտնե	5
ձանի	5
հաքնելու	5
մարկոսին	5
գլոխին	5
վերուցած	5
ըյնելու	5
գետին	5
բոլորը	5
հասկընա	5
կանտոռին	5
խոռունկ	5
գողութին	5
կասեյինք	5
վերչերըս	5
տեսանք	5
հեռույեն	5
խոզերուն	5
հարցունել	5
տինախը	5
խոշտել	5
պատը	5
ստոլները	5
կըպերին	5
քաղաքը	5
կըմուտնե	5
տեղերես	5
չուզաց	5
հարցուցինք	5
փեսին	5
դռոգը	5
պարին	5
հավին	5
նիկողոս	5
վըրաս	5
օրենք	5
վերչացուցինք	5
ալայիս	5
կերա	5
մոտոյով	5
մածակլետըս	5
մոտոն	5
մերոնց	5
նամուս	5
սխ-սխ	5
գունը	5
թեվը	5
1941	5
մայրս	5
եղբայրներ	5
տասը	5
աշխատանքները	5
տարվա	5
գալիս	5
փոխելու	5
հորաքրոջս	5
մածուն	5
վառելիք	5
գտնվում	5
ծածուկ	5
առանձին	5
մոռանալ	5
հատուկ	5
քախցածին	5
իմանան	5
չիքային	5
ծակ	5
օչեռետ	5
ախպարը	5
եզ	5
կիդինք	5
ամպես	5
ունենալ	5
ղրիմի	5
երիտասարդներին	5
հույսով	5
ձիյերուն	5
գոթեն	5
մեյդան	5
չուվալի	5
մոլոտիլկային	5
մոտովորապես	5
ձմեռը	5
ազբարները	5
փատերը	5
լան	5
էշտ	5
հայրենական	5
բերանները	5
մուտնել	5
կլուբը	5
սորվենալ	5
գիրքը	5
ցավերը	5
գյուղում	5
կաին	5
ձմեռները	5
դնելու	5
միուսին	5
երկրորդ	5
կարջ	5
այդպես	5
սկսեցին	5
դպրոցում	5
դարձավ	5
չալթրի	5
չունեին	5
աստղիկ	5
չկա	5
երգերը	5
մագնիտաֆոնի	5
աշխատանք	5
հետևյալ	5
երվանդը	5
հավերժ	5
պոպովյան	5
տեսնելու	5
զավակ	5
գետինին	5
չորվախեն	5
վեզիրները	5
ախպոր	5
կըբռնե	5
գըդանե	5
խաթմիշ	5
վայնայի	5
պերիմ	5
աղկութին	5
կապիկ	5
սիվուկը	5
թերազիյին	5
ախչիկըս	5
կտռած	5
հոժարվեցան	5
ամիսներ	5
գնացածը	5
յոռոխի	5
ախչիկները	5
հալեքեթ	5
կուզիսնը	5
հաքվեցավ	5
չունեցավ	5
իմանամ	5
սիրտ	5
ախչիկներուն	5
թուխթ	5
տեղմ	5
հոժարիմ	5
քելլոն	5
փոս	5
թիլքի	5
ջանիկըս	5
ժեք-չորս	5
հալավը	5
հալավներ	5
գոջակներուն	5
չալողներով	5
չալելեն	5
քելլոնը	5
յոշտա	5
ասքով	5
անիք	5
կմանքա	5
էղածըս	5
տառաման	5
կըհասնե	5
չունենա	5
կապե	5
կապից	5
մաշդն	5
պառկե	5
կնա	5
ձիյն	5
պողոսին	5
հայտնի	5
մերկյանիչը	5
դրությունը	5
արշալույս	5
շալթըր	5
ժամանակըս	5
դեսոք	5
միտքըդ	5
չիտիս	5
ժամ	5
սիրտերը	5
սրաբիոն	5
վայեվատ	5
կոլխոզ	5
կովն	5
կաթը	5
հերը	5
ֆռոնտեն	5
խամութները	5
ավտոբուսով	5
ջանցվոր	5
անգրակետ	5
վառուշը	5
մեծին	5
խաչպար	5
հոստի	5
պառտին	5
քշերին	5
քխաղան	5
հոչեմասըմ	5
թիթուն	5
а	5
խոսքես	5
կնացի	5
տըմացը	5
նորթեն	5
անցա	5
օյինի	5
լցվեցավ	5
նայողները	5
ադիվուգը	5
էրեսըս	5
70	5
անքովը	5
պովեստկա	5
գունի	5
խուզիս	5
օրենքին	5
տելեվիզոռ	5
տեսնված	5
գալաջիի	5
գեվորգը	5
շաբաթօր	5
անցունու	5
վերչացունե	5
տուսն	5
շարունակել	5
դուզեն	5
սրան	5
խաչերեսին	5
գապռելը	5
մեչքիս	5
հեռուցավ	5
օչեռեդ	5
գուդան	5
պահած	5
մեչե	5
սուրենը	5
տալով	5
պոդառկա	5
չալեցեք	5
ջաղաչքը	5
խալբալըխ	5
ալուրը	5
կայնելու	5
ըլարնը	5
քշկոր	5
մեռելը	5
ստակին	5
ըլային	5
սուր	5
մահալայի	5
բաթեցավ	5
տարա-նարա	5
2006	5
տարիները	5
առանները	5
բռիլով	5
յանաշայի	5
ջիջան	5
մ	5
եղբայր	5
կոնտոռը	5
գեվորկիչը	5
աշոտին	5
էգաձ	5
փուսմիշ	5
թելեֆոնին	5
բալաներուն	5
գեռմանը	5
փեռատցավ	5
պատվավոր	5
շոգին	5
ջան	5
թոփտիյեն	5
ֆայտա	5
քաշ	5
հեքիմներ	5
սորվենալու	5
ունեվոր	5
նարամեն	5
դունա	5
քաշելեն	5
կանտոռ	5
մաշդասեր	5
հոչեմասմ	5
ծերերուն	5
չարի	5
եվգինե	5
կապրեր	5
էսը	5
ներողություն	5
քցուցունե	5
կինմաշդիքը	5
լուսպարոնը	5
չափալամիշ	5
աղպարը	5
դըրած	5
բերե	5
ժեքն	5
խոշտվիլ	5
օզանին	5
բերեյին	5
կինո	5
քարերը	5
ունեցող	5
քեչեճիյանը	5
միքայել	5
վալծովկաներուն	5
վաստակավոր	5
էտեվ-էտեվի	5
նայիլ	5
գանը	5
ծուռփատ	5
սոխախները	5
գիտնալ	5
չալեցինք	5
չունի	5
սիվոնց	5
աէռոպոռտը	5
հավաները	5
նեղ	5
հոքնած	5
բռնից	5
բանմ	5
բաղտիկ	5
ոտքն	5
շաբաթեն	5
էղիլին	5
սաքոյին	5
սաքո	5
նախագահին	5
համը	5
պանիր	5
բոլնից	5
չոյինին	5
թոռըս	5
դագի	5
վարսենիկ	5
ինքնալ	5
օտդել	5
հալին	5
ները	5
զարգից	5
ակոփին	5
մառտինին	5
օրեր	5
բռնեցին	5
ջաշնալ	5
սիրտըտ	5
դարա	5
վազելու	5
ինձիյալ	5
անմահական	5
խոշթելու	5
մոտկցա	5
փեռադ	5
տոռղայ	5
բանե	5
դասի	5
բուռուշ	5
վտե	5
անունս	5
բալախով	5
ցքած	5
բառակ	5
գանիս	5
չիմացավ	5
ապրիլ	5
խազին	5
չոյինեն	5
ջամը	5
խազը	5
փուռին	5
հեքիաթն	5
կտանե	5
կյնե	5
չուվան	5
վաշդուին	5
վաշդուինը	5
փորերը	5
մեծցան	5
հետս	5
առավտուն	5
էնջամս	5
սթեմ	5
սաշինխ	5
դիժարութինով	5
աղուշին	5
խոսքի	5
բալաչաղայով	5
լարնը	5
բերեքեթ	5
կածակի	5
առթուշը	5
մարոն	5
միս	5
ստեպանին	5
ժեքադ	5
էջ	5
խաչ	5
հորսուգու	5
իսկը	5
խուչախլեմիշ	5
դղա	5
գդոր	5
մե-մեգ	5
գերեք	5
ասաձ	5
մդիգ	5
գինմաշտը	5
կալու	5
մուռի	5
խոսկ	5
շապատ	5
լուզույին	5
դունեն	5
էլլաձ	5
առշագը	5
1991	5
ցուպու	5
լուզուն	5
առաձ	5
մորքուրմայիդ	5
սուֆա	5
սուֆային	5
ացյան	5
գըլար	5
գառնուն	5
գերիլ	5
վարսենիգ	5
շահեն	5
զերդալույե	5
ջերմագ	5
յէ	5
գիտական	5
ունէր	5
հարցունէ	5
չէնէ	5
գարջուգ	5
վերցա	4
ուսուցիչ	4
բոյին	4
ծանդռ	4
առողջություն	4
կյանքի	4
սրայով	4
ուշի	4
մաշիններ	4
գասպարը	4
վոլգա	4
եկավ	4
մարդիկ	4
զարմանքով	4
օհանը	4
ունեյին	4
ներս	4
խելքով	4
լեզու	4
սորվեցավ	4
անուններ	4
կընայեր	4
պացած	4
փիլա	4
անկաջը	4
ռեզինե	4
չանկան	4
խելքեն	4
կյանքերը	4
ասպեսով	4
թանկագին	4
երջանիկ	4
գտնել	4
հիշելու	4
քաջ	4
լինի	4
նրան	4
գլոխով	4
կյանքս	4
թափում	4
սան	4
վերջն	4
1998-թիվ	4
յաղան	4
ճապուտ	4
փորցանքեն	4
խամութը	4
վաշդանին	4
ցավեր	4
խապռի	4
իրկունով	4
տասնը	4
դոշակ	4
պառկեցանք	4
չեղա	4
պատի	4
սհաթին	4
կալաջիները	4
գրիմ	4
փոխ	4
գրածըս	4
լուկյանին	4
ջերմակ	4
հաներ	4
մազըս	4
միտքըտ	4
հավային	4
կըկայնեցունե	4
ոտքերեն	4
քամիյին	4
շախկ	4
առփաչխ	4
խրկիլ	4
թաթյոսին	4
բերեքը	4
օ	4
հավնեցա	4
չիդե	4
չեշիթմ	4
չասելե	4
սողմոնին	4
անդռանիկը	4
քշել	4
բերանին	4
անցուցած	4
խուզիյի	4
իրենն	4
ծանդըռ	4
ժաժելու	4
ժելուդկան	4
հաջողվեցավ	4
բանով	4
անգամվան	4
քխնդային	4
զարար	4
ասածին	4
տուվածը	4
չուտելե	4
ասիվոր	4
ուզենալու	4
ֆոտ	4
կընիկը	4
ցաված	4
չնայելե	4
կտոր	4
կըտընե	4
անէ	4
թևեն	4
ադեթին	4
սեղանին	4
կըռնըկի	4
ոտքեն	4
տերվեր	4
լոխում	4
քաշեցի	4
վըրաները	4
ցանկություն	4
պատմական	4
հռչակված	4
ընչանք	4
մաշինեն	4
վարեն	4
իտապես	4
մընաց	4
կիմանաս	4
շուտով	4
բանըս	4
հավնելու	4
պատճառ	4
ինքերըտ	4
աշխատանքի	4
քովես	4
բերանեն	4
կոնտոռին	4
շարված	4
թուխտերը	4
պարեմ	4
իմացածովը	4
փոշման	4
ուսպեյիտ	4
բաշխշին	4
չիմանա	4
օշտախներըս	4
ամիսեն	4
խաչպարին	4
կնըստին	4
գանք	4
քըթապլե	4
ատեն	4
շարքած	4
փեսան	4
կինմաշդու	4
կիդնա	4
խեղեճը	4
ուզենա	4
դեմըս	4
կուկամ	4
գլոխըդ	4
ցավեն	4
հալը	4
անցանք	4
մեզիմեն	4
ձեռքն	4
տանիս	4
հարցուր	4
ազատելու	4
բելա	4
կոխեցի	4
մուտնելու	4
գռամ	4
շիշաները	4
հեսաբը	4
խաղ	4
կանչելու	4
աչքըս	4
կիտիմ	4
կիմանամ	4
եզեր	4
ուզացիլ	4
զարքիլ	4
շողակը	4
կինմաշդոց	4
լցված	4
ջուրն	4
շնորքը	4
գնացել	4
կատարում	4
ծանր	4
վաստակը	4
ուտելիք	4
դեզ	4
յոթ	4
կերակրում	4
այնքան	4
չէինք	4
հարուստ	4
տալիս	4
սիրելի	4
հարսանիք	4
թոռներ	4
մարդկանցից	4
դիժարութիններ	4
քախցածութին	4
1947-ին	4
մոռնալու	4
կեշտային	4
ունեցիր	4
օբա	4
մամայիտ	4
բահերին	4
մնացական	4
բալային	4
մերն	4
նայելով	4
բահեր	4
կըտռեցին	4
ունենա	4
աշխատասեր	4
երիտասարդներ	4
եզերով	4
արբա	4
բոչեն	4
էլիլ	4
հարմանին	4
լծված	4
կըպաներ	4
մոլոտիլկան	4
տոկին	4
եզի	4
պարակ	4
ծարն	4
քըքաշին	4
առփայի	4
գործարանեն	4
անցյալի	4
2003	4
երիտասարդ	4
սաշինըխվան	4
կըպատմիմ	4
մախսումները	4
սորվենալը	4
գընացի	4
դասարան	4
սորվենա	4
միգուցե	4
կառնունք	4
կաս	4
դպրոցների	4
հուշերից	4
դպրոցները	4
օրով	4
կապով	4
լինում	4
բարակ	4
անցնում	4
աշակերտը	4
ուսուցիչները	4
երեխաներ	4
դրանք	4
հայերեն	4
աշխատել	4
կագող	4
թաղել	4
ուլել	4
կուվայկի	4
ղազարոս	4
բայանը	4
տիրացույանը	4
թամարա	4
հիշել	4
ունենալու	4
մոնումենտի	4
վերցրի	4
բանաստեղծությունը	4
խնդրեցի	4
գրեցինք	4
ազգի	4
հայկական	4
որի	4
նախագահ	4
ապրիլի	4
մնացել	4
եղիյա	4
ձեզ	4
աղկութինի	4
ուզենալով	4
տերութինին	4
կվորոշին	4
գըբաշլայե	4
տաքին	4
պըռնած	4
խոսքըմ	4
ճամփուն	4
օխյան	4
պառկելու	4
կըպանան	4
քուկուդն	4
կաղաչին	4
կայնեցուց	4
քեսան	4
տըրից	4
հասիք	4
փետից	4
խարալթին	4
չիլաս	4
յալը	4
ուլելու	4
գուդամ	4
սոլովեն	4
կապրինք	4
տեսոքը	4
սաջը	4
էգեռլեմիշ	4
դեվն	4
առնե	4
կըպառկե	4
քըհարցունե	4
ցուցունելու	4
օշտախներ	4
հեքիաթին	4
արև	4
էկողը	4
հավատաց	4
իմանա	4
կնիկներուն	4
քարին	4
փամփուխային	4
բայթալին	4
փատնալու	4
ծառեն	4
տաքա	4
ադտեղեն	4
արլըխեն	4
ցքից	4
արլըխը	4
իմիսը	4
իմացան	4
խարալթիյին	4
էկողին	4
տղաքներ	4
փաթտվեցավ	4
շաբաթներ	4
դառցավ	4
մեյնակըս	4
չուվանը	4
կտռից	4
խայիշը	4
սարեն	4
օմուզին	4
արդորալեն	4
կեցիք	4
առանեն	4
օնկուզները	4
կուտին	4
թագավորի	4
դավարը	4
ծեծից	4
ասիք	4
լըսիմ	4
օսկիյի	4
գլոխները	4
անելներեն	4
քալիք	4
զենկին	4
տարիր	4
խրատը	4
գենե-գենե	4
կանչեցի	4
ասիրու	4
առնունք	4
տրամադրությունը	4
տիրացին	4
սալացի	4
15	4
էկողներուն	4
արշալույսին	4
հալխերը	4
ասողը	4
հով	4
ցյաբոն	4
տարուքը	4
կաթ	4
մեչինը	4
բաքից	4
փուֆ	4
անիծիմ	4
գաներ	4
էղածեն	4
գալուստ	4
ասկից	4
ասիսնը	4
ջեբես	4
հառադոք	4
բազարը	4
բազարի	4
գորավ	4
քամ	4
գուզեր	4
շամիշ	4
սեմթ	4
ռաբոչի	4
հեմն	4
մեծաները	4
սուրբուինը	4
կանոնը	4
չանայով	4
կընըստին	4
միտքերը	4
քալուն	4
գուդա	4
մնացածն	4
կապիկեն	4
չիտին	4
մեծաներուն	4
գերեզմանին	4
չինի	4
կավատները	4
հալավեղեն	4
վեշչիները	4
սհաթը	4
միտկես	4
կառնում	4
չիկար	4
կայնեցա	4
տարու	4
տայախով	4
գոց	4
քրֆելեն	4
կուկաս	4
էրմաշդ	4
տրի	4
կոպյա	4
կոլյա	4
и	4
էնը	4
մանեթն	4
վար-վեր	4
քանիյե	4
մուտնու	4
ռազ	4
պանըս	4
անօրները	4
քեներն	4
զուռնան	4
ամենը	4
փորցանքի	4
մեչերը	4
գոջակները	4
շտահով	4
հավնածին	4
կըմընա	4
որոշումի	4
մաշդոցն	4
թաբլե	4
ռուբաշկիյիս	4
չալողի	4
կըվերչանա	4
կաբինետը	4
ճար	4
սպիռտ	4
փակած	4
մասսաժ	4
չորային	4
կուտին-քխմին	4
վալենքիյին	4
ասվատուրին	4
նկարած	4
պոզդռավիտ	4
անցածը	4
շախմատ	4
քաշել	4
թաժա	4
փնտռելու	4
արմենակ	4
տեսնու	4
խելքիդ	4
գրակետ	4
անքենները	4
գինին	4
թեռս	4
ադեն-ադեն	4
աժաննոց	4
ռախիյի	4
թաղում	4
մառկոյին	4
թորոս	4
քխմեր	4
վերչացուցին	4
շարքն	4
բանըտ	4
ռեմոնտ	4
առչևի	4
ամոթ	4
մածակլետով	4
շոֆեռը	4
հանելեն	4
կասպարը	4
գռուզավոյ	4
ռայոնեն	4
հեչ	4
ազբարն	4
գիդիս	4
վայնա	4
մեռան	4
տեսք	4
կըբերե	4
հռչակավոր	4
սարգսի	4
շենութին	4
սեղանի	4
հասնիմ	4
2010թ	4
գազի	4
ուզեցող	4
ի	4
կոշիկ	4
կարապետի	4
կարողություն	4
հաջողությամբ	4
վաժատունը	4
ջիջա	4
կաշխատեր	4
բառիս	4
գալաջիներուս	4
թոռը	4
լուլեն	4
քիչի	4
խածած	4
թաբլեցի	4
մեծի	4
մեյնակը	4
պոկա	4
ջանփան	4
լեղապատառ	4
հասնելուներուս	4
հարցունուն	4
խելքը	4
կուգաք	4
լուսեղեն	4
մորքուրս	4
չամուռին	4
ապուլտա	4
աղչիկները	4
մաշիններուն	4
ազատցուցին	4
կուռաշջիներ	4
համբարձում	4
օչեռեդի	4
բռնե	4
չորվախներուն	4
ջըլ-ջըլ	4
ժեքատ	4
ղուկասի	4
հակոբյանը	4
զաքար	4
համ	4
արհեստավոր	4
բեքի	4
աշխատելու	4
ասքանը	4
վալծովկա	4
վալծովկաներ	4
պառավիկը	4
լար	4
դոմ	4
ապկարին	4
մառկ	4
հասսան	4
կանեյիր	4
ռախիները	4
բարեսիրտ	4
ըռհաթ	4
ինչ…	4
պասպոռտը	4
կաշելյոկը	4
ռադիոուզելին	4
կնստին	4
գիդնա	4
դիրացինները	4
ճանփաները	4
որովհետեվ	4
բոռոզա	4
գիտին	4
գնայիս	4
կալ	4
ջամերը	4
գնած	4
բոռոզան	4
զարգին	4
պռոբ	4
բառկելու	4
ձօ	4
մուզիկայով	4
ժառիտ	4
շաբաշ	4
խազյայինը	4
լցինք	4
շալթրեն	4
չանցունելե	4
կուգամ	4
սեվ	4
հայվան	4
բալաչաղաներուն	4
էրվնցավ	4
բանըդ	4
դող	4
ատ	4
եղոդ	4
կամենալու	4
աբուլ	4
գնե	4
սունթուռլու	4
բալոնը	4
վաշտանը	4
աբկարը	4
շամաթայով	4
սկլեռոզ	4
քրոջը	4
վարսենիկին	4
քուկա	4
ընկար	4
տարուքիս	4
օշտախս	4
մախսումին	4
շեմեն	4
դիրացինը	4
մեռուկ	4
գալերը	4
խաբելով	4
կարողութին	4
կոշիկներըս	4
լմանած	4
մութին	4
դահա	4
եփորդեն	4
բոլցան	4
ակոփը	4
քթաբլե	4
ռախիյով	4
հասիլ	4
քեզիյա	4
աչքի	4
կըլաս	4
միքայելին	4
տարուքի	4
թելեֆոնի	4
հիսուն	4
ամանին	4
կեշթայի	4
ադամ	4
թութմիշ	4
էկոլոգիա	4
բերածը	4
թաբլիլ	4
ռափայել	4
դասը	4
կուռտկա	4
մուշտակը	4
գալաջիներս	4
գավաթմ	4
մաշիններով	4
խոռով	4
հետերս	4
չառոխները	4
խազյայինին	4
սիրողը	4
չիդիմացավ	4
սիրողին	4
պլատոկը	4
քաղաքին	4
տելալ	4
շովելեն	4
հավատարիմ	4
պարզ	4
շարքում	4
հեռեփ	4
գտելեն	4
ասացվածք	4
խելքով-միտքով	4
կբաշլայե	4
կմանգա	4
մոտավորապես	4
կմանգար	4
մանգար	4
դեմս	4
խոռկցանք	4
նարան	4
էր…	4
աշան	4
սթեմներ	4
կուխնին	4
դուրուշին	4
սթեմով	4
կկայնե	4
կիռիլիչ	4
մաշդուս	4
հայկուշը	4
կռչոկները	4
գալեն	4
էղածս	4
նեմսեներուն	4
կնայինք	4
շատռդեմիշ	4
բաբադ	4
ծնողներուն	4
սիգառ	4
կմնա	4
կուզիք	4
սալաթ	4
թենեքեյե	4
աչքս	4
բռիգադիռներս	4
եղով	4
կրելու	4
սեռըյ	4
ջանկելու	4
պեդալին	4
գայանեյին	4
առթուշին	4
աղավնիին	4
թերթ	4
ագռայի	4
լիֆտը	4
թանգ	4
կլսիմ	4
զավադիտ	4
ջիվալը	4
քաք	4
հեռեփը	4
հավնիլ	4
ստեպանը	4
բարբառի	4
բացատրական	4
բառարանի	4
կյանքում	4
բարբառով	4
ամենքս	4
բատառեյին	4
տիմածները	4
կալուստը	4
իդիգը	4
գինմաշտուն	4
մինկ	4
դեսաձովը	4
վդե	4
սել	4
ստառշինային	4
կամանդիռ	4
դեղեն	4
вам	4
մդան	4
ձարով	4
աճկերը	4
խոշ	4
մաշտու	4
գասեր	4
էրգուսում	4
խայիբ	4
էրգան	4
անցաձ	4
գըգանչե	4
ցյապոն	4
ժամանագ	4
ճուրը	4
կիտծիր	4
բառգաձ	4
ամսագիր	4
զարթոնք	4
գինմաշտ	4
կավատ	4
չիդիս	4
գանինք	4
թենին	4
կրաձ	4
կաշտալու	4
կուդնու	4
մդավ	4
քիթով	4
ստագին	4
ստագով	4
ձյաձյա	4
իդոր	4
ախճիգը	4
եզնաբաս	4
թոռերս	4
խոսկը	4
գով	4
ագռաները	4
կուկար	4
սալտը	4
էփիմ	4
հասնի	4
դոն	4
յես	4
երգանը	4
բիդան	4
ռեդակծին	4
գուդե	4
ծբեռկայով	4
մեձան	4
սըրփելու	4
թոռերուս	4
մէքամ	4
մարթու	4
թէմիզ	4
գուզէ	4
աղէգ	4
վուր	4
ամէն	4
կէնէ	4
աղէկ	4
տէղ	4
կէլնէ	4
ծէրը	4
նէ	4
ասված	4
քէզի	4
անէլու	4
նօր	4
կիդէ	4
դվի	4
մառտին	4
մէչ	4
ամմա	4
աղջիկանս	4
խալսա	3
մեծեր	3
մետռնոց	3
շնորհավոր	3
փոսեն	3
սրտերը	3
1971	3
գոխից	3
չորվախներ	3
էլլար	3
նայեցար	3
եկեղեցին	3
դռները	3
թոփցիկ	3
կաֆե	3
գյուղը	3
յանկան	3
քեռթիկ	3
մոռցիլ	3
հայր	3
ցան	3
ճակատին	3
ունեցիք	3
դիզգուն	3
ցըքից	3
չալել	3
դայմա	3
չալողին	3
գայնած	3
հեռսեն	3
փախ	3
չոխտան	3
ձգել	3
սրից	3
պացից	3
դուվլամիշ	3
ըյնե	3
խառղա	3
ադիվով	3
աշխարհ	3
միշտական	3
կոլդըռվե	3
քիթիդ	3
հորս	3
ասում	3
այդքան	3
անհայտ	3
ջահել	3
կուզեմ	3
անգին	3
հավիտյան	3
արտասունքներ	3
փառքի	3
պանթեոնը	3
դիմաց	3
աշխատանքով	3
սիրտս	3
այսպիսով	3
արտասունք	3
տեղով	3
կտընիմ	3
բեհ	3
կըյնին	3
կըլայինք	3
քուքայինք	3
կուտեյինք	3
լաֆ	3
կորան	3
կատու	3
բանկա	3
հետն	3
հոռոսմա	3
չոփ	3
հասակում	3
եղբոր	3
բերբերները	3
գռիշը	3
իրենք	3
ջոկելը	3
քարնը	3
մեչերն	3
խառավուլ	3
պետռիկին	3
կիտիք	3
էփից	3
անքանի	3
կալաջիներ	3
քուր-ախպար	3
չոյինով	3
առատվան	3
վըտեխն	3
ոտքերն	3
կըհիշին	3
մազը	3
խնդալու	3
փչելու	3
փռած	3
կույզվան	3
քըքըշե	3
քալե	3
կըվերցունուն	3
կըհասնին	3
տողալեն	3
ընչընելու	3
արածըս	3
դուռն	3
պանըմ	3
իչես	3
հանածը	3
ցորեկը	3
տեհնա	3
քխնդրիմ	3
տղիդ	3
կնել	3
լսածովը	3
թաթյոսը	3
չեին	3
անցիր	3
շնորհակալիմ	3
կծախիս	3
չիհանից	3
կոխելեն	3
տըղիս	3
խյար	3
յան	3
սղամիշ	3
կենալ	3
հոգնած	3
ցըքելու	3
ուրիշը	3
ակոբն	3
անդռանիկին	3
քեսեքով	3
իստիր	3
հանիմ	3
ուզեցածը	3
տունիններուն	3
սյաքան	3
կանչեցեք	3
կդընե	3
ձեռքե	3
գըլոխը	3
օլդըռվեցավ	3
պոլոժենին	3
բոշ	3
պոշտանիկով	3
փախավ	3
մեկալոնք	3
մարալամ	3
նայիսնը	3
մալիմ	3
եղ	3
անիվուկը	3
յեղ	3
գոթով	3
ֆոտած	3
տընել	3
միսիհալ	3
նեսն	3
ակռայի	3
ակռային	3
չիտիմացածեն	3
փետեցի	3
տընե	3
նայածին	3
կուդան	3
տիմացները	3
պաներուն	3
սումկան	3
տեղըդ	3
նըստելու	3
շարիլ	3
անցընելեն	3
խոսքերես	3
ըյներ	3
քաշեցինք	3
քամի	3
բարբեցինք	3
քոշայի	3
խափախները	3
վրաներն	3
սըղամիշ	3
զավակներուն	3
չանիս	3
ժամին	3
մաշդիկն	3
գործերով	3
էրկուսըս	3
չեինք	3
ավերակ	3
դառցած	3
վրաներըս	3
հողին	3
գընացած	3
կարծիքով	3
չուզինք	3
կըվոթին	3
էրվելիյի	3
թոփտիին	3
օչխար	3
տինախ	3
վերչացունել	3
խյմեթը	3
ժողովուրդին	3
գընացեք	3
պատիվի	3
իրիկուն	3
վըրայի	3
կնկանն	3
ծախիլ	3
անողներ	3
պարծանք	3
մելքոնը	3
մինչևի	3
լըսած	3
պանըդ	3
կուշտ	3
հալ-հեվալ	3
քաշվե	3
կըլաե	3
քաշվելեն	3
չարած	3
էլլածն	3
ձեռքերն	3
կանչիլ	3
առմիյեն	3
էրթամ	3
կըտեսնուն	3
կըբաշլային	3
բռնըված	3
գող	3
ասածնակը	3
վերցունել	3
կավտառ	3
չասիս	3
աչքիտ	3
կըպերիս	3
խոթել	3
մաղազիյին	3
նիկողոսը	3
արածով	3
կիտե	3
սխցավ	3
գալաջիներուն	3
հայկ	3
մոտո	3
ունեյի	3
կայնիլ	3
օմուզիս	3
վախ	3
խութուռ	3
նիկոլային	3
խըմելու	3
ձաները	3
խարա	3
ադկի	3
եզը	3
խարան	3
իձի	3
կլորելեն	3
հասցուցիլ	3
1999-թիվ	3
նվագախումբը	3
առաջինը	3
պատահած	3
կախել	3
սոխախ	3
քըցուցունե	3
պետքեր	3
լըվացք	3
տրիլ	3
իդավուգը	3
նշանակություն	3
կոտռածը	3
կըկոխե	3
կըկոտռե	3
կըհանին	3
զավակներին	3
մեծը	3
բոլոր	3
աշխատում	3
կոլտնտեսությունում	3
բերում	3
ուռած	3
հանում	3
թռչունը	3
ձմռան	3
ժամանակվա	3
հաստ	3
ձմռանը	3
գնալ	3
բաղկացած	3
մածունը	3
օգնական	3
գործերի	3
ծուռ	3
բաներս	3
վառում	3
մոռանա	3
ամենքը	3
այսպես	3
բավականին	3
մտնում	3
չենք	3
այդպիսի	3
աշխարհիս	3
երեսին	3
թերթին	3
հավնեցավ	3
էղածով	3
բիլեմ	3
բանկան	3
կըծախեյին	3
ազգականներուն	3
հորքուրիս	3
ծախից	3
կառնեյինք	3
հորքուրըս	3
հորքուրին	3
շունի	3
էլավ	3
կալիտկան	3
գալաճի	3
ճամփից	3
երեխայի	3
ջուրերով	3
խաթալախներ	3
դայիյիս	3
կըպատմե	3
հարը-տըղա	3
արբային	3
վերուցինք	3
աչքե	3
բերանե	3
միսը	3
քրոչը	3
գիտնամ	3
ցանի	3
տուներեն	3
պերանները	3
բռնիլ	3
ձեռքերով	3
օրախը	3
ժամանակներուն	3
կինմաշդիկ	3
տռակտոռի	3
օշտան	3
չարանը	3
գալսելու	3
աբրանքը	3
արբաները	3
ուռու	3
տանջանքներով	3
կովեր	3
էտև-էտևի	3
արբայի	3
քխոթին	3
առխանին	3
կապին	3
ցորենի	3
պերված	3
թվականներին	3
տպված	3
գիդցած	3
վաժատունին	3
սիրտի	3
տըղոցը	3
սորվեցունել	3
քիչիմա	3
գլոխներուն	3
հեքյաթներ	3
բալաներուս	3
հայրենն	3
կունենան	3
եկեղեցու	3
սովորել	3
աղջիկները	3
ունեցել	3
հասակից	3
բարձր	3
ունենում	3
մասը	3
հակառակ	3
ուղարկել	3
դրանից	3
անգլերեն	3
ռուսաց	3
դասարանից	3
առարկաների	3
այլն	3
պարտավոր	3
մնում	3
իրավունքով	3
աշակերտների	3
ամռանը	3
կարգապահությունը	3
եղել	3
սկսվեց	3
եղավ	3
ընկանք	3
ուսումը	3
դիրեկտոր	3
ոտնամաններ	3
կտորը	3
մնալու	3
կալոշներ	3
ուսուցիչներն	3
սիրանուշ	3
վարդան	3
տրդատ	3
պետրոս	3
պոպովյանը	3
ներեն	3
թվել	3
քեչեջյան	3
արշակը	3
սեփական	3
տառերով	3
ելույթ	3
լուրջ	3
չես	3
օրինակելի	3
հաջողվեց	3
անգամը	3
սողոմոնյան	3
ղ	3
միաժամանակ	3
մարդիք	3
սեյրան	3
տիրացույան	3
թերթի	3
տպարան	3
սողոմոնյանին	3
գերեզմանի	3
ռադիոն	3
չունեցա	3
մլթխյան	3
գրեց	3
ուժերով	3
արժանի	3
հեքյաթ	3
չապուլ	3
փախչել	3
քըքաշե	3
ասլանը	3
ադամոշդի	3
հրաշալի	3
զարնիմ	3
մատը	3
չանե	3
զարարութին	3
ծուռփատով	3
ծուռփատը	3
քանք	3
թագավորութինին	3
պալիք	3
էկիք	3
թանկնոց	3
վրայենա	3
տուռ	3
թոզերուն	3
սունդուքը	3
բացին	3
պատռետ	3
ախչիկի	3
աղայիս	3
էրկինք	3
չոսքովը	3
կըլզե	3
վարքին	3
էկաք	3
որըդ	3
կտեսնուս	3
վրայես	3
առնուս	3
էտևես	3
նստե	3
բաշլային	3
յարչիկը	3
ժաժի	3
հանիս	3
կարողիս	3
կվերչանա	3
կուտաս	3
մուտներ	3
չախմիշ	3
առավոտը	3
ըլանք	3
մալըմը	3
գործըդ	3
մեռել	3
սաջին	3
ընչան	3
ջուխում	3
ազատցուր	3
մանի	3
կեսօրին	3
կռիշներուն	3
թռուց	3
դունիս	3
խաղռմիշ	3
դեվերը	3
մորիյին	3
ծառերուն	3
ազատինք	3
ծառին	3
կըվառին	3
գլոխներն	3
մինութվան	3
բեջերվիս	3
ջամին	3
հաքվե	3
սպանիլ	3
տըխ-տըխ	3
իդակից	3
հալերը-հեվալները	3
պերել	3
կապել	3
խաղացին	3
դարհվեցավ	3
փորից	3
սիվոր	3
աժանի	3
ձիյիդ	3
իրկուն	3
մտիր	3
վատուժ	3
ապրեցեք	3
կաշին	3
դառնա	3
ադիվոնքները	3
ժամանակով	3
կեցան	3
թագուհինին	3
թագուհինը	3
թոզերը	3
տեյեն	3
նստիմ	3
լսեցիր	3
եզրակացության	3
հալավին	3
շաշիմիշ	3
չըկայնելե	3
շուտմը	3
հարսնառը	3
ցոլուն	3
կըտեսնուք	3
հարսնիքն	3
հարսնիքեն	3
ժեքը	3
ոտքերով	3
սունդուքով	3
թաղիմ	3
առածովը	3
քակելու	3
անելուները	3
ցուցուր	3
գուշտ	3
առիր	3
կանցուներ	3
լուսպարոն	3
անքենվան	3
էդևես	3
տեղերըս	3
փեսացուն	3
լսած	3
դըռոգը	3
սոյին	3
խոշտե	3
սիմոն	3
հոնի	3
տեսնուք	3
իդաքենվան	3
անցուցածը	3
տըրինք	3
բըռնած	3
հարսնիքներուն	3
կուզենային	3
այամիշ	3
անունին	3
քարպատին	3
դավարեն	3
ագենտը	3
ծախինք	3
թէ	3
խաս	3
գլոխես	3
չհամբերեցավ	3
միամ	3
կանչել	3
ամիսե	3
երքելու	3
կըբանե	3
կըծախե	3
բռիգադը	3
ալայեն	3
գեշտային	3
մեմեձգի	3
օհ	3
մեյնակ	3
տռամվայ	3
չանին	3
էգածը	3
էղավու	3
չասիմ	3
տռամվայը	3
անենը	3
անքամը	3
լիտռ	3
լսածով	3
մըհալային	3
գուդ	3
գելլին	3
չանան	3
քրոջ	3
տուսեն	3
կըպանա	3
էգիցեք	3
էդև-էդևի	3
թաթմիշ	3
թողուցիլ	3
բահին	3
տանինք	3
մախտարին	3
սոռոք	3
փոքրին	3
կընողները	3
վառուշին	3
у	3
вас	3
нету	3
ասածները	3
էշտող	3
գովասանք	3
տիմացն	3
մետռ	3
օջախլըխ	3
չասաց	3
դեպքը	3
քեներս	3
պառծանք	3
թանգնոց	3
բադին	3
զդավատ	3
աղատ	3
тоже	3
պատահեցավ	3
վըդե	3
ունիվեռմագ	3
ժամանակե	3
խափախին	3
հեքիմները	3
մեռնելեն	3
կնիժկան	3
սբեռբանք	3
էլլելեն	3
կնային	3
կոլյա-աղա	3
քանիյին	3
օկոշկային	3
շուռան	3
արածները	3
ստակներըս	3
պասպոռտիտ	3
քուկուտն	3
դեղանակ	3
սիբես-սիբես	3
առչովես	3
1000	3
մանեթը	3
բաշարի	3
նառսուդ	3
շոֆեռ	3
պլատիտ	3
կլամ	3
հեռուցանք	3
կըհարցունու	3
вы	3
սեկռետառ	3
կըդիր	3
բանք	3
ջոգ-ջոգ	3
արշալույսիչը	3
քշեցի	3
մառդին	3
կրեցի	3
հիշատակին	3
ըլաք	3
տուներըս	3
շարքից	3
թաքուշ	3
կով	3
ծախել	3
փաթլիջանի	3
հանդիպումը	3
հանինք	3
վերը	3
կըկայնին	3
դավար	3
կըմոտկընա	3
քըհանե	3
ժողտեցին	3
անողին	3
ասիվուկը	3
ֆողը	3
սրային	3
ստոլներուն	3
գոջակներ	3
գոջակի	3
չունիս	3
էրիկկնիկ	3
խըմած	3
էկողները	3
մեգեր	3
անպատիվ	3
կիտցիր	3
շատռ-շատռ	3
լուսին	3
ձեռքիս	3
խրադ	3
վերչացան	3
ճարը	3
էրեսեն	3
բասմախին	3
տունինները	3
գնիլ	3
մեչքիդ	3
հելբեթ	3
մեթեյով	3
խոթեցի	3
թուռշիյին	3
ջանդան	3
քըսիմ	3
էլլիս	3
մեթեյին	3
հը	3
դար	3
խմի	3
շիշայի	3
տարուքիդ	3
կայնածին	3
սողոմոնը	3
վալենքի	3
վալենքիներուն	3
կապեցի	3
էիք	3
խայերը	3
չալողներն	3
յուռմուխ	3
ընդհակառակը	3
ջաղաչքի	3
կեցիլ	3
էփել	3
արմենակը	3
ասեղ	3
այնըխ	3
մումուխ	3
խառամանին	3
пампазей	3
есть	3
կըտընին	3
խոթելեն	3
մեթեն	3
թողանե	3
ինքերս	3
շաշկի	3
խոթինք	3
կորայա	3
պառտիյեն	3
թաղումեն	3
քերելեն	3
կոդիյին	3
էրվընցած	3
թաբլեցին	3
չիջաշնա	3
գործատեր	3
բռիլ	3
բաշլայած	3
չալթըր	3
քոշայեն	3
մուտավ	3
կայնեցուցինք	3
սաթենիկը	3
ավտոբուսը	3
ջիջային	3
աստըղ	3
յանաշան	3
թոփցոց	3
սալացոց	3
թոփցոցը	3
կյանքիս	3
սըխ-սըխ	3
միքայելը	3
դիռեկտոռ	3
ուչոտչիկ	3
կեսը	3
տունե-տուն	3
կոլխոզներուն	3
это	3
հայվանները	3
դուսն	3
կըվերցունե	3
հասկըցած	3
գամացով	3
աշոտն	3
կառներ	3
նիստայի	3
բռիգադին	3
դիր	3
սալացիյին	3
խուլ	3
բալաներ	3
չանելեն	3
հասսած	3
գեռմանին	3
ծունկեչոք	3
խմեցիր	3
վըրադ	3
մոռացված	3
մոռացել	3
գրքի	3
շնորհակալ	3
ասելով	3
լուսը	3
մեծերը	3
որոշին	3
ունեցածին	3
քըխոշտին	3
գարկից	3
բոլնիցը	3
աժմըս	3
չիջանցըցող	3
օրիս	3
սոխախի	3
հիշողություն	3
տաճկայով	3
պավլովիչ	3
գլոխ	3
էրվնցած	3
տռ	3
գուկա	3
հարցունու	3
իդապեսա	3
կառնու	3
ինքերդ	3
լավկաներուն	3
գովասանքը	3
բանուկ	3
90	3
80	3
գնեցի	3
բերիր	3
տեսիլ	3
մորքուրըս	3
աղպորըս	3
կապեն	3
վախեցավ	3
բաներա	3
ինչեր	3
էղածները	3
չորսում	3
ազգականի	3
չմոռնալու	3
բարդ	3
հետի	3
լեզույով	3
այմիշ	3
տայաղանին	3
փեհլիվանին	3
չեմփիոն	3
խանթեմերյան	3
սովետսկիյ	3
նեֆեսը	3
պիվ	3
օչեռեդին	3
խոշտված	3
թունելին	3
դիմացի	3
աշլովներուն	3
վերջի	3
քշելեն	3
ամառները	3
տերունի	3
գոյությունը	3
խմել	3
էրեսները	3
նառդոմ	3
հանդիպիլ	3
2007թ	3
քարերով	3
ր	3
մեծցուցին	3
թանգարանին	3
ձայնով	3
երգել	3
կին	3
մասնակցում	3
կուլտուրական	3
թատերական	3
ուրախությունների	3
եղիայի	3
լուսեղենի	3
երգիչների	3
մանյելի	3
վյաչեսլավ	3
խաչատուրի	3
ակտիվորեն	3
աղաղլույանը	3
ավետիքի	3
վերջացնում	3
գրելով	3
ջաղաչքներ	3
խազախ	3
առանի	3
էղած-չեղածը	3
գիդցող	3
գիդե	3
շալթրցոցը	3
գիտցող	3
բուլղարիայեն	3
սոցիալիզմա	3
դիմաց-դիմաց	3
շալթրը	3
հետերն	3
սեմյայով	3
ինքերնա	3
այժմըս	3
ալլեմ	3
պատմության	3
կաչե	3
աստեղի	3
թոռ	3
գնից	3
բալաբան	3
խարալթիյիդ	3
չեշիթով	3
հայդա	3
գազին	3
բարեվը	3
հասնելու	3
ձեռքերեն	3
կառտոպի	3
առտուր	3
հարամ	3
սուքիասը	3
հեսաբ	3
վերուցի	3
խոռկըցած	3
կանչին	3
սպասիբո	3
տուվիր	3
խաչիկյան	3
մականունը	3
օրերուն	3
գոլովային	3
ստակով	3
սոտկա	3
ազգանունն	3
առողջությունը	3
օվանեսը	3
2008	3
թոռն	3
ձըբեռկաները	3
սորվեցունելու	3
ուզեցածիս	3
դավուլով	3
կենեյա	3
խոռկընցանք	3
դավուլըդ	3
թոլա	3
էգանք	3
խավարի	3
ըռինտ	3
չալիք	3
զուռնա	3
տխ-տխ	3
աշխարքին	3
բերիս	3
անահիտը	3
հաստադ	3
դնինք	3
սելամեթ	3
մեկօրմ	3
ֆեդյա	3
մըհանա	3
մեծիմեն	3
պլատոկ	3
գիտիք	3
գողծիլ	3
ջիջաս	3
մոսկվայի	3
կաշտա	3
կըյնի	3
դեպիյեդ	3
սալթը	3
ստալավոյ	3
խմե	3
բաբիները	3
հոքիյիտ	3
լաց	3
քաշե	3
չնչին	3
գործերուն	3
գանգատվելու	3
չիդիմանալու	3
բանիդ	3
արտուսունքով	3
խայեր	3
լուչշե	3
քարի	3
մընա	3
խունիները	3
հալը-հեվալը	3
դուշմանի	3
գիտե	3
փորիս	3
գնի	3
ինծի	3
գնել	3
կիտիս	3
կասսերուն	3
ուտելը	3
մահը	3
քխաղային	3
կանեինք	3
բալան	3
կածերը	3
էլելու	3
քխնդայինք	3
ոտքըտ	3
ոտքըս	3
քուր	3
մայբալըխ	3
վարսենիկն	3
սկլեռոզի	3
հետեվանքներ	3
ոթե	3
նու	3
խելքս	3
ժենսկիյ	3
սեպետը	3
մեկնի	3
ճակատագիրը	3
սեկռետառը	3
մեռնելու	3
ձանդռ	3
գալ	3
պախիլ	3
մանքա	3
դեյեմիշ	3
շուվ	3
աշթըխ	3
ֆըռ	3
չիտինք	3
կտնին	3
խատլամաջիները	3
քոքեն	3
գնեցինք	3
գիտինք	3
գրինք	3
մառտինը	3
տռակտոռնըյ	3
կոռոբկան	3
սկոռըստ	3
վտեխի	3
բաշլայեր	3
ինչիս	3
մոտոյին	3
քըցուցունու	3
աչքով	3
թել	3
կորայալ	3
կայնեցուցած	3
կռանին	3
թեփեյի	3
շաբաթը	3
թամառա	3
ձուկեր	3
մեքատա	3
իլինքցուցի	3
ամանները	3
վազե	3
յառը	3
խումը	3
սապես	3
հիվնդցիլ	3
շուները	3
սայե	3
դոբռա-դոբռա	3
ազգին	3
տոռղայը	3
մտածը	3
վախեցածեն	3
թոռըդ	3
պռավա	3
դիպլոմին	3
դիպլոմով	3
վաստակ	3
քովերս	3
գըռնակը	3
կաշդալու	3
մոդե	3
գզդռվելու	3
հանա-հանա	3
էլլածին	3
մեքադը	3
ալայս	3
անելը	3
գուտին	3
դիմացս	3
փոխեցին	3
ռեգիստռացի	3
ցուցունելեն	3
էշթան	3
գայնեցավ	3
մեչքին	3
լուկիչ	3
սայալ	3
ախչիկս	3
չեշիթ	3
չիմացանք	3
բանդ	3
ադենը	3
զակոնը	3
պռոտոկոլը	3
յուռիստի	3
տուներդ	3
կհարցունե	3
էկածիս	3
բաժնվեցան	3
էրիկն	3
գուզե	3
գտավ	3
դոկտոռ	3
ձանդըռ	3
ջանիկս	3
կնկանդ	3
գողի	3
էրիկ	3
բողոզեն	3
խաբահատը	3
ծանդռած	3
սուդյային	3
սաթայելը	3
չուվանին	3
խեվցունում	3
հոժարվեցավ	3
բարդըկել	3
սերով-սեղանով	3
անբախտ	3
2017	3
ազնիվ	3
մենկայի	3
զարթար	3
ծեծելու	3
զարթարն	3
ֆալին	3
փռից	3
от	3
կկանչին	3
փաթտված	3
խուչախ	3
եղելություն	3
պատմությունս	3
տառասիչը	3
սյոմքային	3
հերիք	3
ֆեռմա	3
օշթախը	3
տառասիչին	3
գարկվեցան	3
կապրեին	3
դիժարութիններով	3
անելով	3
բալաչաղաները	3
բալաչաղան	3
ընտանիքներ	3
ասացվածքը	3
կոբռան	3
կիռիլիչը	3
քենդ	3
հասար	3
վաստակս	3
տեղս	3
աչքերս	3
վաճեն	3
ջրելեն	3
խռմախները	3
ծարի	3
կվազե	3
նեմսեները	3
օֆիցեռը	3
գանկատվել	3
տոկ	3
քշից	3
չարութին	3
սիգառեն	3
չվառեցի	3
վառեցի	3
իննադ	3
առողջութինի	3
կռեվ-շամաթայի	3
կլային	3
2015	3
կոխածի	3
ճապուտե	3
կբաշլային	3
միլիցներուն	3
զայավիտ	3
պոստերը	3
նոմեռով	3
օշթախին	3
աչքերդ	3
սարսափելի	3
անօրվան	3
սհաթ	3
կածակ	3
ղուկաս	3
հասակի	3
վիմը	3
մըյմըզին	3
մըյմըզ	3
մըյմըզը	3
ալյոշան	3
ալյոշային	3
լծել	3
բռիգադ	3
քշե	3
բուռունկս	3
լուծի	3
մոյսայի	3
աչառներ	3
հասկնան	3
քալել	3
ազնիվը	3
աչառներով	3
սուռիկ	3
վերչացած	3
տռնավուճով	3
թաբլելու	3
խոշտելը	3
թոռս	3
նայվելու	3
օշտախները	3
մամադ	3
մոկոշն	3
մոկոշ	3
շկաֆին	3
չափերդ	3
հայկոյին	3
գիտցիք	3
մացյային	3
դա…	3
միկիտը	3
գալին	3
թոթելեն	3
մուճկա	3
հացերը	3
իննադը	3
քիրման	3
դայիս	3
բառարան	3
փոքրատառ	3
կուլտուռան	3
նասիբը	3
տրաձ	3
դագն	3
փիլաֆը	3
վդեխ	3
գինմաշտու	3
զերե	3
խոփխա	3
դղին	3
կդնելու	3
ջագադին	3
բուրունջուքին	3
բուռնույին	3
батарея	3
պոլկան	3
շիդագ	3
էգաձը	3
տըպ	3
անիսենը	3
գայիս	3
խութուռի	3
սրփելեն	3
էրգաթի	3
ծեռկեն	3
դաբրա	3
կնածաձ	3
ավլախ	3
գելլե	3
մեմեգ	3
ջուհա	3
ոտկս	3
ասաձը	3
գիրագի	3
քըսե	3
լամնը	3
ձարեն	3
օրենե	3
աղեգութինդ	3
գինմաշտս	3
էղաձը	3
գայնիլ	3
կնաց	3
հաքաձ	3
խաշըխ-բերեքը	3
ծեռկերը	3
ծմեռը	3
գարջ	3
вперед	3
ուդելու	3
չեթեն	3
դուվիլ	3
խոլթուխներուն	3
հանաձ	3
խաղա	3
անբեսենը	3
մաշտուն	3
հրեղեն	3
վոլգա»-յին	3
վերցունու	3
ձովին	3
կըտնե	3
ճուրին	3
ընգավ	3
խո	3
սիրդս	3
գուրունգով	3
խոնջով	3
գոջագով	3
ձունգեն	3
ճիկար	3
տածա	3
առադուն	3
մաշտիք	3
կնելու	3
յափիյի	3
պածից	3
գովին	3
հայգան	3
մորքուրմայիս	3
մորքուրմաս	3
գաբաձ	3
լանք	3
նստաձ	3
չոխտանե	3
փադ	3
չեթի	3
էգաք	3
գէլլե	3
հերսոդաձ	3
խադայիգ	3
քըխմին	3
գլան	3
գլար	3
երգու	3
մախսումս	3
ժամանագին	3
մառոժին	3
սոխը	3
քիթը	3
մնացաձ	3
ֆելիետոն	3
գոպճագը	3
ճըկ	3
դեսաձ	3
մեգալ	3
16	3
դարիին	3
էրգուսն	3
բիդա	3
17	3
գհարցունու	3
կորձը	3
մեձային	3
տիրածինին	3
սեպեռատըռ	3
կլոխ-դոդոխ	3
քսիմ	3
ասաձին	3
симпотично	3
բիդլա	3
կիրկին	3
դաբաղան	3
մուճկայե	3
տիրածին	3
բինդ	3
ուդիք	3
էրաձ	3
գալետ	3
դունէրուն	3
շդէ	3
մարթ	3
ասէլու	3
վօրին	3
փօռթիթ	3
մէնք	3
տեսնէ	3
ասից	3
տէսնէ	3
ճանըս	3
կէլլէ	3
կուրը	3
կէրթամ	3
մէջը	3
փորէ	3
աչքէրը	3
թէզ	3
փադօբնըյ	3
նէուժէլի	3
քանէչնօ	3
փասթուփիթ	3
գասփադա	3
օբշչիյ	3
էգէր	3
վայրի	3
կլօխ	3
մէյդան	3
սէմթը	3
կօրձը	3
քէֆէ	3
դվից	3
առչէվ	3
ցափէթին	3
հէլպէթ	3
իսէ	3
ցանքութին	3
հակոբ	2
դասարանին	2
շենություն	2
խամութի	2
ճանփա	2
գասպար	2
խաթուն	2
ուզացին	2
մաշիններեն	2
ժիգուլի	2
հայլիյի	2
բացվեցան	2
խանութ	2
շենացան	2
տները	2
հոսում	2
վարքով	2
դառնան	2
վայլած	2
պատիվին	2
մոյրը	2
մեծցավ	2
մոռցած	2
մայրը	2
անվերջ	2
բառգած	2
գոթը	2
աղջիկ	2
ծնողներ	2
երբեք	2
հայրիկ	2
քիֆիրներ	2
հարսնվորը	2
ապշած	2
քաջըե	2
չալե	2
կատղեցավ	2
շամաթա-հալեքեթ	2
ժրչվեցավ	2
կատղած	2
ֆալջի	2
հասած	2
մաթախին	2
իլինքցուց	2
խաչենին	2
ալաջա	2
մահալա	2
տըներ	2
դիբոնջին	2
խելքերուն	2
ավուջով	2
քոբուրմիշ	2
կպատմեր	2
պալիկ	2
լեզուտ	2
կրակը	2
հոյրս	2
պատկերին	2
մտքով	2
երանի	2
թոռներին	2
գազան	2
ինչու	2
մնացիր	2
թարմ	2
փռել	2
լուռ	2
մահ	2
քարացած	2
ծաղիկներ	2
հող	2
ոտքերին	2
փռեցի	2
հանկարծ	2
այնտեղ	2
որդիներին	2
պատերազմին	2
նրանից	2
ազատ	2
վառ	2
պատմելով	2
համառ	2
կրկին	2
30-ամյակի	2
ծնկեչոք	2
մատաղ	2
լսում	2
հոգնածով	2
հեյ	2
կորաք	2
գիշերվա	2
գեղերուս	2
կոկոն	2
վարդը	2
հայտնից	2
ինքսա	2
ջհեզ	2
համանա	2
պաղ	2
կանանչին	2
կնըստեյինք	2
նավոզ	2
ֆոտն	2
տառնալ	2
ոթողներուն	2
պատիժ	2
հորաքույր	2
եկար	2
նվիրելու	2
մենակ	2
տանում	2
ամուսինը	2
բանակ	2
դաշտում	2
դարձար	2
անցար	2
կյանքտ	2
նվիրել	2
լինենք	2
շախան	2
խոշտը	2
առնելեն	2
ցափե	2
շախաներուն	2
կեշուտին	2
պոյեզդի	2
ալայըտ	2
նիսթացի	2
խըզմիշ	2
պագլայով	2
պետռիկը	2
խորունկ	2
ձգից	2
խռլդեմիշ	2
կասիմնը	2
վրադ	2
սըհաթին	2
չորսն	2
անելես	2
չորսեն	2
գըբաշլայիմ	2
տեղեդ	2
ծեծելեն	2
խապռիյին	2
խափեցիր	2
ստանցին	2
չիգար	2
չիգա	2
ողորմի	2
լուկյանն	2
շալթըրին	2
ավտոբուսին	2
կընչնին	2
գռուզչիկ	2
սարգիսին	2
քշելըմ	2
քըցատկե	2
լուկյան	2
մեյնակն	2
քըփախտա	2
կպատմե	2
թաթյոսն	2
հեռուցան	2
սոխռացն	2
հորսակվան	2
սուս-փուս	2
կծեծին	2
կըծեծին	2
էղողը	2
տեսնըված	2
տունըդ	2
էտևներեն	2
խաթըմ	2
գործն	2
ծախե	2
գլոխներուս	2
ջարեն	2
դոշակը	2
դոշագը	2
ողջը	2
ալայըդ	2
կերիլ	2
կերածին	2
հիվանդը	2
քեսեքը	2
բազը	2
խոթելու	2
միսով	2
կուտիմ	2
կըպռնե	2
էտևետ	2
բեթեր	2
միսին	2
չոլն	2
դիլիմ-դիլիմ	2
կըկապե	2
մռմռալեն	2
կռնակին	2
մատերով	2
դըմ-դըմը	2
մարսի	2
ցաթկեցավ	2
շապիկ	2
օչեռետի	2
կըպատմեր	2
էրկուսի	2
կալաջիյին	2
ահեստե	2
դռլանգ	2
ոչինչ	2
մարմինով	2
անկաջները	2
ասեղով	2
եգոռիչ	2
կալաջին	2
թավային	2
սոխ	2
դուսեն	2
գոզի	2
ֆոտը	2
տիրացինիս	2
վերցունելու	2
անալիզի	2
շիշայով	2
ձըմեռը	2
հռշման	2
էրկուսըտ	2
ֆոլթա	2
կըմուտնում	2
կտորըմ	2
փաթտեցի	2
օղունկի	2
խային	2
տանակով	2
կըտռածի	2
կըկտռե	2
յատմայի	2
կըտոր	2
խրկած	2
չանել	2
խոշտող	2
չհամբերեցա	2
առփաչըխ	2
սմենի	2
հասկըցան	2
փակեցին	2
խալաթը	2
կուլեր	2
ծանդըռած	2
պերածները	2
մարկոսը	2
էշտար	2
գոկտե	2
բաղդասար	2
ժամանակներըս	2
ծանտըռ	2
ըյնենը	2
հալի	2
հացին	2
հասներ	2
ընկածը	2
մառտ	2
սոխախներեն	2
կըվազին	2
տեղերն	2
պածըռ	2
մեչերու	2
հազալեն	2
լյուքերուն	2
տառցածը	2
ենը	2
պըռնիլ	2
օրենք-դատաստան	2
լըսելու	2
անկաջե	2
կանցունուն	2
կիտնամ	2
անքաղաքավարությունը	2
նիսվիտա	2
ունեյինք	2
մոտկըցանք	2
վըրաներըս	2
ապրելը	2
մարմինը	2
օգտակար	2
օգոստոսի	2
կգոյացունունք	2
հասկընալ	2
թուլայի	2
զավոդին	2
դեվթեր	2
ժրչեցին	2
կնըստեր	2
բարապ	2
տոնի	2
չեղածին	2
ղրիմ	2
չոլերու	2
գլոխիտ	2
կըվերնա	2
կայնեցեք	2
գաղտնիքը	2
նոր-նոր	2
քըխաղար	2
սեղաններուն	2
զակուսկի	2
զակուսկան	2
ճամփեցին	2
դեմերուս	2
ժողդելեն	2
կըբերեյին	2
կհասնին	2
մելքոնն	2
տրաշ	2
կուտիս	2
կասիսնը	2
կընացածըս	2
խաշըխ	2
փոխվեցավ	2
մեկչիմեն	2
բաշխըշը	2
առած-չառած	2
բարեկամներուն	2
շարվեցան	2
նշանվածին	2
հարսն	2
լըմանած	2
էշտանքին	2
կըբառկին	2
մինչի	2
տիմանա	2
իրիկունը	2
դռոգ	2
կեսակատար	2
ջըհեզը	2
ստոլը	2
բիանա	2
հայտըցեք	2
նըստեք	2
շարունակինք	2
չարինք	2
գընացինք	2
հայկը	2
ծերանա	2
դուռերըս	2
հայլին	2
կիդիսկենը	2
սուրըս	2
էրածը	2
ետկի	2
ապտեկ	2
աչքերուս	2
աչքըտ	2
ուտելու-խմելու	2
որըս	2
իմպոռտնըյ	2
նազառիչին	2
կռասնըյ	2
կռիմ	2
կոպճակով	2
նազառիչը	2
քշելը	2
չիլամ	2
մըտիր	2
ցըքել	2
քեֆով	2
կանցունում	2
կըլանք	2
նիկոլայը	2
ծարով	2
կերվա	2
ոտքերըս	2
էլլածները	2
իմացիք	2
պըլ-պուղի	2
պիեսայի	2
ներկայացումից	2
մարտիրոսի	2
կըպահեր	2
սըրայով	2
աղտոտ	2
ջուրերն	2
յանկային	2
մըտար	2
անհարկիյին	2
լվացքներուն	2
լվացք	2
ոթիլ	2
արուն	2
լըվացքին	2
լվացքին	2
կախիլ	2
կըլմանե	2
սատեղեն	2
կանցունեյի	2
կալոշները	2
ջամփու	2
բուզ	2
գըյնե	2
փոխված	2
փչից	2
չանինք	2
զարդար	2
26	2
ռազմաճակատ	2
քախցածից	2
աշխատող	2
ընդամենը	2
ուկրանյա	2
վաստակի	2
հետևից	2
ծխոտ	2
դնում	2
հագնում	2
կիլոմետր	2
խապրի	2
վերադառնում	2
հասնում	2
ոտքերի	2
բշտիկներ	2
դժվարությամբ	2
ցորենը	2
5-6	2
ոջիլ	2
ցուրտին	2
եկանք	2
կովերը	2
հեռվի	2
հաճախ	2
օգնում	2
փողոց	2
կովերին	2
այնտեղի	2
խոռվա	2
տեղերում	2
դաշտերից	2
անում	2
լծած	2
հնձված	2
հացահատիկ	2
գործում	2
բարձում	2
տղամարդիք	2
դեռ	2
առաջավոր	2
չվերադարձան	2
հորաքույրը	2
մահացավ	2
տանը	2
դպրոցից	2
ապրում	2
օգնության	2
քաշեց	2
այո	2
զենկինին	2
խիղճը	2
գրածը	2
ցուցուցի	2
գրածին	2
կըրվածը	2
դիժարութիններե	2
անցյալը	2
մամաներուս	2
քախցածութինը	2
անխիղճ	2
ալուրի	2
քենըտ	2
զենկիններեն	2
բանկայով	2
կըկայնեյինք	2
կալիտկային	2
փոխից	2
պապան	2
բրիգադիր	2
բարչային	2
բուկառին	2
չուվալա	2
ցորեն	2
կոռոպը	2
ամառ	2
մեչքեն	2
էրվելի	2
կըջաշնաս	2
ինքերըդ	2
խոզն	2
ձիյարբայով	2
հոքիյով	2
ավլած	2
թոզը	2
մեխքընա	2
զենկընա	2
գաղութից	2
թ.թ	2
պատմվածքով	2
զբաղվել	2
գյուղերի	2
գործիքները	2
սաբանե	2
ասիլին	2
թաթարներեն	2
սաբան	2
գոթերը	2
բուկառներ	2
փատով	2
վարելներեն	2
ցանը	2
փռելեն	2
օրախե	2
քուլթա	2
կապիլ	2
չըգալսըված	2
գերմանյայեն	2
էտևե	2
զավոդեն	2
գալսը	2
հարմանի	2
գալի	2
տապտայելու	2
տապտայելեն	2
լուսու	2
էշտը	2
չարաններուն	2
վերչանար	2
պառովիկը	2
քըքաշեյին	2
ուտելուն	2
ամբար	2
փայերը	2
ուռուները	2
բահելու	2
կապելու	2
բերանով	2
լծելու	2
մոյսա	2
լուծ	2
վիզի	2
փատերով	2
նեսի	2
չոմաչաներ	2
քալած	2
խաթալախ	2
դռաբինե	2
բռիչկա	2
կամըրնան	2
արբան	2
օրախ	2
թեմուսցունելու	2
գործիք	2
չուվաններով	2
մաղերը	2
11	2
քոշաներով	2
չգալսված	2
տեխնիկան	2
նատի	2
չտզ	2
տռնավուճ	2
պատմածներով	2
քանիսն	2
աստղ	2
ռ	2
հայտնել	2
անմիտք	2
հանդիպեցա	2
փիրափ	2
մեչինները	2
բանամ	2
կիդնամ	2
հայասեր	2
չուզեցածներուն	2
խելքերը	2
կըտորմ	2
սպռավկա	2
կազատինք	2
անգլերենը	2
խնդրից	2
վաժպետներեն	2
չիլանը	2
սալթե	2
նըստիլ	2
քուռչ	2
ծիֆռա	2
կապերը	2
հարցին	2
ծնողներին	2
պատվի	2
գիրը	2
հայը	2
անբախտություն	2
հուշերը	2
դպրոցներ	2
ծխական	2
կրոնական	2
4-դասարան	2
ամենափրկիչ	2
ջրհորներ	2
իշխանության	2
կոչվել	2
հիշում	2
հաճախում	2
պայուսակ	2
ունեցողները	2
էյին	2
կախելու	2
պայուսակներ	2
լաթե	2
դոբրակի	2
ուղիղ	2
տեղերով	2
նստում	2
ամրացված	2
փայտե	2
գունդ	2
աշակերտներին	2
խողովակի	2
օգտվել	2
մեջը	2
թուխտի	2
ունեցողներ	2
4-րդ	2
2-րդ	2
թվեմ	2
գնահատականները	2
թվանշաններով	2
գերազանց	2
լավե	2
վատե	2
ուսումնական	2
վերջում	2
եթե	2
վատ	2
գնահատական	2
ունենար	2
ստուգում	2
աշնանը	2
ուսուցիչը	2
դասղեկները	2
ոք	2
միջանցքում	2
բակ	2
մոտով	2
ուժեղ	2
գերմանները	2
մասի	2
յոթամյա	2
թվականի	2
օրից	2
քշեցին	2
բանալ	2
տվին	2
դաժան	2
ապտակներ	2
քաշում	2
նրանցից	2
վազածի	2
շարունակում	2
միջնագարկ	2
ցուրտեր	2
լավ	2
չկար	2
ծուխը	2
լցվում	2
դատարկ	2
քարտաշյան	2
շահինյան	2
դասավանդումը	2
հայերենը	2
ամբողջովին	2
կոլխոզում	2
սկսեց	2
մահացան	2
տրեխներ	2
չառոխներ	2
տրեխները	2
մարդը	2
անվանում	2
ամառվա	2
կարված	2
սայլամայե	2
սպիտակ	2
գույնի	2
հագուստներ	2
սերունդների	2
աղավնի	2
քարտաշյանը	2
փեհլիվանյանը	2
չիթախյանը	2
տեռմալայանը	2
տզխյանը	2
եռմոնե	2
թվականներից	2
չուբարյան	2
դոդոխյան	2
թոփտիում	2
հումորներ	2
պայմանները	2
համեմատել	2
ամենևին	2
աշակերտներից	2
շատերի	2
աշակերտներ	2
այնպիսի	2
օգուտ	2
մարդիքներ	2
համեստ	2
լինեն	2
հերթին	2
դարձնեն	2
թերությունների	2
քեչեջյանին	2
30-ուն	2
ամյակի	2
աշխատանքներիս	2
հավաքել	2
գրողների	2
հաղթանակին	2
ժապավենը	2
կառավարությանը	2
վրայից	2
նվագախումբ	2
երկրորդը	2
ղազարի	2
մոնումենտին	2
ղազարը	2
16-ին	2
կուլտուրայի	2
դաղլդիյան	2
կլառնետ	2
կնոջ	2
կարգերով	2
նվագեց	2
երգեց	2
վարդուհին	2
որտեղ	2
օհանյանի	2
երգը	2
հաջող	2
կհիշի	2
զոհված	2
հանձնեցի	2
նախագահի	2
հարություն	2
քարտուղար	2
մարկար	2
բանջարեղենի	2
խոստացավ	2
այնուհետև	2
վերնագրով	2
заря	2
коммунизма	2
դրանով	2
մեկի	2
տվի	2
հեղինակին	2
մնացածները	2
թիվը	2
անհամբեր	2
կտրեց	2
հնարավորություն	2
արդյոք	2
աշխատանքից	2
9-ի	2
մոռացվել	2
եղբայրները	2
խաչեղբայր	2
ստիպեց	2
հանուն	2
վիշտ	2
բերեց	2
հայրենի	2
գյուղ	2
նկարները	2
դաշտից	2
խնդրում	2
եղբայրը	2
հաղթանակը	2
կլինի	2
հավատացած	2
մայիսին	2
կապույտ	2
սերունդները	2
բաբիյեն	2
հանդիպեցանք	2
վեզիրներուն	2
մեռնին	2
ծիծերը	2
քսելեն	2
ծծելու	2
ըռհատնալու	2
ասլանի	2
կաթով	2
պացռ	2
սարային	2
կտեսնե	2
վեզիրը	2
անկաջներուն	2
չիհասկընա	2
հրամանով	2
ցքեցին	2
թագուհիյին	2
բաբա-մամա	2
մատեն	2
քըփետե	2
թեվեն	2
խաղացած	2
կըմանքան	2
վաժատունեն	2
չաթ	2
կոտռից	2
կըպավ	2
կոտռեցավ	2
ըհ	2
էշտումին	2
օռթնեցի	2
դեղերը	2
իմանանք	2
օղլույին	2
գաբ	2
կընացեք	2
թախմներ	2
չպետք	2
լուգեններ	2
կըպղաք	2
պալիքը	2
սունդուք	2
նը…	2
պատռետը	2
կալաճի	2
կիտնալ	2
շովից	2
արևին	2
էրեր	2
կըռնակեն	2
ասկի	2
մուրատըդ	2
կատարողը	2
քցատկե	2
գնացածին	2
էշտանը	2
քիչը	2
կէրվա	2
էրկվատիս	2
իդավուկն	2
անիսնը	2
ջեպըս	2
նեղի	2
մնաս	2
կըդառնաս	2
խուշ	2
գետնին	2
քեսային	2
ջեպը	2
օրե	2
կընացածները	2
օձը	2
սողալեն	2
թռչելեն	2
չուզիս	2
քալելեն	2
պայման	2
պայմանը	2
չիլասնը	2
տեսնըվել	2
խնամիութինի	2
գլոխներ	2
կըտեսնուս	2
ուլուս	2
կոխե	2
կոխելու	2
ընծայած	2
շլախկ	2
զարնելու	2
մտածովը	2
իրիկու	2
չիժաժեցավ	2
մատնիյին	2
մատնին	2
խմողըս	2
յարչիկին	2
մատի	2
դերվեր	2
պռնեցեք	2
հաղթիլ	2
դեվ	2
ֆոդ	2
կպչի	2
օղլու	2
թելին	2
զորք	2
կուտե	2
չիչակներ	2
պոհոտվեցավ	2
ջուրեն	2
բռնեյին	2
արևմուտքեն	2
կընծայե	2
խունտում	2
պատերազմով	2
գործերըդ	2
կիդեյին	2
ծովին	2
բայթալ	2
կռիշ	2
դեվեր	2
ազատցունելու	2
ըլասնը	2
ճամփատ	2
կռիշին	2
ազատեցան	2
ուտողը	2
ազատցուց	2
տարուքըս	2
թողուց	2
խփից	2
փչելեն	2
նստող	2
կըվառե	2
տասներկուսում	2
թռչուն	2
նստիս	2
մռչում	2
պռնին	2
կոճակը	2
կապիկը	2
զարքին	2
չիտեսնելե	2
սերսեմ	2
աչքերըդ	2
խենջալը	2
հեծան	2
անելիք	2
հալեքեթը	2
քիչեն	2
չկայնելե	2
մնացածին	2
պացեք	2
բեկ	2
կենե-կենե	2
քըփաթտըվե	2
խաղանք	2
պահիլ	2
փառց	2
ձեռքերըս	2
անքամն	2
սիթմիշ	2
արածըդ	2
գլորվելեն	2
ծառի	2
բաջախ-սաջախ	2
կռծելեն	2
չիտեսնու	2
թագավորեն	2
աչքըդ	2
ջեպըդ	2
վըրե	2
սաղը	2
մեծան-բաբին	2
արտասունքները	2
խունդում-ջուխում	2
գանչելու	2
կերան-խմեցին	2
ուռուֆ	2
առակը	2
ժողվելեն	2
կըկենա	2
հալավն	2
քրքրած	2
օնկուզներըս	2
թալայ	2
կոտռել	2
օլնույի	2
մեխկըցավ	2
մուկեր	2
թռչուններ	2
քըխառնե	2
խոսքըս	2
արմընալեն	2
հինգում	2
կապիկն	2
շնորհակալություն	2
էրիկ-կընիկ	2
զարմանալեն	2
հաքիլ	2
խոթիմ	2
տուվածները	2
յալթ	2
մոտը	2
խրկեցին	2
իրկվանը	2
չիհավնեցավ	2
հալավներով	2
առչևը	2
տրին	2
առչովներեն	2
թոզ-դուման	2
յլխըջիները	2
քելլոնինն	2
քթոթե	2
ջամերով	2
ուտին	2
աղաներ	2
հարցուցին	2
մըտիք	2
չարանին	2
պանիս	2
սատկիլ	2
հավատացիլ	2
սուտմեռուկ	2
էղածըտ	2
ըլայիր	2
կըզարնին	2
խարիպին	2
ներին	2
հանդիպում	2
հայաստանի	2
ոտքին	2
կտիր	2
ֆելանին	2
մեկալինն	2
կըհավնե	2
հարուստին	2
հավնած	2
մութը	2
կետինը	2
էգեռը	2
լապասին	2
գելլիս	2
այաղռին	2
ամպեսի	2
աղա-աղա	2
գեցիր	2
չասած	2
ասացնը	2
էշտաք	2
արտուսունք	2
խութուռին	2
կնած	2
ճաշնա	2
ծածկած	2
բաշարիլ	2
էտևն	2
ամոթել	2
ամենքն	2
ծերության	2
չալթըրեն	2
գընայե	2
զոռ	2
փնդռելու	2
չհամբրեցավ	2
չտեսնելե	2
կոտռե	2
թաբլի	2
սալդաթին	2
կուբանսկի	2
կազակ	2
նե	2
իմեյուտ	2
պռավո	2
օնի	2
նաս	2
մըյ	2
վլաստ	2
կիդիսնը	2
հավնեցանք	2
դընել	2
տեսնելա	2
խրիմի	2
մեկերըմը	2
խայմախին	2
միտքետ	2
մուշտակըս	2
կըհավատաս	2
աչառի	2
չեշիտըմ	2
բռունգեն	2
տուվածներուն	2
խեվցած	2
երքեր	2
մականուն	2
դռոգի	2
հակվիթ	2
խալսինք	2
շարքմ	2
իրկվանվան	2
կթելու	2
կանչածը	2
դերն	2
կմեռնիմ	2
կոտոշիտ	2
ըմ	2
թունչը	2
կըդակ	2
թոթից	2
բաբայես	2
էկած-չեկածը	2
բալաներըս	2
կաչա	2
կընիկըս	2
չոլի	2
տոլճոկ	2
շիֆանեռ	2
սյավուկը	2
խառնելու	2
տեղըս	2
ռաբոճի	2
էջիզ	2
աբին	2
բառգինք	2
քաշածը	2
կընեցիր	2
կընե	2
կնըստիմ	2
մսխլ	2
կսիրեր	2
թախմախներ	2
կիմանանը	2
կաղաչե	2
քշող	2
քխնդա	2
տաս	2
մանյան	2
ախպրդոց	2
բաբիներըս	2
մեծաներըս	2
հումորիստներեն	2
նստածով	2
թավա	2
ուտելեն	2
թաբռ	2
իրկվանն	2
սըհաթն	2
բառկիլ	2
մադոս	2
պարիներուն	2
գըբաշլային	2
մըհալան	2
ցանած	2
կալաջիյով	2
սեքսեն	2
ստականը	2
հախերեն	2
դոբռայով	2
թիթունը	2
չորցած	2
դոբռա	2
ռուսերենին	2
գըհարցունե	2
քառսունին	2
սեքսենին	2
գասինա	2
сорок	2
два	2
մեծով	2
չառնու	2
փոքրով	2
գասինք	2
ստականներով	2
ли	2
գլոխներեն	2
էղըլենը	2
էրիկներուն	2
էրամն	2
կապռելն	2
կանիք	2
էրամը	2
մուջեհեթեն	2
պատմությունները	2
հումորիստ	2
չինիյով	2
ավետիք	2
յանկա	2
կնգահարը	2
չանցնի	2
դամբուռ-դումբուռ	2
ժրչըվեցավ	2
հումոր	2
մոսկվա	2
բալաչաղաներուս	2
այախաբիներ	2
մավզոլեյ	2
լենինին	2
կնացինք	2
օճեռետ	2
գայնելու	2
вещи	2
թենեքեյի	2
վեշչիներս	2
սեռուշ	2
վախեցածես	2
էդեվեն	2
վեշչիներըս	2
բարին	2
հեվալը	2
հեքիմներուն	2
գնացիր	2
բերածները	2
կնիժկաներուն	2
1000-ական	2
կնիժկատ	2
նայողն	2
նանոյին	2
չիքաս	2
կնիժկաս	2
պապկան	2
չիհասկըցա	2
միլիցը	2
սհաթեն	2
օչեռետըս	2
չէղավ	2
կնիժկայիտ	2
անունըտ	2
տ	2
խաբահատ	2
ֆոշտ	2
պասպոռտին	2
գրողին	2
հարցուցեք	2
չելլած	2
ունիվեռմագին	2
կըջաշնան	2
мне	2
то	2
я	2
մըտածովը	2
աղեգ	2
պոչտա	2
կըտանիմ	2
վըկա	2
էղածիս	2
անունիս	2
լիստ	2
կարնը	2
նեռվիչիտ	2
քունըս	2
չընայած	2
նառսուդեն	2
նիկողոս-կոլյա	2
մառդի	2
10-ին	2
շարունակից	2
միկիշն	2
սեռյոժան	2
ըլալով	2
քիֆիրներով	2
как	2
ваши	2
берекчиян	2
лет	2
коля	2
փորց	2
свободны	2
ռեշենին	2
էիննը	2
վտեխն	2
իդվուկը	2
կորուցած	2
անելուդ	2
ծեռքով	2
պոչտան	2
բենզինի	2
վախենալու	2
պովեստկայի	2
ջամփաս	2
բահե	2
տուվածըս	2
էգար	2
պարեկամըս	2
ջամփել	2
էկածներուն	2
էմջեյիս	2
նստինք	2
գեշտանք	2
ծեռքեն	2
անցունել	2
պանիրը	2
բիտ	2
խնամիներս	2
խմածը	2
կավատը	2
կուլ	2
տունիդ	2
սոյ	2
պարեկամիս	2
վերչին	2
վերչվան	2
բոզարում	2
շապիկ-պոշտանիկով	2
քեֆերըս	2
չալիս	2
քովերեն	2
պերանեն	2
տրիլիս	2
կլոխները	2
շինըխները	2
կրի	2
առնելը	2
քխառնին	2
չլմանի	2
կունն	2
հառչից	2
հաքվեցանք	2
շիֆանեռեն	2
պեսը	2
դուզենը	2
փորցանքը	2
տեսնեյիր	2
պատմածըս	2
հուռ	2
հալավներըս	2
քովթըս	2
հատա	2
սյատեղեն	2
ուլուն	2
անեիր	2
արածըտ	2
կտնելու	2
գարե	2
փորցանք	2
կնիկներեն	2
կնկանըդ	2
գալաջիներես	2
հեռուցա	2
փորցանքին	2
նամուսով	2
էղիք	2
ձախից	2
աջ	2
ե	2
շ	2
գրական	2
1998	2
պատիվըդ	2
անողներուն	2
հարփածին	2
չալողներեն	2
պալատկայի	2
գերան-խմեցին	2
քովըդ	2
հարփածի	2
հարսնիքըդ	2
խաբահաթ	2
հարփածներուն	2
հուշեր	2
միտքիդ	2
կաշտացի	2
անքաղաքավարի	2
սպտըռած	2
կուտայի	2
հոդեն	2
քչալին	2
ռախիի	2
հերսոդած	2
4-5	2
տիմացըս	2
մեմեն	2
զարգ	2
քաջութին	2
գրե	2
խեվութիններ	2
տպվեցավ	2
գապռելին	2
ուռեցավ	2
վիզես	2
գապռել	2
խատայիկ	2
քըհարցունում	2
խոլթուխեն	2
էլլածի	2
կազատիս	2
ֆինտեր	2
պերիս	2
խեղճ	2
վերչացունելու	2
տեմերըս	2
պահից	2
պահածը	2
կըպահե	2
քըխմիմ	2
փեշիտ	2
կըտնելու	2
մեթե	2
փաթլիջանով	2
թուռշի	2
թեվերըս	2
կուլում	2
փաթլիջանին	2
զակուսիտ	2
ըշտահով	2
ժամանակեն	2
մաղազիյեն	2
թուռշիյի	2
քսել	2
օ՝ֆ	2
կըզարնե	2
թուլ	2
մնացածը	2
սիրտցավունքի	2
ծերանալետ	2
օչեռեդըս	2
փաթռ-քութուռ	2
մըհալայի	2
տախմախները	2
մթնածին	2
կառպոն	2
ծանի	2
պարևըս	2
չէնը	2
չորցուցած	2
սողոմոնին	2
չտուվից	2
ռոժդենիյին	2
թեքը	2
յոռայինց	2
թեքն	2
կուդաս	2
վալենքիներ	2
կույա	2
հոքին	2
պերածը	2
ծար	2
բառաբան	2
ծեծող	2
չենե…	2
էրվընցավ	2
պոզդռավլենի	2
շենացանք	2
чтобы	2
было	2
տելեվիզոռը	2
степь	2
да	2
հոքաները	2
առածը	2
շախայինն	2
հրաշքներ	2
եդվարդը	2
եդվարդին	2
ալուրին	2
ուրեմն	2
պառցա	2
աղալու	2
կովշը	2
փոխել	2
հոքիյին	2
օչեռետը	2
վախենա	2
ալուրով	2
կոռոպեն	2
բաշարած	2
էփելու	2
աբրանքս	2
կըդավ	2
քաշը	2
հարցունելով	2
թեզաք	2
գոխած	2
գայանը	2
կարելու	2
բամբակը	2
բամբակ	2
такой	2
քշկորին	2
вата	2
վախտը	2
տուռն	2
չանային	2
կանցըներ	2
ֆեռմայեն	2
վեզանկա	2
քըքսե	2
կըրակ	2
կըռնակը	2
վառելու	2
քախցածեն	2
ցորեկ	2
պանալու	2
գագող	2
խալամբաշ	2
քխաղար	2
էդեվես	2
լըսեցի	2
խելքե	2
գըռնագի	2
ֆառըլդեմիշ	2
նաշխերով	2
նաշխած	2
դըռոգին	2
բռուսոք	2
կիմանանք	2
չոր	2
հոժարվեցանք	2
կիքոն	2
պռոպկա	2
պացող	2
խըթեն	2
անեյին	2
կերանք-խմեցինք	2
չիմջաշնա	2
էնքսան	2
չիջանցող	2
ռուբաշկիյին	2
փեշն	2
վարտիքին	2
խմելն	2
չիպճիկն	2
չիպճիկի	2
չիջանցըցար	2
քխըմեր	2
վեռմուտ	2
հասկըցունում	2
հասկընամ	2
աս-ան	2
վըտռեզվիտել	2
էսըս	2
չիլայի	2
պառախոդ	2
բռիլը	2
բըռիլ	2
կայնողին	2
մասխարա	2
հաքնող	2
անկի	2
գեղերու	2
գոլովաները	2
սալխընին	2
բոյն	2
նաչալստվա	2
քըխնդան	2
հենդեքը	2
կանավը	2
բռիլն	2
հա-անա	2
գեղն	2
պապկային	2
քալելը	2
քխնդանք	2
ջամփեցինք	2
աստըղին	2
լեչիտ	2
պաշտի	2
սաբախտվան	2
հիվընդցիլ	2
սաթենիկին	2
քուրը	2
սեստռաներուն	2
տունա	2
էկիլիմ	2
ձանն	2
կըպառկեցունուն	2
սալացիկ	2
նիսթացիկ	2
բարեկամները	2
սալացիկը	2
թվականները	2
արբաներով	2
լինյան	2
գըռնագըս	2
ջանցըցա	2
համբարձումը	2
ռադիոուզել	2
ռադիոուզելը	2
առտյոմը	2
տռակտոռիստներ	2
գալաջիներով	2
հանդիպելու	2
ուբոռկայի	2
զավգառը	2
գռուշչիկ	2
գըլաս	2
գռուզշչիկ	2
սալացոցը	2
ժամերը	2
կուլեյին	2
ռուբեն	2
ֆեռմայի	2
բազերուն	2
խոզեր	2
так	2
տելեֆոնով	2
ինկուբատոռեն	2
ճիպճա	2
կառնեյին	2
կոլխոզները	2
ցուրտերուն	2
սուտկայեն	2
ճիպճաներըդ	2
առնու	2
տռուբկային	2
գեր	2
լըսի	2
ավեր	2
կոլխոզներեն	2
առաններուն	2
դրությունները	2
նիսթայի	2
խըրկե	2
գուգա	2
անցիք	2
շոֆեռն	2
պոդյոմ	2
փաթտըված	2
էղածներեն	2
առխան	2
ձըքած	2
փորերուն	2
բուռմիշ	2
мы	2
բերբերին	2
նեստիյեն	2
ազատե	2
լըսել	2
դոնին	2
խուռմիշ	2
գընացին	2
կըպահինք	2
վայլե	2
հյուրասեր	2
նային	2
օռթնելով	2
առողջ	2
մաքուր	2
հեռացար	2
հուշարձանիդ	2
խոսքերն	2
հռիփսիմե	2
համարձակ	2
հոգում	2
կյանքիդ	2
նվեր	2
ուզեցածով	2
ծնված	2
ցանկությունդ	2
սորվեցուր	2
էտեվետ	2
12	2
կասսերը	2
շարվածին	2
բերինք	2
գնինք	2
պենսիյին	2
հասնինք	2
կլսինք	2
գիդնալա	2
լաս	2
չիգիդցած	2
ջաշնան	2
խաչեխպարը	2
շարունակելու	2
սորվեցած	2
ընդունակություն	2
խառկովի	2
շուշանիկ	2
լեվոնը	2
թամարան	2
դառձավ	2
տախտակե	2
թուլան	2
կամենշչիկ	2
վորին	2
խաչիկը	2
չալթրում	2
5-հատ	2
նկարը	2
մարկոս	2
к	2
ձի	2
պոճտա	2
տանող	2
ծերին	2
միլից	2
ֆոռմայով	2
գուշտես	2
հեծած	2
պաշտոնի	2
դնել	2
դնին	2
հասկացար	2
անուննա	2
եսալ	2
կինմաշդնա	2
ադգից	2
առաջվան	2
թախմախըս	2
պաշտոնով	2
ունեցածներդ	2
պատմվածքներ	2
գարաղի	2
տարուքին	2
քագոռ	2
անպակաս	2
տարեկաններ	2
հասակով	2
կայնեցուցի	2
լուսեղենին	2
կենան	2
էրկվատը	2
խոթած	2
սասանե	2
սաքանը	2
կոկտե	2
ուժին	2
ուտելիքներ	2
կըռնակըս	2
էմտեյեսին	2
հոդի	2
ջամփեն	2
մեկնեցանք	2
ռոստովին	2
տավ	2
մեկուց	2
պատահե	2
զայեր…	2
գոռոդոք	2
դրության	2
էշթալուներըս	2
սելմաշ	2
11-ում	2
տռամվային	2
կուտռուկ	2
առմի	2
գտիք	2
հովհանեսի	2
մորքուրինքս	2
չորսատ	2
գարկեցին	2
չորսին	2
միչեվ	2
կունենար	2
պարտին	2
ուզենար	2
մարերը	2
կնիկները	2
ֆռոնտի	2
մորքուրիս	2
21	2
կույզ	2
կոշիկներ	2
թանդռ	2
կզարնին	2
դեմերը	2
դողալու	2
դըքալեն	2
դռոկը	2
կինմաշդնալ	2
նոմեռները	2
կինմաշդիքն	2
30-40	2
ջանփաները	2
չամուռ	2
բաթած	2
ցորեկին	2
կնոջս	2
14	2
օգնել	2
2012թ	2
կիտին	2
միությանի	2
խանթեմերյանը	2
չեմպիոն	2
ասվատուրի	2
զալը	2
լուսպարոնին	2
կուռաշ	2
ըլալերեն	2
սոյուզի	2
ռոստովը	2
բառ	2
ցուցանք	2
կուզենան	2
կըծալե	2
դընե	2
էրկուսին	2
ներողութին	2
չորվախները	2
ադոնց	2
շտուկատուռ	2
աչքեն	2
դերային	2
վազին	2
թուլայե	2
աշլովներեն	2
կուգային	2
կաթերն	2
անոնց	2
ղրիմեն	2
խոշթիլին	2
չոսքովնա	2
հիմնվելու	2
տեսքով	2
պատերուն	2
լային	2
նայեին	2
իրկվանները	2
նայեյին	2
հավնածները	2
վերանորոգվեց	2
չորվախն	2
բայերուն	2
խոշտողը	2
տռուբայով	2
գեղեցիկ	2
համեմատ	2
կվազեր	2
ատոր	2
ծածկվեցավ	2
պահպանել	2
հեռու-հեռու	2
երգ	2
թվենք	2
բաբախյանը	2
խոչկիյանը	2
բառլավուխյանը	2
զախառովիչ	2
սավկովը	2
հովհանես	2
վոլոդյա	2
մկրտիչի	2
ելույթներ	2
փառանցեմ	2
տանգլուխյանը	2
չուբարյանը	2
թոփալ	2
երգիչներին	2
կապրել	2
ցանկալի	2
ցուցակը	2
ունեն	2
ձայն	2
անծանոթ	2
անհարմար	2
երիտասարդությունը	2
միթե	2
հարկ	2
հաճելի	2
անհասկանալի	2
լեզուներով	2
չհիշել	2
նվագում	2
դուրալի	2
նվագող	2
ղեկավարները	2
կամքով	2
անցել	2
ներեցեք	2
նյութը	2
աղացվիլ	2
օլդըռվիլին	2
շալթրին	2
էլեկտռոմոտոռով	2
մեքատն	2
հռոմեն	2
հոռոմ	2
նկարում	2
սորվեցուցիլ	2
հառոտը	2
կոլխոզնիկները	2
փորած	2
հինգումն	2
խոշթեցին	2
տերերը	2
կոնտոռ	2
կենար	2
ջամփուն	2
փախան	2
վալծովները	2
խոշտըված	2
զապասնոյ	2
կաչեյին	2
կըմեխկընամ	2
տիզգուն	2
ապկար	2
կուգար	2
պանե	2
վաստըկե	2
վերչը-վերչով	2
կեսեն	2
վառեր	2
ջամերուն	2
մուխ	2
տեսիր	2
պեսներուն	2
կըտիր	2
աննոռմալ	2
կըգընե	2
օշթախներուն	2
կըգնին	2
խամութներ	2
սուքիաս	2
ազատեցա	2
աճափ	2
վերուր	2
ջանցըցող	2
հիշի	2
ջամփուս	2
պոչտայի	2
ջեբըդ	2
սորվեցունեյին	2
խաբերը	2
մախառիչն	2
խմողներեն	2
տղոց	2
մախառիչին	2
իդայե	2
մաշդոցմեն	2
2011թ	2
գոլովա	2
ռուսները	2
դաք	2
կարե	2
այախաբիները	2
ստոպկա	2
մանդռ-մունդուռ	2
сто	2
կըմեխկընան	2
գրիգորը	2
քսիրե	2
մեզնա	2
կըտնին	2
կաշխատին	2
վաստըկին	2
ազգանունը	2
քոք	2
կուգուտնուն	2
օվանեսին	2
կաշխատե	2
բալաչաղաներ	2
հոժարութինով	2
դիվանին	2
թաբըռ	2
վերցան	2
ուշադիր	2
տեղերե	2
ստանցի	2
օմուզներուս	2
կեշտայինք	2
ծախված	2
շիշաներով	2
գռանթեն	2
խըմե	2
չիտիք	2
ծեծածին	2
մուզեյ	2
գրից	2
չալելույին	2
քըչալինք	2
ասածովը	2
ծախիս	2
փենջերեյի	2
պիր	2
նեուդոբնըյ	2
խասեվեթի	2
վայլի	2
աղչիկի	2
դաղլդի	2
վարքիս	2
կապվեցավ	2
գնող	2
տիկրանը	2
չիքանը	2
գըռնակըս	2
դայի	2
վըդեյեն	2
մուզեյը	2
չտեսա	2
միյամիտ	2
չալածներըս	2
պատմածները	2
չալինք	2
շալթըրը	2
ալ…	2
իդտեղը	2
արավ…	2
սամալյոտով	2
թռչելու	2
կմ	2
բարբար	2
նաչալնիկ	2
մեխքերը	2
գիմն	2
մոսկվայեն	2
քերոփը	2
տեղա	2
թախմները	2
բեջերելու	2
սեմթն	2
աէռոպոռտ	2
տեյին	2
ունեցողներուն	2
գոտիներս	2
մուզիկանտ	2
խելքովըս	2
լաք	2
լյոտչիկները	2
կակող	2
խոլոդեց	2
շտահ	2
մեկ-էրկվատմ	2
անցնի	2
ցըքած	2
9-հատ	2
ռեստոռան	2
հալավով	2
անքման	2
հարամոսում	2
հաքուցինք	2
չորս-հինգ	2
լիֆտով	2
չունեյի	2
150	2
լուսացուցինք	2
ազգականները	2
գոյություն	2
մարտիրոսը	2
տարիներով	2
ախչիկանն	2
քցատկին	2
նախագահն	2
կեշթայինք	2
մոռնալ	2
ֆեռման	2
խառավուլի	2
հավներ	2
փետած	2
կանտոռը	2
շկիլլեմիշ	2
բանողներուն	2
հալավըս	2
խնդրելու	2
դընիք	2
չառնելե	2
մեծերն	2
հախերուն	2
թարաֆը	2
դակ	2
կըլըզե	2
մատով	2
քակած	2
վերչացիլ	2
օսկոռով	2
հիվանդանոց	2
ատռավիտ	2
կարոտ-կարոտ	2
դիմանալու	2
գենեյա	2
ջարերը	2
դուռ-դիրացինե	2
մաշդումե	2
իմիսնա	2
բալոնով	2
տղայա	2
ասիլե	2
չոյին	2
կանցունե	2
խնդացի	2
կատույին	2
շենացավ	2
մոտկընա	2
յանաշաս	2
գընացիլ	2
բաբիներուն	2
պակսած	2
պենսիները	2
դիմացները	2
պենսին	2
խաթն	2
թուղթով	2
վառելիքի	2
ասածիդ	2
մուխայիթ	2
ծակը	2
թափած	2
մոշթել	2
աշ	2
գոլդաներուն	2
խնդացեք	2
ընկածին	2
չըյնի	2
հաքուցի	2
ոտքեր	2
մինքա	2
սոլի	2
սաղի	2
մայբալըխին	2
լետըռը	2
մայբալըխը	2
կըգընին	2
վրաներս	2
ասողներ	2
այիմ-բեյիմ	2
կվազիմ	2
տռուսիկները	2
անա	2
հարցեն	2
օտդելը	2
էրիմաշդ	2
գուն	2
համայաք	2
դիրացինին	2
կուլեյի	2
կմուտնեյի	2
դուսի	2
խնդան	2
խաբելույին	2
կըվորոշին	2
նայ	2
սելսովետը	2
եգոռիչն	2
լծե	2
հավատացի	2
մեռնիս	2
կուզենար	2
վառածը	2
վառիմ	2
օչխարներուն	2
չոբանն	2
խաբել	2
օչխարը	2
չոբանը	2
մըկրին	2
մըկրի	2
կայնել	2
կայնողներուն	2
քխաղա	2
կորցունե	2
փնտռե	2
չտեսնելու	2
լուգենը	2
աղպրտիքը	2
եմիշներ	2
տեսնուն	2
կտեսնուն	2
կոլտռվե	2
ծակող	2
հարսնառի	2
հարսնառ	2
վառատան	2
փոր	2
բացեք	2
շամաթայի	2
էլլինք	2
տարիյին	2
կուզենանք	2
արշալույսն	2
ստակներդ	2
խասեվեթը	2
կայնիմ	2
մոդ	2
բարձերը	2
քեներ	2
մաշդիքները	2
թեփոտին	2
հիշողություններ	2
պոլիկլինիկա	2
բարեկամներուս	2
կապասյային	2
խատլամաջիյին	2
կապասյա	2
թախմախը	2
կասպար	2
քալի	2
նոմային	2
դանյել	2
բաբիներեն	2
գայնեցուց	2
օտկռիտկա	2
աշակին	2
տետռակին	2
3-ում	2
մուտնունք	2
հարցունունք	2
օտկռիտկաները	2
ստակներ	2
կանչած	2
քփախտա	2
չիտիմ…	2
զավադիթ	2
շայբա	2
քրքրելու	2
մեդոմը	2
դոմինո	2
քըցավի	2
ցավով	2
խըմի	2
վերե	2
խըմից	2
մոտոս	2
միլիցիային	2
մուջեհետ	2
սպոռիտ	2
շիտակիս	2
պալիկը	2
գամ	2
իսկե	2
մոտոյիս	2
պալիկն	2
ստալավոյին	2
բանիս	2
յոշթա	2
ասելիքը	2
կորցնել	2
խոսքե	2
ըլայինք	2
տայախը	2
թեփե	2
տաչկայով	2
լինյա	2
նիդովկային	2
արձաններ	2
վարն	2
ստռելային	2
ջիպլախ	2
միկաք	2
ջիբլախ	2
էտեվե	2
հեսաբելու	2
2012	2
աշխարքը	2
կըտռիս	2
մանեթի	2
ամեսե	2
իլինքցած	2
չոփերը	2
զաբոռներուն	2
սամասվալով	2
մեչերուն	2
պիվայով	2
ձուկը	2
պիվան	2
գիքոն	2
մռմռաս	2
անկաջով	2
հասկըցունելու	2
քըխըմեր	2
մթնելեն	2
մեկեն	2
ճերմակ	2
ծակե	2
շիշաներ	2
իլինքցան	2
թոփթիի	2
թուլաները	2
հալխ	2
բագաժնիկը	2
դոդոխները	2
բալայի	2
դոբռաները	2
սոխախով	2
խոսքս	2
դեք	2
տոռղային	2
ջաթած	2
խառղայա	2
քուռչով	2
օլյա	2
կոնդիծանեռ	2
ումեթ	2
շոֆեռի	2
դիպլոմը	2
առողջությունըդ	2
սորվեցունելը	2
կուռսը	2
տալիքը	2
գիդցիր	2
հավաներուն	2
միլիստինե	2
մուշտակները	2
մուշտակ	2
խմող	2
մուշտակներուն	2
10-12	2
բատռած	2
բաբայիտ	2
համբերի	2
հաքիր	2
գըզդըռվե	2
մուշտակով	2
օտար	2
զրույցներ	2
էրմաշդու	2
էրմաշդիք	2
տղի	2
հաքնին	2
չիմնալու	2
խոչկիյան	2
մեմեծկիմե	2
պալատկայով	2
ծարեծար	2
չինիները	2
քաղցած	2
գուտե	2
կոմբայն	2
մահս	2
կերածը	2
սալայեն	2
պետռովկայեն	2
սիգնալ	2
կադղած	2
կարողութինը	2
ռուլին	2
ջրհոր	2
բը»-ին	2
նայվել	2
վոյեննըյ	2
գառնուս	2
հետդ	2
կամացկամաց	2
յ	2
ջույ	2
զա	2
սխոդիլ	2
աղպարս	2
ախչիկանս	2
գուտամ	2
հալըս	2
մագարը	2
հարցունք-փորցունք	2
իդապեսով	2
բանիմ	2
2011-ին	2
օպեկունստվա	2
տարիին	2
ամիսներուն	2
կազետի	2
կըհեսաբվե	2
փուտինին	2
մաշտոծը	2
ճամփորտիմ	2
կենամ	2
թաց	2
չամուռոտ	2
չայ	2
կելլիս	2
սաբես	2
հաքվիմ	2
դեմն	2
խոնջերուն	2
վինծառատը	2
խափախը	2
չառոխը	2
չառոխներն	2
խազն	2
պիլյուլիան	2
զեվխ	2
գեշթա	2
կտանիս	2
կուլակ	2
հասկցա	2
կերակուր	2
թոչիլա	2
կրակները	2
հասկցիլ	2
ջարի	2
ուզա	2
տաքնանք	2
մորին	2
բոչը	2
փետվեցավ	2
կռեվ-շամաթա	2
ջոչքն	2
թևը	2
կպավ	2
երեխայիս	2
մեռուցիր	2
արբայով	2
մինջիրին	2
ազատիմ	2
կաղտոտեն	2
քշերն	2
կմեռնե	2
տեսածով	2
նաշխուն	2
ձիյս	2
ծոցեն	2
փաթտոցքը	2
գանգատ	2
ուջարած	2
մորի	2
փոսի	2
կդիլ	2
օսկիները	2
կուգանք	2
խոլոք	2
արմնալեն	2
խեվցիլ	2
հեքիմիս	2
տերն	2
ճիպլախ	2
գուռուլ-գուռուլ	2
էկիլիս	2
լսից	2
տերծան	2
օյմախ	2
աղադ	2
չգնաց	2
պառկեցուց	2
կավատով	2
փակ	2
15-կապիկը	2
ֆողին	2
հարամիները	2
հարամբաշը	2
սունդուքին	2
թուրով	2
օշտայեն	2
զարնե	2
հարամին	2
ինձիմով	2
հարամիներուն	2
խուլային	2
զարքի	2
օշտախի	2
համոզվեցա	2
հաքնիմ	2
հասնել	2
չեկան	2
բարշվինք	2
բարշվեցան	2
հոքաս	2
դասղեկ	2
լսելով	2
1947	2
շողակաթ	2
պարակյան	2
կուտեր	2
լապատան	2
հորքուրներս	2
մենկային	2
ուկռաինայի	2
կտանին	2
թուղթերը	2
письмо	2
սրած	2
գշտացուցին	2
ճանփաներս	2
շախայով	2
կանչածիդ	2
խունդումես	2
փոշմանա	2
այիշին	2
տերան	2
վարդն	2
գետը	2
ծով	2
չիմոռնա	2
կառմիտ	2
դիրացիններուն	2
օռղաչի	2
գործել	2
թողկենա	2
ծանդռեցավ	2
տակերը	2
մանգալու	2
խոշտեցինք	2
սյոմքան	2
բաներդ	2
դարան	2
սյոմքա	2
չեշիդ	2
կբաներ	2
քշենացուներ	2
իդաբանին	2
խախցունել	2
պատմությունեն	2
խամութբանի	2
վտեխա	2
թարթմիշ	2
քեֆի	2
կունդունեյին	2
ստալավոյը	2
տարեկանեն	2
այժմս	2
քցանիս	2
կնձիս	2
ակիմը	2
ադպես…	2
օրֆարի	2
վաստկելու	2
ախպարդ	2
մետո	2
վաչեն	2
տուն-տեղի	2
զաբոռով	2
կնոպկային	2
օլդռված	2
գարկվեցավ	2
աղուշը	2
առողջությունն	2
քփեռատնար	2
հարսերուն	2
ապրե	2
զվանոքին	2
էլլածովը	2
կյանքդ	2
չիմացվեցավ	2
ամոթեցին	2
լսելեն	2
զբաղվելու	2
70-ին	2
փուռի	2
մաշված	2
պատիվներ	2
մամաներուն	2
չերաներ	2
եղելություններ	2
բաբաներուդ	2
վարվիք	2
հային	2
օրերեն	2
չոլեն	2
թեդերեք	2
գավաթ	2
բացած	2
սոխով	2
զակուսկային	2
պեռեշկի	2
ազատել	2
ապրածները	2
գավատ	2
ադամը	2
վաստակդ	2
հուլյաթ	2
հելալ	2
քրտինքով	2
վրե	2
չյնի	2
վաստկե	2
բերանիդ	2
վաճե	2
չհամբրեցա	2
գուտնել	2
անօրին	2
կգնե	2
ձուկերը	2
խռմախներուն	2
վերհասու	2
հավատալու	2
գոթն	2
երեխաներով	2
էրիկ-կնկան	2
սեմյայիս	2
արածիս	2
վաճեյին	2
թոռներս	2
պատմածս	2
նեմսեյին	2
բամբիթ	2
կովերուս	2
բռնեցինք	2
վտանգավոր	2
գեղերը	2
դիրացիններուս	2
էշաքի	2
բաբիներս	2
հայվաններուն	2
բարչայի	2
ծառերը	2
տուներս	2
մոլոկո	2
նեմսե	2
շմարքներով	2
օֆիցեռ	2
կուռը	2
օֆիցեռին	2
կուռի	2
կամով	2
կամերը	2
կամել	2
սետկային	2
կաճայ	2
իմիսնալ	2
ծերերուս	2
դնի	2
պածան	2
քեստռա	2
լսեիր	2
լսել-տեսնել	2
թելերը	2
դանելու	2
բռնեցի	2
տղատ	2
ուրիշներուն	2
դասարանը	2
միջանցքը	2
անդիյա	2
առայժմ	2
հանդեպ	2
կբաշլայիմ	2
մեխդրանքի	2
եղյան	2
սիգառետին	2
ավելիյա	2
էկարա	2
վառելը	2
զարարեն	2
չառի	2
մնալ	2
չդնիս	2
մոտիկս	2
փորի	2
իրարի	2
կոխածին	2
լսե…	2
կհանին	2
ինքերնալ	2
կբերին	2
տալճոկ	2
կռանով	2
տալճոկեն	2
մազերուն	2
տալճոկին	2
ակիմ	2
ձո…	2
մաշինիդ	2
հասածը	2
գտնվեցավ	2
բերանիս	2
կազատե	2
հետեվանքի	2
ուտելով	2
հանդիպին	2
աղկութինով	2
կածակը	2
կոռում-կածակին	2
թաթավի	2
շատին	2
ռադիոյի	2
մանտյոռի	2
յալռտ-ֆառտ	2
քամին	2
թաթավը	2
ստոլբային	2
մտածս	2
կհարցունում	2
տեսնեիր	2
կհարցունուն	2
գլոխներս	2
թելեֆոնը	2
սախտ	2
խարախաշյան	2
քեչեջիյան	2
երեխաներն	2
աշխատանքներուն	2
արձակուրդի	2
մաղելու	2
լծվել	2
տոկի	2
լոշ	2
լոշը	2
վիմին	2
պառազնայի	2
կոմբայը	2
կանցներ	2
բառցա	2
եզերն	2
յել	2
տաշով	2
սորվեցուցածներս	2
աչառ	2
սորվեցուցեք	2
տեղերենա	2
վերչերս	2
սեյրանը	2
կլըծեր	2
չիլարնը	2
աչառներովս	2
ախչիկներ	2
աստղիկը	2
բանեցա	2
բավական	2
փրկից	2
կաշխատեին	2
առփային	2
մատերուն	2
փեշերը	2
վարդիքիս	2
փեշիս	2
ռըճակը	2
արիլիս	2
չմոռացված	2
սահակ	2
մհանա	2
խմեցի	2
սահակը	2
նացանն	2
չը	2
հարկն	2
գայանեին	2
սիրածին	2
սիրող	2
հար	2
դիժարցավ	2
տուն-տեղով	2
աղավնիյին	2
չունեցան	2
տուվածին	2
առողջութինը	2
տուվածի	2
իլինքցավ	2
նստեցուց	2
աբգարին	2
զրույցներս	2
բասմախներուն	2
պոլիկլինիկային	2
լիֆտ	2
մեկօր	2
ագռայիս	2
ցավն	2
աբգար	2
խոշտին	2
իդան	2
ռոդդոմ	2
ձակ	2
ինչեսա	2
աբկար	2
մախառիչներ	2
արիք	2
խարջի	2
աշխարքս	2
2016	2
խոսքմ	2
էկածներս	2
դնելեն	2
մացյա	2
սիտռո	2
գիդցիք	2
գալաջիներու	2
խիռուռկին	2
ալո	2
զդառով	2
կլսիս	2
տառցը	2
թելեֆոն	2
կամազով	2
թեփրանուշին	2
էլլածներուն	2
պողոս	2
կակ	2
մարոյին	2
նարայա	2
կանվեռտին	2
ցանին	2
անիծել	2
պախուլտին	2
որոշում	2
իրուկունը	2
ուռուն	2
կնիկնա	2
վերջացուց	2
կնաիս	2
վերջնա	2
ջիվալները	2
ձեռքդ	2
կերեվան	2
բոթեն	2
ժրչե	2
վերչնա	2
չուվալեն	2
փնդռեցեք	2
կնկան	2
ունեցիլին	2
ճաղաճկի	2
չասին	2
վաշդուինին	2
ջոկ-ջոկ	2
գնահատել	2
ախպարները	2
պատմինք	2
չիլար	2
քարպատը	2
ղունկյանոսին	2
փոքրն	2
մարգրիդը	2
անզավակ	2
հոգեզավակ	2
անուններով	2
ղունկյանոսն	2
խելոքը	2
կուռ-կուռ	2
ութը	2
աղվենուշին	2
խանութբանի	2
քոքերը	2
նախիջևանի	2
բառարանը	2
ջալաշյանի	2
ջալաշյանը	2
հաջողվել	2
վերածել	2
տառին	2
սորվենալույին	2
ռուսաստանին	2
ամբես	2
ամեռիկայի	2
տերութիններու	2
հիշին	2
ռուսերե	2
աշխարհում	2
հազարավոր	2
մամաներ	2
հասկացիք	2
էրգաթե	2
գուդուրդի	2
բուհերը	2
գելլեր	2
թաթավեն	2
խանգռաձ	2
չիչագը	2
գանեյին	2
տառամային	2
քշերին-ցորեգին	2
թիթիզ	2
լվանալու	2
թեդերիք	2
գըռնագն	2
զարգաձ	2
սրթին	2
սըրթին	2
հարազադ	2
թուշերուն	2
լամբոքե	2
քրդինքը	2
սնառյադի	2
ջընգլդեմիշ	2
մեգալը	2
տավիտը	2
դեղերես	2
էդևն	2
сидите	2
աճկերուն	2
խայիշեն	2
էրեգ	2
բադմից	2
խութուռը	2
քարբադին	2
էլլաձը	2
ծեձի	2
պերաձ	2
աշտարի	2
չախմախ	2
строиться	2
տադաստանը	2
շըդգցավ	2
առուդիներուն	2
սալդաթներուն	2
спасибо	2
շաշմիշ	2
նենադը	2
պադվոդը	2
շտաբ	2
գարոդը	2
счастливый	2
путь	2
սուլլալեն	2
գեգ	2
հուջումով	2
էփաձ	2
աջաբ	2
բադմաձը	2
գուզիք	2
գլմանի	2
կաստյումս	2
էպպեյի	2
ստոլբաներուն	2
անբաջառ	2
վերցունում	2
իդբես	2
գմոդգնամ	2
լառյոկը	2
արմննալեն	2
գձախին	2
գողը	2
օմուզով	2
գլամ	2
դարու	2
ցյապոյին	2
աղեգութին	2
արաձս	2
գինմաշտուդ	2
դունս	2
պաներու	2
սալտն	2
օրները	2
ճուրով	2
հալավս	2
գաբուդ	2
մարդիրոս	2
շալին	2
գլսիմ	2
կազառման	2
գըհավադաս	2
մաձունով	2
խառնաձ	2
пельмени	2
хорошие	2
կամանդիռը	2
кушайте	2
գռնագը	2
տիմած	2
աճկերս	2
տոպտիին	2
դուները	2
կեղն	2
դեսնունք	2
գուդար	2
գեշտայինք	2
յանաշայես	2
գեփե	2
օխտը-ութը	2
օչաղանին	2
քոբուրտմիշ	2
սեսկեմիշ	2
առանծ	2
դուդուբելա	2
կորձին	2
յիպկային	2
տայաղան	2
տամիլ	2
թոռերըս	2
արոդի	2
ծևաձով	2
պածվե-դրաբեզ	2
գդռիջ	2
բոբոռլեմիշ	2
վացյուխը	2
հոչըմասըմը	2
թենի	2
տոռու	2
միտկեն	2
ծուգ	2
թանգ-թանգ	2
թենեն	2
վոլգա»-ն	2
ծիյի	2
դոշեմեներուն	2
լուզույով	2
դեսա	2
երգիծական	2
աճկիս	2
մընացաձ	2
չէնե	2
դունդ	2
թավանի	2
յաղն	2
բէքիմ	2
հեդերն	2
թաս	2
ախճիգանս	2
ախճիգս	2
լըռտ	2
իրավունքը	2
տըրիլ	2
էմջամս	2
ջըհեզին	2
գոշիգ	2
ցաձ	2
օշթախայեր	2
кофе	2
գոջեն	2
մադ	2
շաբիք	2
կըկնե	2
տընկ	2
գուզիզ	2
ախճիգանը	2
հավգիթ	2
աստվաձ	2
նըստին	2
հալխեն	2
ճեռեդայով	2
խարջեցինք	2
էրիգ-գնիգ	2
ջըմռելեն	2
հըռըշման	2
դունն	2
ձախելու	2
էյի	2
կորձ	2
օյ	2
աճկերով	2
գուլար	2
մեգալն	2
փեշեն	2
պռնիմ	2
քույրիգներ	2
բուլատմիշ	2
օսկիյե	2
քըխոստե	2
ադեթը	2
աշխանան	2
դեղավորվիլ	2
մարգոս	2
ավլախե	2
ընգաձ	2
էրեր-թենթեռ	2
յափսարմիշ	2
գըդռիլ	2
հիվնդծիլ	2
արմնցաձ	2
խուռամա	2
մինդարին	2
միտկը	2
գըյնի	2
սադանա	2
գաձըռ-գաձըռ	2
փագ	2
պած	2
խոշտաձ	2
դաբաղա	2
սախըթները	2
գանչիլ	2
գոլդըռվի	2
կլոխդ	2
կընածի	2
խարավուլ	2
գաթի	2
խարալթիս	2
հարամի	2
բադառ	2
վեցում	2
գզրչին	2
իրգվան	2
հարամի-շաբաշնիկ	2
գոստի	2
ուդելիք	2
գվազեր	2
գրագ	2
օրագան	2
կառտոպը	2
գդնգին	2
կպերին	2
գեսը	2
աճկս	2
գլորվեցան	2
աճկըս	2
գովը	2
գուդանք	2
գըլոլմե	2
զըխի	2
յիվառ-յիվառ	2
կդնվեցավ	2
ձաղեգին	2
մեգուց	2
տապ	2
բոռոնային	2
մադը	2
միտկի	2
գոպճագն	2
սեմթերը	2
ձաղեգը	2
խաչ-փադի	2
տռամվայի	2
քսվաձ	2
փիքեչիս	2
ամսենը	2
սոզդե	2
օշթանջային	2
պըկ	2
ճըկըմ-պըկ	2
օշթանջան	2
ըյնինը	2
խուլամիշ	2
դոնը	2
սուդ	2
ֆլագի	2
մոռնաք	2
վաժադունը	2
իմացաձ	2
դանիմ	2
քաղծաձ	2
վաժադուն	2
երգանին	2
գմընա	2
բիդաներուն	2
տըրաձ	2
տելեգռամ	2
հըռշման	2
խալտուռին	2
զաբոնկիյով	2
դղի	2
կուլտուռի	2
իլի	2
գհարցունուն	2
հասկնա	2
դարվան	2
երգուսում	2
գործողություն	2
քովնա	2
լագ	2
կառավատին	2
գմուդնու	2
դախտագ	2
լաթ	2
խևը	2
դուվաձ	2
հոչմասըմը	2
հախը	2
քըփատտե	2
դիլիմով	2
գձաձգե	2
պանաձ	2
էդեվներեն	2
ասաձեն	2
գըհանիմ	2
կիրկով	2
դղիս	2
կիրկ	2
բագաս	2
թեբուրը	2
ժողըդելու	2
խափլամիշ	2
մեմնա	2
բիզդի	2
դողը	2
մագաշտի	2
ստական	2
կնեծինք	2
անբեսենե	2
հասաձ	2
գանչելեն	2
լագը	2
թոռները	2
գուդիք	2
գուսկուձ	2
բոռչը	2
գաբուստայոդ	2
փուշոդ	2
գաթով	2
գալետը	2
մեձիյալ	2
յեփ	2
էփիս	2
վաժադունեն	2
կըկընինք	2
դամ	2
կալետը	2
լոխման	2
բուլդոզեռին	2
մեգչիմեն	2
մեձաս	2
ճիրի	2
կնածեք	2
ազիաթի	2
խուջուռ	2
թէփէն	2
բէսնագ	2
մօռցիլ	2
հէչ	2
մունդառ	2
ասլը	2
բարէմ	2
իսա	2
գօյա	2
ասէլ	2
էգէլ	2
գէրէլ	2
գէրիլ	2
ասա-դա	2
հէնդէք	2
ֆօղ	2
չիչագ	2
իրէնց	2
ամբէս	2
հէդէրը	2
բիդի	2
ալայ-մալայ	2
խրիմից	2
ուղղագրութիւնը	2
տեսօք	2
աղջկանը	2
մէկին	2
տուած	2
էլած	2
քօվը	2
խսմէթ	2
պաժնիմ	2
խսմէթը	2
թագաւորին	2
կուգայ	2
տէյին	2
եալ	2
թէփէէն	2
կինմարդը	2
կերթաս	2
մինչուանքի	2
էրբ	2
թէք	2
պաթած	2
կէրթաս	2
մ’ալ	2
կինմարդու	2
մարդուն	2
կուրին	2
լուանայ	2
եփօր	2
օցէ-մանուկը	2
վարթ	2
ֆօտ	2
եա	2
խէվ	2
կունը	2
էրկըթէ	2
յօդուածը	2
նոր-նախիջևանի	2
աշխատութեանս	2
ձնօղնէրու	2
նասթռայէնիդ	2
անիչքա	2
ադբէս	2
ռաստօվ	2
ինաչէ	2
ժէ	2
սահաթնէրօվ	2
փա	2
մօէմու	2
անէլ	2
փռավիյլնօ	2
վափռօսը	2
ռէշիթ	2
փառուչիթ	2
թաք	2
քօմփէթէնթնըյ	2
փռէդլագաթ	2
վափռօսին	2
գանէ	2
աջէփ	2
մաուս	2
խօրթ	2
մէչէն	2
գիւղից	2
ուղղագրութեամբ	2
գիւղացի	2
պարէվ	2
կնածիլ	2
ցօրէն	2
չօլը	2
դէղէրը	2
խոզան	2
բոյս	2
ալանգ	2
չէյի	2
դէսա	2
ցօրէնի	2
դէսնունք	2
դէղ	2
բասմա	2
էնգ	2
հօժար	2
կէշ	2
քէնըս	2
այլախ	2
ժօղըդունք	2
գասէ	2
իքին	2
ախճըգանը	2
պռնիլ	2
չէշիթի	2
դէսար	2
մէձի	2
մէձ	2
բէտք	2
խօմ	2
չօխտան	2
կէղի	2
ադէթ	2
մէգդի	2
չալ	2
սէիր	2
մէգը	2
կըլօխը	2
ծէռքին	2
զըքված	2
տէսած	2
անիծածը	2
մատղաշ	2
տակնուվրա	2
անպէս	2
կէս	2
մէղավօր	2
ասածըտ	2
մէկալ	2
կիտէ	2
տրօր	2
սոյ-սոփ	2
նառտոմին	1
ջանկռթվելեն	1
վարտիքըս	1
պատռեցի	1
վաղվան	1
գործմ	1
1968	1
թողթամիշյանին	1
80-ամյակի	1
25.11.1919	1
17.11.2003	1
ընկերը	1
ֆիզիկոս	1
ուսուցիչն	1
թողթամիշ	1
կըլսեինք	1
բերաններս	1
սիրածով	1
ցանկանում	1
14.11.1999	1
գ.թոփտի	1
ռազգոն	1
կըկըտին	1
մայրամը	1
գզդըռվեցավ	1
դոբռան	1
իբքան	1
պատռեցավ	1
սազով	1
խմխմված	1
վախենալով	1
չամռոտած	1
դասերեն	1
հավաքեցեք	1
մաշեք	1
կուզեյին	1
չմնալ	1
փատցած	1
խաթունին	1
ինավոր	1
ցակին	1
քեռթիկն	1
մոսկվիչ	1
կըբան	1
թաքսի	1
կծերանաս	1
կըտեսոքնաս	1
սոխախներդ	1
քարոտ	1
քեզնից	1
կայնեցար	1
կողմըտ	1
փրկիչ	1
ունենք	1
մանկապարտեզ	1
մոնումենտ	1
կբանեն	1
ջրերն	1
կարկաչուն	1
չորվախներից	1
նայիր	1
պապենական	1
մեծանան	1
ինժիներ	1
ագրանոմ	1
շինարար	1
խանութբան	1
վայլին	1
կտեսոքնա	1
կյաշանա	1
1973	1
ստեփան	1
աղան,գայանուշ	1
օհան	1
կըպահեյին	1
հոյրը	1
զավակն	1
վերադարձավ	1
հայրը	1
վազեցին	1
համբյուրով	1
здрасьте	1
քաջին	1
գիդնաք	1
ֆոլթայի	1
յալմանին	1
կըբավ	1
կրակներ	1
մաման-բաբան	1
տվեք	1
չմոռնան	1
1973թ	1
քաջը	1
օրէր	1
ուտել-խմելը	1
ժեկեթկան	1
յանաշայինին	1
մայրիկ	1
քույրիկ	1
քիֆիրտ	1
չթողուց	1
շինխա	1
մորըսե	1
ճանչցիր	1
ստոլ-աթոռք	1
բաշխշի	1
հերսոտած	1
քաջինե	1
հարսնիքտ	1
բաշխշտ	1
խմածտ	1
զնդան	1
1974	1
դիբոնջի	1
նմանություն	1
խառնել	1
փիլային	1
կըլսիս	1
պեսին	1
խաբերի	1
խունտումով	1
սուտին	1
առաքելին	1
կընկան	1
գոհարին	1
տռակտոռիստ	1
էրգանը	1
մաթախնա	1
առաքելն	1
սուտերուն	1
խառներ	1
ցըքեր	1
կըռհատնար	1
շողունքն	1
բերանի	1
քսրփեր	1
չեղած-չլսված	1
բաղեր	1
կըբղաքին	1
բերանըտ	1
կգբղին	1
կմընա	1
պռնիր	1
ցըքիր	1
փեշետ	1
պռնածով	1
գըհասնե	1
բուգիդ	1
մոնումենտը	1
աչքերիս	1
լիքն	1
արցունքով	1
զվարճանալով	1
նայեիր	1
սիրեիր	1
երազել	1
վարել	1
թշնամին	1
թողեց	1
մոյրս	1
այրի	1
թողեցիր	1
հողացած	1
ծաղիկները	1
ընտանիքովըս	1
թոռներիտ	1
պապին	1
հայրենիքին	1
զոհել	1
հազարներիս	1
փրկել	1
սրտումըս	1
հուշարձանը	1
քրքրելով	1
վերքերս	1
կոթողին	1
կենտրոնում	1
ձեռքերիս	1
թվում	1
մարտերի	1
դարցած	1
հողերից	1
քաղված	1
ապա	1
մոտեցա	1
պատկերներ	1
աչքերից	1
հոսեցին	1
տեսեք	1
անցորդներ	1
պառավին	1
դարձել	1
հուշարձան	1
երկնքի	1
թևերի	1
պահանջում	1
խաղաղություն	1
աշխարհին	1
պատկերներին	1
վարանել	1
երկրին	1
ապրի	1
չդառնա	1
այլոց	1
գերի	1
ջահելի	1
ծերի	1
կարոտով	1
կանգնեցի	1
պատկերի	1
երեսուն	1
տարում	1
երկրի	1
ծաղկունքի	1
հասել	1
թվաց	1
զոհվածները	1
ընկել	1
փոթորկին	1
կազմեցին	1
կուռ	1
մարտակարգ	1
ընտրություններից	1
չիլանք	1
դավարին	1
մարդու	1
ջոկիք	1
հիշինք	1
պարծենաք	1
հասածով	1
կերածով	1
կողմերըդ	1
1985-թիվ	1
վիրավոր	1
նմաններին	1
դաշտային	1
հոսպիտալում	1
խոր	1
ճմլվում	1
կտոր-կտոր	1
փշրվում	1
լռում	1
վերջանում	1
տաքացնել	1
քնեյի	1
հանգիստով	1
ծառերի	1
աղբյուրների	1
հովերով	1
ամպերից	1
անձրևը	1
կդատարի	1
չարչարանքի	1
ճանփեն	1
գնացիք	1
ամպերի	1
երգերս	1
քամու	1
1997-թիվ	1
կտրիճներ	1
կտրիճներե	1
աղջիկներուն	1
կհայտնին	1
քփչացնուն	1
սիրուն	1
աղջիկան	1
աղջիկեն	1
կբերիմ	1
ուրիշինե	1
պեռոժնի	1
ճուղաբի	1
խայնամա	1
թոռմած	1
թուքիլ	1
կտռիճինե	1
խելք-միտքին	1
մեխքեր	1
կգործին	1
դժոխքի	1
սրտին	1
աղջիկներ	1
այդպիսին	1
թևի	1
գիտի	1
անցյալ	1
խումբ-խումբ	1
կըլվացվեյինք	1
կըբռնեյինք	1
քխոշտինք	1
փթտած	1
վոթած	1
փռված	1
գենեյալ	1
եգոռ	1
գռեվի	1
մահանա	1
հոռոսման	1
չըպանա	1
օրենքները	1
քխնդրինք	1
ազատեք	1
ադեթեն	1
զարդարը	1
եկած	1
չթողեցիր	1
հոր	1
թռչնի	1
ձորեր	1
դաշտեր	1
ապրեցնելու	1
խադրին	1
քախցածներից	1
փրկեցիր	1
մեզանով	1
անցրել	1
ողջ	1
դժվարության	1
կյանքերիս	1
վերջ	1
60-ամյակի	1
1973-թ	1
28	1
կտռողներ-բերբերներ	1
միանթե	1
հասկըն	1
պատմածներից	1
չճանչցող	1
բերբերութին	1
սելէլեկտռոնե	1
ժողտանք	1
սուտը	1
տվինք	1
47-ին	1
կեշտըվեր	1
խայնաղաս	1
կըճաշնաք	1
ձմեռն	1
կնիկըս-ցափեն	1
ցըռցըռ	1
ավելե	1
խոռվան	1
տաքցավ	1
ապուրն	1
ջանտան	1
կալաջիներուս	1
էրտալ	1
չորսի	1
գըզարթեցունուս	1
քունիս	1
կմնամ	1
նառ	1
խռկիլ	1
խըփած	1
հոռչիկ	1
խաբախ	1
պախկըռ-պախկըռ	1
յոռղան	1
չառնելու	1
խռլդիներուն	1
ապուրեն	1
քիթի	1
միտկըս	1
կըպռնիմ	1
սըհաթի	1
սըլաքները	1
կոլտռիմ	1
զարթեցունելու	1
պետռոս	1
կմընամ	1
սհաթըդ	1
խափից	1
ստռելկան	1
ռեզ	1
թապլած	1
կալաճիներ	1
մոռցըվի	1
կարվին	1
այսքանը…	1
կանցնեյին	1
իդաքեննալ	1
կըտռողը	1
օդիկալոնին	1
լաթն	1
էնքսայիս	1
եփվան	1
թողուցիր	1
մազն	1
կկտռե	1
մնաե	1
շովեռ	1
կայնիս	1
կուզովը	1
էրկուսը	1
կընստեցունուն	1
աչքերուտ	1
կուզովին	1
կաբինին	1
կըկամածցունե	1
ընչընիմ	1
կաբինեն	1
կոլտըռե	1
նստեցուցիլեր	1
զնգըռ-զնգըռ	1
կընչընե	1
փադցածեն	1
ընչընե	1
առիլիս	1
կտընիսե	1
ընչեցուց	1
լսելես	1
էե	1
բաբիին	1
ծախածը	1
մկրատը	1
պանող	1
փնտռած	1
բառաշին	1
ցանկությունը	1
թեքմալեմիշ	1
հախեթ	1
հանիմե	1
պարեկամ	1
ծախածըս	1
հարցունելու	1
շունինե	1
սըհաթեն	1
չմոռնաս	1
թաթյոս	1
կարդորամ	1
լսածըդ	1
քրտինք	1
կրունկներուն	1
տունիտ	1
վաղն	1
կըմանքանք	1
կըկըտռվինք	1
հարցուցիլ	1
պիտծախե	1
փչիլ	1
կանցունու	1
ունեցածը	1
կըճաշնար	1
բաբայիսն	1
ծախենը	1
բառկեցան	1
ումեթը	1
կտռիցնը	1
դոշագ	1
պատմելույին	1
քահ-քահ	1
խնդալներըս	1
կըճաշտըվիկք	1
քըխնդաք	1
խափիլ	1
խափածին	1
խնդրեցին	1
կըպատմենը	1
չըբահեցի	1
քշած	1
խուզիներուն	1
խուզիներ	1
ինե	1
հալեքեթով	1
քըքշին	1
քըխոթին	1
էրազըտ	1
քանը	1
ժլատ	1
էղածիդ	1
ըլանըե	1
միսե	1
լառթ	1
գործըե	1
կմոտկընա	1
խրկիմ	1
դուդուկով	1
միսովե	1
գըլսե	1
խուզիի	1
առխանի	1
պանալեն	1
փորըս	1
խասածի	1
թեփեյիս	1
պատահեցեվ	1
զավակիսե	1
հում	1
կառտոպին	1
կըմանդռե	1
կըցավեե	1
ծուռ-մուռ	1
կըկուտնե	1
դուդուկը	1
ռեծեպտ	1
չըհամբերեցավ	1
չարտորալե	1
կանիմե	1
վարտիքը	1
տաճկանե	1
խաբեբայություն	1
ժլատություն	1
մըտածիս	1
անեգդոդներ	1
կընեցինք	1
թաղին	1
չուտուված	1
լվացող	1
էշտամ-չեշտամ	1
ուշեմիշ	1
խելքերուդ	1
ծո	1
աշակերտ	1
բուժուժ	1
հոսիմ	1
կըհավատամ	1
խոշտը-սուտը	1
տիրածինիտ	1
չիտուվից	1
կինմաշդը-ցափեն	1
կըճաշնանք	1
ճաշնայինք	1
ազատվել	1
կեսըս	1
ազատեցար	1
բռուչնոյ	1
թիֆ	1
թոմեռնե	1
չքաշվելե	1
կըզարներ	1
խնդրեցիր	1
կըտռեցիր	1
տիրացինըս	1
սոխռացի	1
հայաթը	1
կըլանը	1
ցափեյին	1
մանտռելու	1
չասե	1
ջրվատը	1
եղին	1
տուվիլէ	1
գըտնըվեցավ	1
կանեյիք	1
լսածովըս	1
մտածովըս	1
քարպատի	1
ձեփած	1
յատմայեն	1
թուխտով	1
„սիվոր	1
բաշմատի	1
թոփշտե	1
սըխմե	1
ցավը”	1
առածն	1
չափեր	1
քսըխմե	1
սըխմածն	1
թուխթով	1
քաքե	1
ակռայիտ	1
խրկածըտ	1
եղիդ	1
մակոխն	1
խոռովել	1
չկիդցածըս	1
տագ	1
անօրն	1
ստականի	1
պարևը	1
նորութին	1
խափելույին	1
կալաջիներուն	1
կապերն	1
նըստողներեն	1
խափվել	1
չեշիտը	1
լուզուիդ	1
կասիս-կասիս	1
բերանիտ	1
մայմուտներուն	1
սելսավեթին	1
խսմետն	1
չաթալ	1
зоопарк-են	1
մեծցունուն	1
ծանդըռածն	1
գռիշին	1
բութքայով	1
մայմուդ	1
ամեսենը…	1
խաբվածըտ	1
պուտուղը	1
անքաղաքավարության	1
վնասներ	1
բորչայով	1
դեմերըս	1
էլլավ,ինձի	1
գործերըս	1
վերչացուցինք,անկից	1
բաշլաեցինք	1
խոռկընալու	1
ախպարըդ	1
հիռ	1
բաղդասարը	1
ժողովուրդական	1
ասացվացքը	1
քենըդ	1
դրաբեզինե	1
ասինը	1
կերածներուս	1
չեկավե	1
չաթալես	1
սպտըռեցավ	1
ցըքեցի	1
պերանըս	1
փոշմընցավ	1
քալուե	1
խընտացինք	1
տիրածիներուս	1
սոյերըտ	1
լյուքը	1
չիլ	1
ըլաե	1
ախպարը-խայնաղաս	1
ռենտկենով	1
լըսեցիր	1
կընկանըս	1
կեշկեմը	1
պռնեյի	1
ուտեյի	1
գոլ-գոլ	1
լյուքին	1
սըխռ-սըխռ	1
քխըլ-քխըլ	1
սլիվներուն	1
փոսերուն	1
կտընին	1
լյուքերն	1
քովերն	1
ջանկռթըվելեն	1
գողութինը	1
լյուք	1
սլիվի	1
վըրանե	1
չաթըմի	1
մինջիրները	1
չաթըմ	1
կըկըտռթին	1
կմեխտըրվինք	1
գազանա-սիրտ	1
օրեց-օր	1
կըշատանա	1
1995-թիվ	1
գյուղից	1
ժամանակներե	1
կգտնըվեր	1
նիստային	1
կենտրոնը	1
ծարին	1
կողմեն	1
դարձիլ	1
օլտըռվեցանք	1
տուզլովին	1
տեսոք-տեսոք	1
մոդկըցավ	1
ծանոթներես	1
փոքրցավ	1
պատասխանեց	1
հեսապեցին	1
կոչվեցան	1
գըբերին	1
մեռելները	1
հանձնելու	1
կըհանձնին	1
փոսերն	1
քըփորինք	1
հողն	1
մեռելին	1
կուլինք	1
մեչքերին	1
դըրաձ	1
մեռելներուն	1
ալեմըե	1
կարգավորին	1
պըլ-պուղիյին	1
ասացնակը	1
խոսումե	1
20	1
1994-թիվ	1
չիհասցունելու	1
տաչկա-տաչկա	1
աղբը	1
յառերըս	1
հոգուներուտ	1
յառերուն	1
շիշայեն-բանկայեն	1
շուն-կատու	1
մեկնեցունելը	1
խարջ	1
արվեցավ	1
խոշտըվեցավ	1
կըլվացվեյին	1
կըպռնեյին	1
վերչացածովը	1
էկոլոգյան	1
տինախն	1
խըխտըվելու	1
դեյինե	1
յալդով	1
չիգիտցածները	1
կղըխտվին	1
տինախներըը	1
լվացվել	1
իտավոնց	1
կզըրչվին	1
խուփը	1
խարջերով	1
խոշտըվեցան	1
կզըրչինք	1
կվերչացունունք	1
խելքերըս	1
կիտնանք	1
ինֆեկցիա	1
փռածներըս	1
հիվանդութին	1
գիտնաք	1
կգրիմ	1
գիտցիկ	1
մեխտրանքներ	1
կլսիք	1
1982-թիվ	1
հարսնըվորները	1
նըստեցուց	1
տիմացիններուն	1
չերկուտներ	1
դեմերն	1
զակուսկա	1
խմիչքները	1
նորոգելեն	1
խաղցուցին	1
խմիչքներ	1
զակուսկաներ	1
արշակին	1
սանահար	1
տուվիննը	1
կասիսոր	1
մաֆիոզներեն	1
դեֆեցիտ	1
գինով	1
գեղացոցը	1
հայվանութին	1
կըհեսապին	1
պատիվները	1
քայիննը	1
պետքենըե	1
կըհարցունեյին	1
շարքելու	1
շարքելուներուն	1
թեսքերե	1
բարեկամեն	1
դիզկուն	1
կըհաքվե	1
անալ	1
համարիմ	1
սիրտանց	1
բանելըս	1
իմե	1
քըքաշվե	1
քաշվեե	1
զնակ	1
նստաե	1
հասներնը	1
չկերածին	1
դիմացներուս	1
ստոլներն	1
քալցուցած	1
վերցունունք	1
գավաթներըս	1
խմինք-ուտինք	1
1996-թիվ	1
ինախտայիկ	1
նաստռայենի	1
թապլիլ	1
տունփեսա	1
քա,ծեր	1
ապրինքե	1
կըգարկվե	1
տունփեսայի	1
պայմանով	1
ջըհեզներ	1
կառվատ	1
տոշակեն	1
զոռելու	1
էրկունցունելեն	1
էշտալուներուն	1
ձերոնց	1
շարքին	1
տեսոք-աղեգ	1
տիզկուն	1
բռնիմ	1
գըբառցըվորինք	1
օշթախներուս	1
կառնիմ,չալողով	1
կերթանքե	1
գըկենա	1
խորհուրդ	1
պռոգռամ	1
տունփեսային	1
շովելուները	1
վերչեն	1
կապլուկներուն	1
ցըքելուներուն	1
դեպետով	1
կըպառնան	1
մարհարը	1
կուտին-քխըմին	1
քշենանան	1
բիաթա	1
ախչիկան	1
զոռբալը	1
գըրնա	1
ապրելե	1
քեֆը	1
ազատածիս	1
մախառիչե	1
խնտացինք	1
ատիվով	1
տալիքով	1
կարկըվել	1
փնդռել	1
երքիս	1
ատենվան	1
չըտեսած	1
օշտախ-ասվատուրը	1
կըկայնինք	1
կըհարցունունք	1
կըբաշլայինք	1
ծերացածներուս	1
մեխտըրվելու	1
կիտեսկենը	1
հոջա	1
չիմծերանա	1
վերցունելուե	1
կըսասանե	1
էղածես	1
կորեկ	1
սատկիլեե	1
էրեսիտ	1
ճանճ	1
նըստի	1
բոլնիցեն	1
դավլենիս	1
չափեցին	1
դավլենիտ	1
ջարեր	1
գրեցին	1
բոզախ-մոզախ	1
կըլա,խելքըս	1
կըմանքա:առանց	1
կըտանիս	1
կըկորցունուս	1
ցավածը	1
կըգողնաս	1
խորունգ	1
պահել	1
կուզենաս	1
իտաքենն	1
դանգ	1
կըզարնիս	1
կըկոխենը	1
ապտեկին	1
կըհասկընա	1
զարգածով	1
զարքածով	1
գոյացիլ	1
ծերացիլ	1
քըհանիք	1
շտահին	1
ծաներովս	1
շինըխվա	1
բարեկամներըս	1
կճաշտըվիք	1
քխնտաք	1
շիշաներն	1
դեմերըտ	1
տախկ	1
գլոխներես	1
կըպատմինք-կիհիշինք	1
հայկին	1
էկածներըդ	1
պատմեե	1
53-ին	1
54-ին	1
иж	1
պռասիտ	1
տանիսե	1
սռոչնը	1
չէե	1
հաե	1
էտևըտ	1
նըստենը	1
դարեդար	1
կընըժա	1
մինըս	1
բարծենցած	1
թռածի	1
չալողն	1
խնամիյիմ	1
քաշքապատառ	1
մուջեհետին	1
էշտանքե	1
խըմելույին	1
մընացածին	1
շտռաֆնոյ	1
քխըմե	1
խըմեե	1
չե-մե	1
պիտխըմիս	1
քխըմիմ	1
հարուն	1
բաշլայվեցան	1
պարբըվելու	1
անկաջներուս	1
գավաթներուս	1
մոռցանք	1
կանուշնա	1
նաստռոյենիներըս	1
քըղաղանք	1
կըտեսնում	1
էիե	1
հալխնալ	1
կնըստեցունում	1
կըկպչե	1
էկածեն	1
բըռնելու	1
էտևըս	1
խաղին	1
մածակլետ	1
քշելով	1
հանիե	1
էրկուսիս	1
քխառնըվին	1
զորի	1
ժաշկըտեցունելու	1
կոտռածները	1
տեղը-տեղը	1
ցըքիլ	1
դախտըկիլ	1
մնացածիս	1
զրչիլ	1
նազառիչն	1
կիտցիլ	1
մեռածիմ	1
պեռվեսկա	1
ըլալերես	1
խմելե	1
հետևանքը	1
դերասանները	1
աջից	1
դերում	1
շիրվանզադեի	1
պիեսում	1
շողակին	1
թեմիզութին	1
սոխախն	1
լըվացքներ	1
լըվացքներուն	1
ոթել	1
կըմոտկընայինք	1
տայինք	1
բաձռցավ	1
կալոշներուն	1
չըտեսար	1
պարևս	1
չառած	1
չեղածն	1
կըհարկե	1
լըվա	1
խանգռվե	1
չըբաշարածը	1
չընայելե	1
կախվացքին	1
վարդիքնեը	1
սավաններեն	1
սավաններուն	1
քոշաներն	1
թարաֆիդ	1
կախելույին	1
չերդընեյի	1
հասկըցա	1
բարպից	1
ոթածներուն	1
մայանեյին	1
ոթածին	1
տիրացինն	1
հավայի	1
ջուը	1
տառցիլ	1
մայանեն	1
բուզին	1
կըգըզդռվե	1
ոթածները	1
նավոզներեն	1
լըսեցեք	1
սոխախներըս,ազբարներըս	1
բըռնինք	1
չգոյացունունք	1
վոզդուխ	1
խելքերուս	1
անցընինք	1
զավակներ	1
կողպեց	1
ծնողների	1
փրկե	1
հայրն	1
պապերս	1
տատերս	1
ընտանիքներիս	1
հայրս	1
հայրական	1
դեր	1
լրիվ	1
գընում	1
ապրանքներ	1
փոխանակում	1
ամենածանր	1
համեմատաբար	1
կոմբայնի	1
լաբառեյկայի	1
կալսիչի	1
ծխոտի	1
կոլտնտեսությունից	1
ուղարկում	1
խապրիի	1
հացամթերքակայան	1
հաջորդ	1
սերմացուն	1
մաքրեն	1
ախտահանեն	1
նախապատրաստեն	1
թըվում	1
երկարաճիտ	1
քայլելով	1
թոփտիից	1
երեկոյան	1
գոյանում	1
կոշիկների	1
միջից	1
թափված	1
բուռ	1
մեկ-մեկ	1
հավաքում	1
ձագուկներին	1
ուկրանյայից	1
լուր	1
բերեցին	1
բեռները	1
դիմավորել	1
խապրիյի	1
կայարանը	1
տռանսպոռտը	1
սահնակներն	1
բարձվորվեցինք	1
սահնակները	1
կինմարդիկ	1
միմյանց	1
գլուխ	1
գլուխները	1
մազերի	1
ծայրերից	1
ոջիլները	1
դիմանում	1
գեռացածին	1
շեմից	1
մտած-չմտած	1
տատիս	1
կտրել	1
տվեց	1
ազատվեց	1
փորցանքից	1
ինքներս	1
կուտակել	1
կերպ	1
լիներ	1
ստիպված	1
դաշտերը	1
ծխոտը	1
լցնել	1
պարկերի	1
միջև	1
սահնակով	1
չարչարվում	1
անեինք	1
կովերի	1
ութ	1
հոգուց	1
կլիներ	1
կարագ	1
վաճառելու	1
լիքը	1
դույլերով	1
ուսերին	1
շուկայում	1
կանգնում	1
փայտը	1
ուսին	1
փողոցից	1
այդպիսով	1
արագ	1
ծախում	1
վերադառնալով	1
դաշտ	1
հայերից	1
չունեինք	1
վառարաններում	1
սայլակներով	1
պատրաստում	1
սայլերով	1
հնձի	1
տեղափոխում	1
գարին	1
կալսում	1
կրում	1
սայլը	1
վարիցը	1
սայլի	1
բարձող	1
զարմանում	1
սայլ	1
բարձածի	1
դրածի	1
անմիջապես	1
ֆիզիկական	1
կանայք	1
կոլտնտեսուհի	1
ռազմաճակատի	1
գծերում	1
խրամատներ	1
փորելու	1
պարգևատրված	1
մեդալներով	1
վերջանալուց	1
սպասեցին	1
ամուսիններին	1
չտվեց	1
„մեմ	1
ալ”	1
նվիրեց	1
մեծացանք	1
պապս	1
տատս	1
որոշեց	1
աղջկա	1
եղբորներիցս	1
մեծացնելու	1
դարձնելու	1
վիճակը	1
միջնակ	1
եղբորս-մարտիրոսի	1
եղբայրս-արմենակը	1
սիրված	1
վերադարցած	1
այլևս	1
ճանապարհին	1
ճաշում	1
եղբորս	1
մեծացրեց	1
ծոռներ	1
խնամում	1
82	1
եփում	1
ծոռներին	1
հորաքրոջ	1
չարչարանքներ	1
ծառայությունը	1
անգնահատելի	1
2004	1
հունիսի	1
6-ին	1
զարյաե	1
ընկեր	1
բորանջիյանին	1
կըկաշդայի	1
կաշդացածըս	1
անցածները	1
կիտնան	1
կլոխեն	1
1933-ինը	1
միտքերըս	1
գիտցածներըս	1
էրկու-ժեք	1
մեզիմով	1
հարուստացան	1
ծախածով	1
չաղաչքեն	1
պոլերը	1
կավլեյին	1
կըծախեին	1
մաղեյիրնը	1
ավուճ	1
գալեթ	1
կեփեր	1
ակռաներուս	1
կըճռ-կըճռ	1
կեշտայի	1
կըգնեյի	1
մամայինցըս	1
ծախած	1
ստակներով	1
մեխքցիր	1
հոքի-հավատ	1
դեմիդը	1
քըչափե	1
քշոյե	1
կըտեկշցունե	1
բողոզն	1
բաշմատով	1
կըկալեր	1
բանկանե	1
ջաշնային	1
կընացածներըս	1
կիլեն	1
տային	1
կիլով	1
ախչիկանը-աղվենուշին	1
պերելուներուն	1
ծեծեցինք	1
կտո	1
տամե	1
հարցուցին…	1
իմացուցինք	1
աղվենուշը	1
կիմացվի	1
փենջերեներուն	1
ճերմակճերմակ	1
էրեսներով	1
պասկաները	1
զատիկե	1
պասկային	1
կուտաե	1
էտևներես	1
կրունկներուս	1
գալաճիյի	1
չունեցածը	1
մեխքըցիլ	1
տրվի	1
մեկերե	1
գեվորգին	1
խուկաս	1
գեվորգներ	1
40-հեկտառ	1
տոլոկ	1
վարեցեքե	1
լծեցինք	1
վարածներըս	1
գեվորգինք	1
էփեցին	1
պռոպ	1
կըլանըե,–	1
ձեռքերուս	1
այախչանախի	1
ամանլվայի	1
արոտին	1
առխանեցինք	1
մեծնալու	1
կընացածին	1
պապիյիս	1
չմջաշնա	1
ծախողներեն	1
ջաշնայի	1
դային	1
պապիս	1
չունիք	1
մուչկային	1
գոբչակները	1
ցածցուցին	1
պառցանք	1
խեղեճ	1
կերեքե	1
բերաններես	1
եղը	1
մեխքըցածը	1
զավակին	1
զենկինները	1
ցինկաննա	1
խարիբն	1
կըդառնա	1
կըկորցունե	1
220-ամյակի	1
1779-1999	1
գյուղացիկ	1
գյուղատնտեսությամբ	1
եղածները	1
չունեն	1
ծերեր	1
չէն	1
անցնենք	1
պատմությանը	1
խոսվացքով	1
ձիյերով	1
պառցիլ	1
վարերուն	1
տույե	1
վարե	1
վարելու	1
բուկառներուն	1
վարիլ	1
քշիլ	1
պերանով	1
լծիլ	1
լծվիլ	1
կոչվիլ	1
„տռկեվուճ”	1
կլծվեյին	1
մոյսայով	1
լուծով	1
բոռանաներով	1
դափիլ	1
դափելներեն	1
ցաները	1
ցանվիլ	1
գուշտերեն	1
դոբռաներ	1
կեսատ	1
խադայիկ	1
յանաշա-յանաշա	1
մեյտան	1
սադիլկան	1
հնձած	1
գալսած	1
հնձիլ	1
չալղըներով	1
օրախներով	1
հնձողներուն	1
հետևեն	1
կապնա	1
խռեստե	1
գըրիլ	1
գըրածներուն	1
տաշովե	1
դեզերուն	1
չարանե	1
սամովյազկանե	1
բերվիլ	1
ֆոռդզոնիե	1
ամեռիկայեն	1
ֆոռդե-ի	1
գալսիլ	1
չգալսըված	1
փռիլ	1
կոտկայովե	1
կոտկան	1
տաչկայի	1
լձած	1
տապտայվելեն	1
էշտեն	1
կըջոկվե	1
էյնելու	1
սենաքներով	1
բիշբարմախներով	1
ձիերը	1
լըծվածով	1
արծիլ	1
տիմաց	1
կլծվին	1
տարածներուն	1
կուզետե	1
մոլոտիլկանե	1
կըբանցունե	1
պառովիկե	1
վառածով	1
գըկայնեցունեյին	1
չկոչելե	1
գըկոչեյին	1
թապլողին	1
զուբառե	1
վոլոկովե	1
գալսված	1
կլըցվեր	1
չուվալներուն	1
կըբառցվին	1
կըմաղին	1
ցանելուն	1
կըգըրին	1
առնողներն	1
խոռգութինով	1
այա	1
մաղողները	1
կինմաշդիկը	1
կավարտեյին	1
գեղերի	1
աշխատանքներն	1
առաններ	1
դավարներ	1
խառխաներ	1
խոտեր	1
դավարներուն	1
տանել-պերել	1
գեղացոց	1
աշխատանքային	1
օգտագործվիլ	1
բուկառ	1
մանդռ	1
կոպճակներով	1
կոպճակներուն	1
խոդալախե	1
կոպճակներ	1
տռկեվուճ	1
օգտագործվում	1
ձանր	1
բուկառի	1
փատերե	1
տռուբաներե	1
չոմաչաներուն	1
խաթալախները	1
քչալվին	1
կըլըսվին	1
կըհեռունան	1
մոյսային	1
փատին	1
խայիշե	1
դիշլային	1
դիմացեն	1
էրկաթ	1
պռտիկե	1
ռաշոտկաներ	1
էտև-առչով	1
փատերուն	1
վեզոքներ	1
տագն	1
դախտակներով	1
դախտակին	1
պեռին	1
քաշված	1
խաթալախեն	1
կապվի	1
օգզբաշիները	1
կըկոչվե	1
յարջիկե	1
բռիճկա	1
բեստառկա	1
գալսըված	1
գըրելու	1
չալղը	1
գործիքներ	1
հընձելու	1
7	1
գալփորիչ	1
գալերուն-հարմաններուն	1
արոտները	1
8	1
սենաքներ	1
բիշբարմախ	1
մատեր	1
9	1
վոլոկը	1
չուվաններուն	1
պաստռոնկաներեն	1
մաղեր	1
կորեկի	1
մաղ	1
դոդոխի	1
կոտկաներ	1
քարե	1
ֆոռդզոն	1
տռակտոռ	1
ամերիկայեն	1
ֆոռդի	1
պանցուցած	1
ֆռանսիայեն	1
սամովյազկա	1
տրակտորները	1
30-40-ական	1
խտզ	1
խառկովեն	1
ստզ	1
ստալինգրադեն	1
չելյաբինսկեն	1
ունիվեռսալ	1
լենինգրադեն	1
կոմբայները	1
ստալինեց-6ե	1
ռոստսելմաշե	1
կոմմունառե	1
սիբսելմաշե	1
լաբագռեյկա	1
սադիլկա	1
տռավյանկա	1
բոռանաներ	1
աքսայե	1
քաղաքներեն	1
թոփցինակ	1
խոսված	1
անուններն	1
իմացել	1
պապերիցս	1
տատերիցս	1
տեսածներով	1
առնըված	1
հայությունդ	1
հարգես	1
հայաստանը	1
հուսո	1
պատկանյան	1
այսօր	1
մեխտըրանքը	1
ծնողներու	1
վերաբերմունքի	1
մեծայի	1
արտասունքով	1
մեխտրանքն	1
հանդեպքը	1
տուվածիս	1
փնտռածի	1
բաբա-մամաներուն	1
չուզեցածները	1
կըպաղե	1
բաբա-մամաները	1
հայություն	1
յատմա	1
ձեփեյի	1
հացե	1
փափակ	1
մնային	1
թոռներըս-բալաներըս	1
առակներ	1
դաե	1
ալե	1
ընկերներնա	1
կազդին	1
թասեր	1
հայրենեե	1
ծանդուռթին	1
առարկան	1
մատեմատիկան	1
տուվողին	1
գրողինն	1
քաշվեյին	1
պեքիմ	1
բամբասանք	1
փիրափը	1
հայությունը	1
պահպանելույին	1
կարծիքովըս	1
տատումները	1
շուրջը	1
հանցանքը	1
վաժուին	1
հայրենին	1
կդարձցունուն	1
առարկաներուն	1
համեմատած	1
էղածչեղածը	1
պիտմոռնանք	1
ասածովե	1
մորերեն-հորերեն	1
փիրափին	1
այբբենարան	1
բզինգ-բզինգ	1
դաբաղաներուն	1
քոշաները	1
մաշած	1
իմանաս	1
հայաստանին	1
ամուրցունել	1
դասագրքերը	1
խրկին	1
կոմեռչեսկիյ	1
սպոնսոռ	1
կըկուտնուն	1
դասագրքեր	1
պերելը	1
ղեկավարությունը	1
կըտարցունու	1
–սա	1
կըգրեիր	1
թերութիններուն	1
կըտռածով	1
սրտերու	1
արդյունք	1
ազդել	1
հասկացնել	1
սովորելը	1
նշանավոր	1
լեզուներից	1
մաշտոց	1
գրականությունը	1
անպատվություն	1
ցանկացողը	1
ների	1
ավելացնի	1
шкм-ը	1
շինված	1
եկեղեցիների	1
եղած	1
7-ամյա	1
շենքերով	1
շենքում	1
մյուսում	1
տղաները	1
բակերում	1
շինվել	1
գյուղական	1
երիտասարդության	1
школа	1
крестьянской	1
молодёжи	1
шкм	1
1939-թվականից	1
սկսել	1
8-ը	1
պատրաստի	1
մայրերս	1
կարում	1
կտորից	1
ուսերիցս	1
թանաքամաններս	1
ձեռքերիցս	1
հասնելներս	1
թանաքը	1
սառում	1
դասարանցիները	1
կախում	1
ուսերից	1
գրքերը	1
թերթերով	1
փաթաթած	1
թեվերի	1
թանաքամաններն	1
վարպետորեն	1
ձեռքերում	1
նստարանների	1
երեսները	1
ծայրը	1
թանաքաման	1
ցածր	1
նստարանները	1
ծայրերը	1
բացվում-փակվում	1
կողքի	1
գրատախտակները	1
երես	1
հեշտությամբ	1
գրչագոթներս	1
մետաղյա	1
գրիչածայրերով	1
գրիչները	1
գունդի	1
ծայրերով	1
ծայրով	1
գրիչով	1
մետաղե	1
խողովակից	1
գրչագոթներ	1
մասից	1
կենտրոնական	1
միուսները	1
կարճերից	1
գրչածայր	1
մյուսին	1
մատիտ	1
խողովակները	1
գրչածայրի	1
մատիտի	1
կողմերով	1
մեջն	1
օգտագործվելիս	1
հանվում	1
կողմով	1
մտցվում	1
ստուգումների	1
գրչագոթներով	1
գրչագոթերուն	1
մտցնել	1
ինքնահոս	1
գրիչ	1
չկաին	1
կուդար	1
դասարաններում	1
առարկային	1
առարկաները	1
դասավանդվում	1
սկսում	1
5-րդ	1
դասավանդած	1
գրականություն	1
քերականություն	1
թվաբանություն	1
հանրահաշիվ	1
երկրաչափություն	1
եռանկյունաչափություն	1
աշխարհագրություն	1
կենդանաբանություն	1
բուսաբանություն	1
սկզբում	1
կրճատ	1
հետագայում	1
գեր.ե	1
միջակե	1
առարկայից	1
առարկաներից	1
երկուսից	1
ունեցողը	1
նույն	1
դասարանում:դպրոցի	1
շեմքից	1
գլխարկներս	1
ուսուցչի	1
պարտական	1
հետևները	1
մտներ	1
կանգնել	1
ողջունել	1
խուզած	1
եղունկները	1
կտրած	1
երկուշաբթի	1
դասամիջոցներին	1
հերթապահից	1
լինելիք	1
օդանցքները	1
ուսուցիչների	1
հերթապահ	1
դասամիջոցին	1
բոլորին	1
դասամիջոցի	1
չվազել	1
փոշի	1
չհանել,կանգնել	1
պատերի	1
աղմկելու	1
բարևել	1
քարոզում	1
աշակերտի	1
թվանշանը	1
անպայման	1
դեպքում	1
հաճախել	1
№5	1
դըպրոցում	1
խստապահանջ	1
դըպրոցի	1
դիրեկտորներ	1
թքոտյան	1
դալլաքյան	1
հայկազ	1
վարդանյան	1
աստիճանաբար	1
տղամարդ	1
զորակոչվեցին	1
սահմանին	1
մոտենալ	1
քաղաքների	1
ժողովուրդները	1
շրջանները	1
կոչել	1
մանկատների	1
детдом-ի	1
երեխաներին	1
տեղավորել	1
բաժանեցին	1
մյուսը	1
шкм–ը	1
հերթով	1
տեղերին	1
մոտեցան	1
ռմբակոծ	1
փակվեցին	1
шкм-ն	1
ռմբագոծվեց	1
օկուպացիայի	1
չտևեց	1
թշնամուն	1
տագանռոգ	1
գերմանացիները	1
1942	1
ընտրվեցին	1
գյուղապետեր	1
տարիքի	1
դրանց	1
ընկերներ	1
սաղաթելը	1
աշխատեց	1
ստիպում	1
պարոններ	1
անվանեինք	1
դավաճան	1
միչև	1
ականջներես	1
իչպես	1
ընկերոջ	1
սաղաթելի	1
ազատեցին	1
վերանորոգվեցին	1
6-ը	1
տարրական	1
ցանկացողները	1
թողել	1
դասարաններըս	1
տաքացածներս	1
վառարաններով	1
տաքացնում	1
քարածուխ	1
տներից	1
թեզաքներ	1
յատմաներ	1
հավաքարարերը	1
առավոտյան	1
թեժանում	1
դասարանով	1
թողնում	1
չմրսելու	1
շորերով	1
1939/1940	1
դասարանում	1
միակ	1
պետրոսը	1
խոջաբյան	1
տրդատը	1
տիգրանը	1
սկսվեցին	1
դրվել	1
դպրոցներում	1
պահանջով	1
մտցվեց	1
միջնակարգ	1
1947թ	1
քախցածություն	1
թողեցին	1
մուրալ	1
կարգին	1
հագուստ	1
հագուստների	1
կարգատաները	1
չեիր	1
հագուստի	1
շատերին	1
ոտնամանները	1
սովորություն	1
գիշերները	1
պատահում	1
թաղած	1
տեղիցը	1
գտնում	1
շները	1
տարել	1
տղերքը	1
ելան	1
էժանոց	1
եղածի	1
ածխահաների	1
տռանսպոռտյոռներից	1
թելիքներ	1
շախտյոռկաե	1
1948-49-թվականներին	1
տղաների	1
աղջիկների	1
հագուստներն	1
քովթով	1
խարաֆիլի	1
շոտլանդկա	1
թուլուփներ	1
բրդե	1
գուլպա	1
քովթերը	1
գուլպաները	1
շաբաթվա	1
վերջին	1
երևում	1
մեզանից	1
հագնվի	1
39-50-տարիների	1
պարակյանը	1
դասղեկը	1
դուքյանը	1
մինաս	1
խաչիկյանները	1
թագուհի	1
քարտաշյանները	1
բաբախյանները	1
խոջաբյանը	1
լուսիկ	1
թքոտյանը	1
անահիտ	1
խուբիյանը	1
քրիստինե	1
չորայանը	1
ճիլիքյանը	1
տատյանա	1
զորաբյանը	1
թոխթամիշյանը	1
քեչեջյանները	1
հովանես	1
խոյանյանը	1
տիգրան	1
գաբրիել	1
բադռկացիյանը	1
թորփուջյանը	1
մոշիյանը	1
այդինյանը	1
50-ական	1
սկսած	1
եղան	1
խեյգետյան	1
փուդեյան	1
արաքսին	1
դիրեկտորն	1
ռափայելը	1
1965-թվականին	1
կառուցվեց	1
հարկանի	1
շենք	1
քանդեցին	1
ձևափոխեցին	1
տնտեսական	1
ապրանքների	1
վերջերս	1
սեփականացվեց	1
խանութը	1
տիրոջ	1
продаю	1
երբեմն	1
դասատուները	1
հրավիրում	1
մընում	1
պատմում	1
կարդում	1
ներկայիս	1
ժամանակվանի	1
երկհարկանի	1
լուսամուտները	1
դասարանները	1
լուսավոր	1
վառարան	1
վառել	1
ասվալտ	1
կոբինետներ	1
կոմպյուտերի	1
կոբինետ	1
սպորտդահլիջ	1
հերթի	1
մեքենաներով	1
ժամանակնակվա	1
վարքը	1
կարծիքն	1
չարություն	1
չափի	1
գնալիս	1
հայհոյանքներ	1
շեմքին	1
զարմանքիցս	1
միքիչ	1
ամոթեցի	1
ծամոցները	1
գցած	1
ծամելով	1
բերաններիցը	1
հանելով	1
նկատում	1
մոտերիցը	1
վրաների	1
հագուստտները	1
ամենաթանկ	1
կտորներից	1
ուսուցչուհի	1
գնան	1
հետևներից	1
ջոկել	1
պահեն	1
կարգապահ	1
ծնողներն	1
առաջադիմության	1
կարգապահության	1
հիշածիս	1
ընթերցողները	1
խորին	1
շնորհակալությունը	1
հուշերս	1
գրելիս	1
օգնողներին	1
վար-դուհի	1
բաբիյաններին	1
այսպիսի	1
խնդիր	1
բանաստեղծությունները	1
հնչի	1
հեշտ	1
փորձել	1
թույլատրություն	1
կառավարության	1
երրորդը	1
մագնիտաֆոնս	1
գրելուց	1
թեյի	1
կանչեց	1
փետրվարի	1
հորեղբոր	1
որդուն-կարապետին	1
վարիչ	1
մեքենայով	1
հավաքենք	1
հավաքեցինք	1
1.երվանդ	1
2.կարապետ	1
3.ասվատուր	1
բոլորս	1
վարդուհիին	1
հետներս	1
կուլտուրաի	1
փորձերից	1
կռունկե	1
հարազատե	1
երաժտությունը	1
մարդիքե	1
մկրտիչ	1
գոյրունի	1
երաժըշտությունը	1
12-ից	1
4-ը	1
զպաղվեցինք	1
ճաշեցինք	1
միևնույն	1
խոսեցինք	1
ստեղծագործությունների	1
ռադիօլի	1
հայաստանից	1
պատմեց	1
երգերի	1
եղանակները	1
ստեղծել	1
ատամանյանի	1
սողոմոնյանի	1
հրետանինե	1
երաժշտությունը	1
աղջիկա	1
վալյաի	1
երգեցին	1
փորձը	1
12-ին	1
մնաք	1
արեցինք	1
գրվեցան	1
կռունկ	1
հարազատ	1
հրետանին	1
անելուց	1
խեկավարությանը	1
աշխատանքներս	1
ներկա	1
կոբինետում	1
սրաբիոնյան	1
կուսակցության	1
գյուղատնտես	1
գլխավոր	1
ինժեներ	1
կառավարությունը	1
9-ին	1
ձայնատրվելու	1
գնահատություններից	1
նպատակ-խնդիր	1
բաների	1
որոշել	1
զավակներինե	1
1970	1
թերթը	1
տպեն	1
կախենք	1
թույլատրությունը	1
կառավարությունից	1
տպարանի	1
չբավարարվեց	1
քարտուղարներից	1
թույլատվությունը	1
թերթերից	1
օրինակը	1
գրադարանից	1
աղաչելով	1
կիրակոսյանին	1
նայեց	1
վարժ	1
կարդալով	1
ստորագրվեց	1
разрешаю	1
նպատակին	1
25-ին	1
ոսկե	1
դրանցից	1
տիրացույանին	1
մլթխյանին	1
երեքը	1
կոլխազի	1
վարիչներին	1
28-ին	1
1975թիվ	1
կատարվեցին	1
առաջըս	1
խնդիրներըս	1
տարված	1
աշխատանքներից	1
9-ը	1
30-ամյակը	1
սպասում	1
րոպեին	1
վարկյանին	1
հնչի-ձայնատրվի	1
կատարել	1
մարզ	1
պատասխանատվությունը	1
հանձնըված	1
մարդիկներ	1
շտապեցնում	1
որպեզսի	1
սկսեն	1
րոպեն	1
ձայնը	1
փչացավ	1
դժգոհաբար	1
վերակառուցեցինք	1
խարագորկիյանի	1
դժվարություններից	1
հնչեց	1
գյուղովը	1
ընկ.ղազարի	1
չգիտեմ	1
23-ին	1
տպվեց	1
30-ամյակին	1
հուշարձանըե	1
սետռակ	1
միլիոնավոր	1
ռազմիկների	1
հայրենականում	1
քաջաբար	1
կռվեցին	1
թոփտեցիները	1
ստեղծագործ	1
զենք	1
վերցնել	1
մարտնչել	1
հայրենիքի	1
ազատության	1
պատճառած	1
չլինի	1
տագնապ	1
թոփտեցիների	1
հարկերի	1
ճանապարհեց	1
610	1
որոնցից	1
365	1
սրբազան	1
հողի	1
աշխատավորները	1
սրբորեն	1
պահպանում	1
հիշատակը	1
զոհաբերել	1
գալիք	1
պայծառ	1
ապագայի	1
մտնող	1
այցելուի	1
ուշադրությունը	1
գրավում	1
շեմքի	1
ներսում	1
բարձրացված	1
336	1
քաջերի	1
զոհվել	1
նկարներ	1
սետրակ	1
եղիա	1
եղբայրներն	1
ռազմի	1
չդիմանալով	1
հարվածին	1
վշտից	1
մլթխյանները	1
եղբայրներից	1
ավագն	1
ամուսնացած	1
խաչեղբայրը	1
ռազմաճակատից	1
նամակներում	1
կնոջը	1
հոգատար	1
հավատ	1
ներշնչել	1
վերադարձին	1
նկատմամբ	1
նամակ	1
համագյուղացիներին	1
կոչ	1
նպաստեն	1
ֆաշիզմի	1
ջախջախմանը	1
համագյուղացիներ	1
աշխատեցեք	1
եռանդով	1
էնտուզիազմով	1
բանեցեք	1
այնպես	1
կռվում	1
միասնական	1
ոչնչացնենք	1
ֆաշիզմը	1
հավատացնում	1
պայքարը	1
արդարացի	1
չտեսավ	1
հաղթանակը…	1
սետրակը	1
եղիան	1
զոհվեց	1
1945	1
ապրիլին	1
դաժան…	1
ավագ	1
խաչեղբարի	1
օջախի	1
չհանգավ	1
այրին	1
ետպատերազմյան	1
կանգնեցրեց	1
ամուսնացրեց	1
յուրաքանչյուրն	1
եղբայրների	1
հայրենասիրության	1
նվիրվածության	1
ամենայն	1
դրվատանքի	1
հերոսաբար	1
զոհվեցին	1
երկինքը	1
աճեն	1
օջախը	1
կանգուն	1
շենանա	1
հանդիպեցի	1
խուլայան	1
գալաճիներես	1
բաբուքին	1
սորված	1
սաղաթել	1
100-տարեկան	1
կըներկայացնում	1
հեքյաթներեն	1
ատենով-ժամանակով	1
բարկացած	1
չակառլըխ	1
կարքված	1
երեխա-մանչ	1
ապրուստ	1
չելլին	1
չակառլըխներուն	1
կըբռնվին	1
վախեցածներեն	1
քթոխցունուն	1
քըփախչին	1
խապլան	1
է,իտավոնք	1
ֆոտ-ֆոտ	1
կպածովը	1
ասլանն	1
դաբռա	1
կըծուցունե	1
կծըծե	1
բադռից	1
պավուլը	1
կըմեզնա	1
ասլանին	1
կըպառկեցունե	1
ծըծելու	1
չորվախե	1
խըմել	1
վեզիրներեն	1
չըհավատաց	1
պարպել	1
խմելեն	1
հարփեցավ	1
փաթտեցին	1
կլետկա	1
կուտեցունուն	1
քխմցունուն	1
վայրենիյի	1
գեշտար	1
տղինմով	1
քըհետաքրքրվեր	1
տառցածին	1
խոսկըմ	1
քսորվեցուներ	1
չիգիտցած	1
ասլան-օղլու	1
առյուծի	1
սումկա	1
պատմածներուն	1
դասամիջոցներուն	1
գըկայնե	1
ձընած	1
կերկընան	1
կըգանգատվին	1
օխյա	1
չիտա	1
վաժապետներուն	1
փարչեր	1
փարչին	1
կոտռիմ	1
շուտկուցուց	1
փարչը	1
կախվեցավ	1
փարչն	1
կեդնին	1
էդեվը	1
հանդիպիս	1
անիծեցիր	1
անիծեցի	1
բաթելու	1
անեծք	1
հանդիպիսը	1
խոռկըցավ	1
հիվանդի	1
մեկալօր	1
ըյնին	1
բաբայեն	1
ուզենանք	1
պալիքները	1
պալիքներ	1
ժանկռոտ	1
չիտուվիր	1
էգեռներ	1
օսկիներով	1
թեբլովներ	1
տուռի	1
ժանգռոտ	1
պալիքներուն	1
քովիդ	1
զոռաքին	1
երկնային	1
տըրեք	1
հեծիր	1
աղուս	1
ոթիմ	1
մեչես	1
պիտմոտկընար	1
օլդռվածովը	1
զըխըմով	1
հաքցուներ	1
կեդին	1
խոթեր	1
փաթտվիլ	1
ինչըդ	1
օղլըյին	1
կըպախըլնա	1
միևնույնն	1
կըծեծկվին	1
մոտկընամ	1
կըծեծկվիք	1
խընձոր	1
կըդիլ	1
հատիս	1
հատներըս	1
խնձորը	1
տերվարի	1
կլորիմ	1
էտևներեդ	1
պերանըդ	1
ցըքիսնը	1
մուռչում	1
կոճակ	1
լիզույիտ	1
տընիս	1
քեսա	1
զարքիր	1
կըլցվե	1
խնձորն	1
կլորից	1
վազեցեք	1
խնձորին	1
հեձավ	1
նպատակներըս	1
խրձմ	1
անտեղի	1
փորցանքները	1
հըմ	1
ընչեցուր	1
իտատեղը	1
ընչնիս	1
յալըս	1
փետիս	1
կատարիս	1
ջլատ	1
թողնին	1
աթոռքը	1
հրամայե	1
նըստիմ	1
նստելըդ	1
99	1
կտռիճի	1
100-ումն	1
չենկել	1
իլինքցունելու	1
չենկելը	1
ընծայածովը	1
թերազիին	1
հոչըմասմ	1
մատնի	1
ագեր	1
գան	1
գուշտում	1
ագերը	1
բաշարիս	1
կոխել	1
պայմաններուն	1
սաբախտանը	1
մատնիդ	1
կըբաթե	1
կտռիճներուն	1
գաղտնիքն	1
մնալեն	1
կաղդոտեն	1
մատնիս	1
կըհանիմ	1
քեսամ	1
հուռա	1
կըտռիճը	1
հասցուց	1
ծեծկըվածեն	1
որսի	1
ադամոշդիյի	1
պաթեցուց	1
ադամոշդիի	1
ուժովը	1
դոբռաներն	1
պաներով	1
յանկայիդ	1
մազին	1
կըպչող	1
միանի	1
քըսպանե	1
մալըմն	1
վախքոտներեն	1
գոլի	1
կլվացվե	1
խաղեր	1
քըխաղան	1
կէլլին	1
խոտի	1
դեզին	1
պոհոտվելու	1
խրատածին	1
լվացվեցավ	1
փետելու	1
առակին	1
շուտ-շուտ	1
կասվե	1
լմննալույին	1
տեսնե	1
շոհլեներն	1
կըլսե	1
խրկի	1
մոտկընալը	1
անկարելի	1
լաց-գոռում	1
մէշտա	1
յանկաներուդ	1
փորցանքներեն	1
փամփուխայեն	1
յարտըմ	1
դառցիր	1
ծովի	1
էլե	1
ծովեն	1
պերե	1
էլին	1
ուզենան	1
պացվել	1
յալեն	1
էկածովը	1
ուտեր	1
կռիշն	1
կռիշներն	1
աթամոշդի	1
սպանել	1
աստծու	1
կռիշները	1
կտռիճին	1
ուտեին	1
մուրատըս	1
առնելն	1
ուզացիր	1
աղկութինիդ	1
բայթալին…	1
քենարն	1
մորիի	1
բաշլայինք	1
պաղեցունել	1
օխյայով	1
հաջողվիս	1
չիհաջողվիս	1
պաղեցունունք	1
մնանք	1
փչողին	1
նշան	1
փչողը	1
անքամեն	1
թռցունելու	1
չէղար	1
պերաններեն	1
ալեֆներ	1
ճապտռելու	1
կէրին	1
բեջերմիշ	1
սպտռեցան	1
տասներկու	1
փենջերներ	1
գիտնաս	1
թռչիս	1
կիդնաս	1
մուտնուս	1
դանակն	1
դնիս	1
անքեն	1
կորար	1
օղլուին	1
կապիքին	1
վեր:անքան	1
կըմութնեցունե	1
լիզույին	1
կուրցքին	1
մուտնելեդ	1
քուկուդը	1
ուտինք-խմինք	1
ձիքցուց	1
կուրցքերուն	1
մինութն	1
կվերչանար	1
փենջերեն	1
խփեցին-բացին	1
թըռան	1
կատարվիլե	1
հարձակված	1
ետքի	1
սպանից	1
արևելքեն	1
յանկաներուն	1
կնծային	1
կրգած	1
հայտնվեցան	1
կետնին	1
պաքից	1
կարոտները	1
խունտում-ջուխում	1
կնիկներով	1
էշտա,–	1
անմեսենը	1
կուզենը	1
էլինք	1
կըպախլնա	1
տարհըվեցավ	1
դարհըվեցավ	1
ջեբին	1
բիզ	1
չուվանով	1
ծեպերով	1
էրկընցուց	1
ծեպերուն	1
օղակները	1
քըփնտռեյին	1
պապա	1
ուժըտ	1
քփորցիմ	1
կապիք	1
կըտռիմ	1
կտռելու	1
օխյայիս	1
օխյային	1
խայիշով	1
կտռի	1
ձքից	1
ջունգլի	1
բեկի	1
գըլորվե	1
դերը	1
մաղռատմիշ	1
կուլան	1
չհասնելե	1
կռծելու	1
լուսացավ	1
էրկինքը	1
պացվեցավ	1
աղվենիք	1
խափվեցար	1
առնեյիր	1
տընեիր	1
սարի	1
լվանայիր	1
սաղնային	1
հասնեյիր	1
աղվենիքները	1
սոլին	1
սոլը	1
սաղին	1
լվաց	1
բաբիյով	1
մեռուցած	1
էսլըներուն	1
ծեծկըվելու	1
բեկին	1
դերվար	1
կլորիլ	1
ժանկռոդ	1
թուրը	1
քըսրեր	1
իդավոնցմով	1
տեղըմ	1
տեղերըդ	1
կըմեխքընան	1
պռնածովը	1
կռնակեն	1
գոլդան	1
խառղաներուն	1
բաբիյին-մեծային	1
մէլլիք	1
ասքային	1
կանչինք	1
կեշուտինին	1
վրեժըս	1
սարքեցին	1
չտեսաք	1
օրտախըս	1
խնձոր	1
պատմողին	1
խնձորներն	1
ադենով	1
ախքատ	1
փիադե	1
տուվարչի	1
օնկուզի	1
հախն	1
արոտեն	1
պերած	1
օնկուզներն	1
քըքշե	1
օնկուզ	1
թեվերուն	1
ծակած	1
կոտռած-կոտռած	1
բոհոտվեցավ	1
կոտռող	1
կըզարնիմ	1
քըսատկեցունում	1
զարնի	1
սպանի	1
չոփլուկները	1
խառնած	1
կուկուտնե	1
չեշտաս	1
վեզիրին	1
մուջեհեթ	1
թողնիմ	1
թագավոր-թագուհին	1
պալատը	1
էկածըտ	1
թերազիներըտ	1
քաշերըտ	1
թագուհին	1
աղտոտե	1
ջնգ	1
արլըխն	1
թոթեցին	1
խնամիյի	1
թութու-մութու	1
կիտեր	1
թողնելու	1
խնամիության	1
աթոռքըտ	1
հրամայեցեք	1
օլտռվեցավ	1
տեսնունք	1
տեսությունով	1
նորենոր	1
հալավներեն	1
հաքվեցուց	1
պալաթը	1
չաթալներով	1
թիքալներով	1
ասելուն	1
քշովե	1
միամիտին	1
չիմհավնի	1
թենթեքի	1
քըշովե	1
շարժմունքը	1
շարժմունք	1
չիհանգչի	1
կտորներե	1
գօջակներով	1
հաքվեցուցին	1
չշովե	1
տեղը-փոսը	1
կըհարցունէ	1
ֆայետոններովըտ	1
կիդենը	1
օսկիյով	1
ըլացվի	1
ֆայետոնները	1
թագավորական	1
յլխը	1
կարծե	1
ձիյեր	1
տայեր	1
կռիշներ	1
յլխըջիյին	1
հա՝նա	1
հարցունուննը	1
յլխն	1
յլխըյին	1
յլխըն	1
ճոնտուխ	1
քեսեքն	1
որինը	1
պոչերով	1
կըթուն	1
որինին	1
տըղայե	1
կեշտա-կեշտա	1
հազարին	1
աղգութինը	1
խմին	1
սպանեյին…	1
սրթի	1
չոխմառին	1
բատռիլ	1
դեվի	1
կաշի	1
սպանելու	1
վերուցեք	1
պոհոտվեցեք	1
կելլիք	1
մըտած-չմտած	1
ֆատաժանը	1
վառեցան	1
չիգուտնու	1
ուտել-խըմելու	1
սեմթինները	1
պարցերը	1
կառվատները	1
դոշակ-յոռղանով	1
պարցի	1
քելլոնն	1
չինանի	1
խոսքիս	1
թաղիս	1
պանիդ	1
սատկիլենը	1
ֆռ	1
բուկեն	1
թապլեցիր	1
բռունգըդ	1
կըժաժերու	1
կըժաժեր	1
ժամանակներեն	1
որսորդները	1
վիրավորված	1
քըսատկե	1
խոսքին	1
զենկինը	1
խարիպը	1
կիտցողները	1
կվերչացնուն	1
բանաստեղծների	1
1978	1
թիյ	1
նշանված	1
կարկըվե	1
սբես	1
մեկալինը	1
կովասանքները	1
ասածներըտ	1
գըզարնին	1
քըսպանին	1
իրկվանըմ	1
ախչիկա	1
աղա…	1
ճամփորթիմ	1
գեշտամ	1
գենալու	1
սապախտանը	1
ձիյըտ	1
գեշտաս	1
ֆսվացքով	1
խաթալախներով	1
սըքլըվե	1
կիզ	1
փռե	1
տուներըտ	1
կուտնու	1
այեղռը	1
յանգա-յանգա	1
ախչիկանըտ	1
հեռուցած	1
իսեր	1
պանեն	1
կիդերնը	1
խամչիյին	1
ձիյովըտ	1
հասնիք	1
հեծիք	1
տղան-ախչիկը	1
հանեցիր	1
չճանցվորի	1
տուվիր…	1
ախչիկներուտ	1
ինձիմեն…	1
թողանին	1
կուդնունք	1
վըտեխի	1
շարքըմ	1
լծեցին	1
յանաշայեն	1
քալենքալեն	1
տեսնողները	1
կընեցիք	1
կըհարցունենը	1
տերոջը	1
քըփնտռինք	1
կըճաշնաս	1
տուռերը	1
խեղեջները	1
մախսումը	1
կուլաս	1
սաքային	1
պիտբաշարինք	1
կըմուտնուն	1
մարըհարը	1
վերցունելու…	1
բաշարե	1
կընիկն	1
անցնելներեն	1
բայ	1
մորն	1
հեքյաթն	1
արտագրված	1
ձայնագրվածից	1
եղածը	1
գյուղերում	1
կուտաին	1
ամենիս	1
ծանոթ	1
օշտախին՝արշալույս	1
նազարետյանին	1
տայեկյանին	1
հատմը	1
հուշերեն	1
մըտաննը	1
մընացիլ	1
թափեցունելու	1
բարեկամներն	1
հեսաբել	1
աշակերտներն	1
նազարետյանը	1
վերցածը	1
եգորիչ	1
կընացածներուտ	1
լըսին…	1
միդքըդ	1
ադքանի	1
ադոնք	1
չարտուրալեն	1
պատմիս	1
քըցքիս	1
բոռյա	1
թեթևեն	1
վաշտերեսին	1
գուլիկին	1
միքեիլին	1
ալայուվ	1
մեկտեղ…	1
կեշտաք	1
խնամիյե	1
գնացածներըս	1
նշանինքնը	1
տնինք	1
պլաններըս	1
կախլիյին	1
բաքի	1
մեկալոնց	1
կլավային	1
գիրակոսին	1
արինքնը	1
էմջե	1
կանչըված	1
անցվի	1
չկենանք	1
կախլիյի	1
ելլել	1
հավնիլին	1
ազմիշ	1
խելքես	1
էմջեն	1
փեսաներուս	1
արիցեք	1
լծինք	1
կաղտնիքները	1
էփպեյի	1
նստեցուցինք	1
հաքվեցուցածներըտ	1
կառտոս	1
գիմնաստյոռկա	1
վալյային	1
հաքվեցուր	1
կադետներուն	1
ադնիմի	1
մաբլիզացի	1
քխառնիմ	1
չիլան	1
չնըստին	1
մոբլիզովատ	1
լսածին	1
հայնակ	1
ռուսնակ	1
պոճեմու	1
գոջգե	1
գալաջիդ	1
պոտոմու	1
ճտո	1
եսլի	1
մաբլիզույուտ	1
պոդնիմիմ	1
վաստանի	1
վոզմյոմ	1
մերնիս	1
հավնեցաք	1
էշթըվի	1
դումբուռ-դումբուռ	1
կուզինք…	1
դընելներըդ	1
պաներըդ	1
խնամիինքու	1
կոծիտ	1
բենգ	1
էկածներըս	1
գըհավատաս	1
զաքարին	1
ասիվուկն	1
խայմախի	1
խուշի	1
չերլըմաներ	1
անցուցածըտ	1
անցուցածըս	1
քըփատվիմ	1
յալիի	1
քըցատկիմ	1
քխըխտըվիմ	1
գոկնոցով	1
գոկնոցին	1
կըռջովա	1
գուռաշ	1
կըպչելու	1
կլմաներ	1
գոհարը	1
խածից	1
վըյ	1
պըսակեցինք	1
սեռգեյ	1
մառկովիճն	1
նիկոլաևսկիյ	1
մանեթնոցն	1
կըհավնիմ	1
մհարմայիս	1
չըփախչեր	1
պերելներես	1
կըպանային	1
ռուսներուն	1
գենեռալ	1
հայերն	1
կարաղի	1
չցավցուցած	1
հոգին	1
կհընարեր	1
կըերքեր	1
չերցավեր	1
հառոդը	1
քըսիրեր	1
երքել	1
նալոգ	1
ժողվող	1
կբաշլայվի	1
նալոգներդ	1
կախվածին	1
նալոգը	1
զադանիներըս	1
զադանիներես	1
նալոգներըս	1
շարքերըս	1
վաստըկող	1
տղաքըս	1
կմուտներ	1
մառ-մառ	1
կանչալեն	1
ցքելու	1
ըշթահով	1
չկիտցողըս	1
ծեպը	1
կըդակն	1
կովըս	1
պոչիտ	1
նալոգովըյ	1
էկիլեր	1
նալոգներ	1
հոքիյիդ	1
անինքա	1
ըմա,	1
թունչետ	1
բաքնիմ	1
շապ	1
կըդակըս	1
լայոդած	1
ձմեռին-ամառին	1
չըհանելե	1
կըհաքնիմ	1
հաքնիմա	1
տեմի	1
կըլոխն	1
կըդակիս	1
մերժել	1
լայոդ	1
կըդակը	1
քիֆիր	1
միտքեր	1
չոստիյի	1
թեթև	1
ոթելու	1
կըվոթե	1
հիմար	1
քըքրֆե	1
կծեծկըվե	1
դարդ	1
ոթելն	1
գեղացոցն	1
խելոքին	1
հիմարին	1
իմանալեն	1
ումեթներ	1
կոտռվի	1
տըղաքըս	1
տեղնին	1
հատեն	1
տասնըմեկ	1
չեկածով	1
ինը	1
դողերն	1
երքին	1
դողերըն	1
օռդինանոս	1
պառտիզան	1
ստառշինա	1
կըկարե	1
կատառ	1
ժելուդկաս	1
երքից	1
հասածներըս	1
պանել	1
պանեցավ	1
ծանրություն	1
էրվընցածեն	1
թանկըս	1
չիլամնը,սրաբիոն(ցյաբո)բաբին	1
1968-ին	1
լսած-տեսածով	1
հուլիս	1
1949-50	1
շվանեռ	1
տոլճոկեն	1
կըկընեյին	1
կելին	1
քրոջներուն	1
տոլճոկին	1
կրունկի	1
կվախենային	1
կըգորցունունք	1
շիֆանեռներուն	1
գայնե	1
շիֆանեռին	1
դեսոքը	1
չէշտա	1
վառիմու	1
բելոմոռըս	1
հանիլիլ	1
սավոր	1
ժուլիկներուն	1
բելոմոռը	1
չիննը	1
հեսաբեցի	1
կգուտներ	1
կընացածը	1
8-ում	1
հանդիպերնը	1
ջանցվորը	1
կըհանդիպե	1
կմանքան	1
կրունգին	1
էղաձեն	1
պռնողը	1
չմնալե	1
կըմանքաս	1
մանքամ	1
գազադե	1
աբինեն	1
սանատոռի	1
քխրկին	1
հոնալ	1
խսմեթ	1
ջանց	1
էշտալ-քալ	1
գենանք	1
բառգե	1
խեղջ	1
չկիտցածը	1
իմացունել	1
չժաժեցավ	1
ռուբաշկի	1
կընից	1
իրիգուն	1
նայալեն	1
տեսավնը	1
էլլեյիր	1
քայիր	1
աբինին	1
վարդիք-ռուբաշկի	1
կընեցի	1
ունիվեռմակը	1
բուդյոնովսկիյին	1
էնգելսին	1
էլլիսնը	1
բռատ	1
չըկնացած	1
գուտնու	1
տըռամվայի	1
կուկուտնում	1
ասիննը	1
տռամվայներն	1
ավտոբուսներն	1
գորայա	1
հավսարակի	1
հետեվանքով	1
քշողին	1
գընստեցունուն	1
կըջամփին	1
պատմիցնը	1
ճաղաչք	1
պատմողներից	1
13.09.1971	1
ազգականներուս	1
չունեցածներեն	1
ժամեն	1
կնիկներ	1
ներեր	1
քուրեր	1
չըտնողներեն	1
ընտանիքները	1
քուքային	1
կըբորհեյին	1
քըխաղային	1
պառտինա	1
գըկենային	1
իմանային	1
էշտալները	1
մեմալումը	1
օչեռետն	1
լըծել	1
կլըցվին	1
զընդան	1
կըմոտկընան	1
կըբղաք	1
կորե	1
գընհադ	1
գըկանչե	1
մինքինք	1
քենին	1
վոշտոքով	1
հագնելեն	1
քայիք	1
գընհատ	1
առչիգօրե	1
վառեցին	1
լամփերը	1
նըստան	1
բաշլայենը	1
թեմիզն	1
ահ	1
գըկենան	1
մեծաներուս	1
ծախածները	1
ծխելու	1
չորցունելու	1
գայանուշ	1
կախածները	1
կտեսնենը	1
փոքրը	1
չերքայի	1
ծախեցի	1
թիթունները	1
տանինքնը	1
շտե…	1
կըռնակները	1
գըհասնին	1
դոբռաներուն	1
ստականները	1
կասիննը	1
դվա	1
չիկիտնալու	1
հոժարցավ	1
վառուշն	1
ծախսը	1
գըհարցունուն	1
почём	1
табак	1
բարձերես	1
маленький	1
большой	1
тогда	1
дайте	1
маленьких	1
քեսաները	1
կառնե…	1
կըհասցունե	1
պահիս	1
սեքսենը	1
ծախսերը	1
большого	1
стакана	1
չափիլ	1
բազարներն	1
ճաշտըվիլ	1
խնտացիլ	1
մեռելոց	1
արոտ	1
որինն	1
հավասար	1
սուրբուին	1
էրամի	1
կարապետն	1
հոժարա	1
կըհոժարվին	1
գովասանքները	1
կըմոտկընա…	1
գերեզմաններն	1
յալնըշիս	1
լացիլինք	1
կըդան	1
գովասանքներ	1
չտընելե	1
դոշնավորին	1
կնքամար	1
կըտոնին	1
կպատկաներ	1
կնքամարին	1
մինդար	1
մեծաներն	1
քշարե	1
կնգահարին	1
տակըդ	1
կնգահարն	1
չանջըրկած	1
գալաբուռդայի	1
գալաջիյոդ	1
գըվառե	1
քըթեթևնա	1
տագը	1
կընստե	1
կավատներով	1
կզարնըվին	1
գոռթնին	1
տոստեր	1
աթոռքներեն	1
գնըստին	1
վերցած	1
օջախլըխը	1
աթոռքըս	1
առնողին	1
աթոռքիս	1
մորաքույր	1
յեվկինեն	1
մորաքույրը	1
զվարթ	1
հայացքով	1
հետաքրքիր	1
կյանքից	1
ուշադրությանը	1
լսենք	1
բոստանի	1
ժողտեցինք	1
բոստանը	1
տուլա	1
ծախեցինք	1
խասանք	1
պաներս	1
ծեռքերես	1
օճեռետներըս	1
կմոտկնա	1
կըհասնինք	1
մավզոլեյին	1
կլըսինք	1
միլիցին	1
сдавайте	1
все	1
камеру	1
хранения!ե	1
կիմաշդուն	1
գըլոր	1
զդավաթ	1
կամեռա	1
խռանենին	1
կռեմլին	1
կվախենանք	1
կըկորցըվե	1
չուզացի	1
վեշչիներուս	1
կըտորը	1
ժետոն	1
такие	1
дорогие	1
нельзя	1
хранение	1
сдавать	1
հեռունար	1
кремле	1
воруют	1
հանելե	1
կվախենամ	1
վեշչիներով	1
վագզալ	1
էշտալիք	1
քանիյի	1
էշտալուն	1
ցավս	1
ըլամ…	1
բոհոտվիլ	1
մոսկվան	1
70-ական	1
12.09.2004-թվին	1
կընչընեյի	1
հալոքովն	1
70-տարեկան	1
մոտկըցանը	1
տայախիս	1
քըքալիմ	1
ծունկիս	1
շպռիծով	1
տարուքըտ	1
կըհասկուցունուն	1
70-տարի	1
քալեդ	1
ապրածըտ	1
կոկտի	1
մեռնիսն	1
ալը	1
տռագեդիյա	1
տրամադրությունըդ	1
հաջողվելու	1
ասածն	1
1991-ին	1
սբեռ	1
կնիժկա	1
բասմախներ	1
ընչընելը	1
կլորման	1
փենջերեներ	1
երվանդն	1
91-ին	1
կուտաք	1
բախտիս	1
կնիժկադ	1
խսմեթիս	1
էր,–	1
առնեյի	1
1931-ին	1
1932-են	1
1938-ը	1
անիմա	1
օչառետ	1
մոշիյին	1
տառի	1
պեռեռըվ	1
կուկաք	1
դուռերն	1
պասպոռտըս	1
ծըբեռկա	1
կնիժկայով	1
քցըքեյի	1
կառնեյի	1
խաչատուռովիչ	1
անունիտ	1
կ	1
բաբայիտն	1
դ	1
նայիլիք	1
գրիլ	1
էրկինքեն	1
գիտնամնը	1
օրենքեն	1
չպերած	1
կնիժկայի	1
դեյիննը,մինք	1
թանձըռ	1
ադվոկատ	1
որպեսությունը	1
անելուտ	1
ջամփեցին	1
չուզացին	1
կոզլուկով	1
матьперемать	1
люди	1
по	1
3000-рублей	1
получают	1
рублей	1
получать	1
могу	1
адвоката	1
судья	1
надо…	1
ասքովն	1
слушаю	1
պատմեյի	1
ֆրթընայի	1
займись	1
этим	1
дедушкой	1
нарсуд	1
пойду	1
տիպին	1
տեղանակին	1
պատմածովըս	1
900	1
կոպյան	1
կիսիռիկիսե	1
միտռիկըտ	1
թուխթերն	1
էշտալուտ	1
կրած	1
հեդըտ	1
պասպոռտիս	1
էրեսի	1
լաղաբիս	1
անուններս	1
հանելույին	1
լիստնա	1
մեկերեմը	1
գոս	1
պոշլինի	1
900-ին	1
առնողները	1
բառկեցուցիլ	1
օրվանի	1
միտռիկըս	1
գուտնում	1
փնտռեցի	1
կիդիսքենը	1
պառկիլիմ	1
տանի	1
տարիյա	1
մալմըյիթը	1
ախչիկանը-ադվոկադին	1
կուդամ	1
անջրկիլ	1
խրկեցի	1
41	1
ադվոկատըս	1
2002	1
2003թվին	1
վերչացածը	1
վըկաներըս	1
բերեկչիյին	1
բոյաջի	1
վըկայի	1
մամաները	1
կըլսիմ	1
ֆամիլյաս	1
правильно	1
пишутся	1
фамилия	1
имя	1
отчество	1
никохос	1
хачатурович	1
нигохос	1
хачадурович	1
малых	1
меня	1
звали	1
по-моему	1
голя	1
пишется	1
понятно	1
վըկաներուս	1
ադտեղի	1
բանքեն	1
ստակըտ	1
իսնը	1
դյադյա	1
վկլադըշ	1
կորուցիլ	1
խառաշո	1
կնիժկային	1
պիտտընիմ	1
վկլադշը	1
կորիլ	1
երվանդինզավեդուշչիյին	1
սվեռկա	1
քրֆեցի	1
սվեռկայի	1
մոտկըցիր	1
վախտյոռներուն	1
ծեռքն	1
գըզակին	1
վկլադըշին	1
800	1
քրֆածիս	1
քթիվթիվամ	1
նառսոււդ	1
տասնօրեն	1
ադվոկատի	1
խարջած	1
գոկտի	1
ռեշիտ	1
տասն	1
կնացածըս	1
տըմացիս	1
փորցը	1
ռեշենիները	1
նայածի	1
1800	1
բադռիմ	1
հաց-ջուր	1
շարունակությունը	1
17-ին	1
կերեզմանի	1
կեղ	1
էկանը	1
յոռոխն	1
կինմաշտըս	1
տրաբեզ	1
ուտել-խմելուին	1
շողիկիս	1
ջաշնանք	1
գըկանչիմ	1
մարկոսն	1
նշանածին	1
էտև-էտև	1
խնամիներ	1
խնամիներուս	1
հարգելու	1
ուտել-խմելու	1
գուդեր	1
էրկուսում-ժեքում	1
կավաթներեն	1
սխցունելու	1
տունըտ	1
էղըլինք	1
միքա	1
տուռըս	1
ռախիին	1
բարբըվեցավ	1
չուզեցած	1
բիաթային	1
խնամին	1
շողիկ	1
կեղացիյին	1
դառաթը	1
կիտնաս	1
պարիյին	1
հավ-ջիվ	1
կըթել	1
սենաք	1
պաճախ	1
կայնեցունուս	1
հասկըցար	1
կործը	1
նըստեցուցինք	1
ազատեցանք	1
ծեծածի	1
գըլսիմ	1
կործով	1
կըկանչիմ	1
լցի	1
բուգեն	1
հով-մով	1
կեկեռմիշ	1
կործկալու	1
հեռուցուցած	1
կավաթը	1
լըցվեցավ	1
կըջեբներ	1
օպօզօռիցը	1
գեվորգ-պարեկամս	1
անքաղավարի	1
չափերեն	1
անցնող	1
էղավնը	1
50-ներուն	1
շալթրցի	1
ժանկռոտած	1
չքակված	1
հայկայի	1
կըջամփե	1
կազատցունե	1
զուռնաջիներեն	1
կըլա-կըլա	1
խոլթուխներեն	1
քըքըշին	1
անցնողները	1
էրեսներն	1
քիթերուն	1
զուռնայիդ	1
կըտռիճներն	1
անքաղավարութինների	1
տեսակները	1
ցքիք	1
կնացիլ	1
օշթախս	1
ստոյկային	1
գոճակներ	1
ջոգէ	1
քըքրքրիկ	1
տռնախներով	1
խառնածներուն	1
կլոխներուն	1
սիմոնին	1
էշտալուներուս	1
սրայեն	1
հասնեյինքնը	1
կլոխներըս	1
պատահածը	1
կերկունցունուս	1
չհամփրեցա	1
մտածներըս	1
կիրի	1
եմիշով	1
վազերը	1
պերած-չպերած	1
բուշեվատ	1
ժողված-չժողված	1
կընգահարը	1
ստակները	1
գըհեսաբեր	1
ժաշկըտելու	1
խառնըվեցան	1
նեսիններուն	1
սիրտ-սիրտի	1
որրը	1
գըռնակ-գըռնակի	1
զակուսկիներուն	1
բռզենտներուն	1
կըտկըտելեն	1
գըռնակներես	1
տեղավորվեցանք	1
կիտինք	1
կըռնակես	1
հանեյին	1
գոջակ	1
թռիլ	1
մեխկը	1
կըտնըվին	1
կըտնըվելու	1
թափեցունե	1
քովթըտ	1
հաքածըս	1
էտիկետկան	1
գոջկըվեցա	1
հավնածես	1
շոյեցի	1
պալատկան	1
ժողտին	1
քըփնդըռինք	1
վառիանթ	1
խասևեթը	1
զակուսկին	1
տընին	1
խառնածներըս	1
վերչանալեն	1
փնտռեցինք	1
գոջակներըս	1
չըկտանք	1
բեսը	1
տեմեռնիկի	1
կնիկըտ	1
դեկմե	1
չիհավնող	1
փորցանքն	1
ջենգ	1
բաժնըվելու	1
մանքաս	1
ազատիք	1
պանով	1
սախթ	1
հալավներըդ	1
կըռնակներետ	1
ցըքիկ	1
հայասերների	1
բաբիյան	1
բատիկյան	1
խ	1
քրիստոստուրյան	1
հ	1
վ	1
1985	1
պատկանյանի	1
անվան	1
ստուդիաի	1
անդամների	1
գիտցիր	1
կըմոտկընայի	1
կապոտին	1
ռախի-զակուսկի	1
խմածները	1
քըշարունակին	1
խմողներուն	1
գալաճիներն	1
տեղավորվեցան	1
չմընաց	1
աթոռք	1
պաժնըվե	1
քըչալին	1
գոչհավայով	1
խաչճամփան	1
չիճամփած	1
տերոչն	1
հարփածը	1
հարփածիս	1
հեռուցեք	1
ձեր…	1
հարգից	1
չկիտցավ	1
կուտաննը	1
պատիվըտ	1
կուզեի	1
չհավնեցար	1
պաներին	1
50ներուն	1
կըհիշեյի	1
կըզարնեյի	1
ծեռքիս	1
դակի	1
գըկոտռեյի	1
կըպռնեյի	1
ժառ	1
կըպատռեյի	1
քթռչեյին	1
պատիվներըս	1
համով-ֆոդով	1
մոռցիլիմ	1
չոնախին	1
կըլսվե	1
զոլոտոյ	1
գոռային	1
խոսկես	1
գելլինք	1
քեֆերես	1
ադեթիս	1
քաշածներըս	1
չինիներ	1
գըկոտռիմ	1
գավաթներ	1
քթռցունում	1
ռուբաշկիս	1
կըբադռիմ	1
ադեթըտ	1
գըկըդռթվիմ	1
գըկոտռիս	1
իդաբեսով	1
գըկոտռե	1
ազդած	1
հեսաբիլ	1
ադգի	1
անքաղաքավարութինները	1
տպին	1
զառյա	1
օշտայի	1
մատիս	1
փսնեցավ	1
չտրի	1
տրորեցի	1
տեք	1
մատըս	1
ճխքից	1
увч	1
կաբինետին	1
վիզն	1
բինտով	1
յուռմուխիս	1
կունդ	1
օլդըռել	1
գոլդայով	1
կոլդռվե	1
կալի	1
ծեռքըդ	1
վիզետ	1
քուկուտինին	1
վիզիս	1
բուլվառ	1
կլոխն	1
ընկիլիս	1
քըքալիս	1
կըկիտնայի	1
կընչնեյի	1
կառտ	1
վերնալու	1
խանդռոզ	1
կրից	1
դինամիկի	1
չմեկնեցար	1
73	1
դոմաշնի	1
կինոտեատռ	1
թուռշիյեղեն	1
էկէր	1
կըպանցունուս	1
կլոխըս	1
ուշադրութին	1
կըտառցունե	1
ցավերուն	1
սրեցի	1
անկաջներըս	1
կոմպռեսի	1
մախառիչը	1
փեշին	1
կնըշանակե	1
կըկուտնում	1
տակինը	1
պահեցիր	1
ճարին	1
ախպարըս,բաշլայեցի	1
կուտնելու	1
լոզեցի	1
ծեռքերըս	1
խառնեցի	1
լոպ	1
ճարն	1
կըդնիմ	1
սպիռտով	1
կըտընիմ	1
ճաշելու	1
ռյումկա	1
քխմիմ	1
կէլլիմ	1
շաբաթին	1
սպիռտն	1
ավլամիշ	1
մեչքը	1
պերանեդ	1
քսպտռե	1
քսեյիր	1
անեյիր	1
կտռեր	1
կընիմ	1
կնիս	1
խմիս	1
չիկիտցողիս	1
կըբաշլայիմ	1
հազ	1
պռոպկան	1
փոխվածեվու	1
ոտկի	1
քանիե	1
մեչկըս	1
ասելը	1
ճարի	1
նոմա՝յ	1
հասկըցավ	1
սպիռտը	1
մուգին	1
ձակն	1
կուտնուս	1
ցավցուցած	1
խումիս	1
չիկիտնալե	1
հոքով-մարմինով	1
ընդունենը	1
լեչենին	1
նստողներըս	1
խնդացածին	1
խաթըռը	1
քխնդար	1
կըմոռնար	1
կըկանչեր	1
մտավ:ակոբինց	1
շախաջիները	1
հումարիստ	1
մաշինիս	1
ռեմոնտի	1
մուռկասյա-բաթիկին	1
առկադյային	1
ծըմեռ	1
պուք	1
իրկունին	1
ծաներ	1
կլըսվին	1
տախմախ	1
թվիմ	1
քիչին	1
չեռպակ	1
էդիքը	1
մուռկասյա	1
առկադյան	1
ավելցա	1
ցուգին	1
էրեսիս	1
էդիք	1
չեռպատ	1
քիչիմ-քիչիմ	1
մըթնած	1
խմե-կեր	1
ձուգ	1
լիզուին	1
չմնամ	1
կըդած	1
անունը-տախմախները	1
հեռույի	1
խայնաղա	1
չհասկըցա	1
բորանը	1
պուքը	1
քխոռկընա	1
ցրտեցավ	1
բաթելեն	1
աղաին	1
ֆեդյայինց	1
ռոժդենին	1
ռոժդենի	1
պոդառկան	1
կըճաշնա	1
միդքըտ	1
ջութըմ	1
ջամալնակ	1
թուխտերով	1
կըգռչար	1
խայերըս	1
քակիմ	1
քակից	1
պառտիյի	1
քչալինք	1
նըկարին	1
նըկարեցի	1
սոյերեն	1
չըհավնեցավ	1
ջնջե	1
չախուս	1
նկարածիս	1
կըտռեցի	1
սեվը	1
վալենքին	1
կունի	1
խելքավոր	1
չունենաք	1
գըպչելու	1
բարծանքն	1
կոխեցինք	1
կյանքերուս	1
ռոժդենիյիս	1
պատռետըս	1
տելեվիզոռին	1
գընըստինք	1
тёмная	1
ночь	1
չիրախը	1
վառեցինք	1
ասինք-խնդացինք	1
կառպո	1
կրեցինք	1
близкие	1
друзья	1
поздравляют	1
чораяна	1
чори	1
григорьевича	1
днём	1
рождения	1
желают	1
засухи	1
нас	1
поэтому	1
желаем	1
тебе	1
крепкого	1
здоровья	1
веселого	1
настроения	1
кругом	1
օկութ	1
քշարունակե	1
„валенки”	1
գիմանան	1
յոռային	1
հալխերն	1
խունկի	1
կըմուտնեին	1
չորա	1
վերչիվան	1
խոսքերս	1
ցավիք	1
ջանջին	1
դևե	1
տառցունուք	1
կիտցիք	1
խնդրանքով	1
կրճատումներով	1
ցավելու	1
պոպին	1
հանդիբեցա	1
առնելիք	1
աբրանքըս	1
դժվարութիններով	1
պերի	1
կանգադվելու	1
պերաններուս	1
կանգադեն	1
չտիմացածես	1
կովշին	1
ոտք	1
պիտան	1
աբրանքին	1
շախմատիստ	1
խաղայինք	1
շախմատը	1
խաղալույին	1
խաղացինք	1
խալբալըխը	1
քըշե	1
ալուրն	1
փակեցի	1
տեմըս	1
փոխեցիր	1
կինմաշդն	1
ալուրներուն	1
տընինք	1
ասիվոնց	1
չըխառնըվե	1
կվերչանանը	1
կինմաշդըս	1
կըմոտկընամ	1
սըթեմե	1
վախեցածի	1
հրաշքը	1
շենացուցի	1
կործիս	1
չիցավցուցի	1
հրաշքին	1
խելքըս	1
չկըտռի	1
դռոժը	1
կեցածեն	1
ըռինդցավ	1
հրաշքմ	1
հումորեսկան	1
ալուրեն	1
բարպեցի	1
խաչպարը	1
կիվտանցիս	1
ծեռքըս	1
աբրանքիս	1
ազգանունըս	1
ջամփաներըս	1
կըդածովը	1
զըռ	1
էգածըս	1
յաբանի	1
կըպառնանք	1
տեսնուսնը	1
մերգյանիչին	1
քաշի	1
ծիֆռաներուն	1
կաբուլդա	1
կաբուլդամ	1
գռադոսը	1
կավելցունե	1
թենթեռմենթեռ	1
կտուցքին	1
կտուցքն	1
բաղած	1
ջամփատ	1
ներեցեք-ներեցեք	1
աղալ	1
կլոխիտ	1
ֆռ-ֆռ	1
հրաշքն	1
1968թ	1
մանյային	1
թախըմներ	1
գարել	1
կիդեր:ամբես	1
գոթլուխներ	1
պոստռոմկաներ	1
կըգարեր	1
գարած	1
վըստավկայի	1
սայլամայով	1
կործատեր	1
անքեններն	1
գայանին	1
մարը-տըղա	1
կընել	1
խանութպանը	1
կըտորեղենները	1
կտորներուն	1
կտորներ	1
բուռնույիդ	1
չախուն	1
ջխքից	1
կտորմը	1
աստառին	1
խամութբանին	1
вот	1
а-а	1
нужна	1
խամութբանն	1
էգավ-տակի	1
վարպետները	1
շատերն	1
խման	1
ծմեռվան	1
խմելը	1
գինիյին	1
ձիյ-չանան	1
գինիյի	1
մեթեյի	1
կռանթեն	1
չվազենը	1
խամութբանը	1
ծեզի	1
պռոպկայի	1
պառկիմ	1
պռոպկանալ	1
կավատի	1
կըջաշնային	1
քշկորն	1
տիրացիններեն	1
խոդ	1
սեռնիքը	1
խոտը	1
1933-ին	1
զենգիններուն	1
գերեզմանները	1
պանալ	1
թանգարժեքները	1
ինվալիդ	1
կըդիժարնար	1
ազկականներուն	1
կըմեռնե	1
ուրիշի	1
քըթաղե	1
խոզի-դավարի	1
կաշիներ	1
սեփի	1
կըկարեր	1
կըծախեր	1
հիվընցավ	1
2005թ	1
խալամբաշին	1
տայեգով	1
սեռգեյը	1
կընըստինք	1
գելինք	1
սբռույներով	1
դռոգին	1
լըծած	1
խասելու	1
գոթլուխներուն	1
գոջակներով	1
սեմթերեն	1
փուսկուլներ	1
սիդելկան	1
դուգային	1
կուներով	1
պերանիտ	1
սեռգեյին	1
կոպճագներուն	1
այախներուն	1
ամուրթինը	1
ուժը	1
քըփորցինք	1
խազյաին	1
խոթեցինք	1
քշեցինք	1
դեսնեյիր	1
չանա	1
շատռշատռ	1
սիվուգը	1
դըռոգն	1
խազյաինին	1
ձախս	1
բռուսոքն	1
չիհասնելե	1
զարթեցա	1
պենսիի	1
չպանի	1
համա,ձիյին	1
էրածն	1
խմող-հարփող	1
տըղաներ	1
տոպալ	1
մըռմըռաս	1
կուտնեյին	1
քաշած-խըմած	1
աչքերով	1
կողիմողի	1
բըռբըռալեն	1
շարքեցին	1
չիսջաշնա	1
սակից	1
բոռչերուն	1
մըռմըռաց	1
հասկուցունելու	1
եռմաջն	1
քագված	1
մեկհատ	1
ջանցունելու	1
քխմերնը	1
ոտքեն-ձեռքերեն	1
փխռփխռ	1
խըխտվելա	1
ադվոր	1
ջանցունելույին	1
1949–50-ական	1
թվականներուն	1
հաքնողներ	1
հաքնողներն	1
մաշդիկնեը	1
մեծերուն	1
չըհաքնող	1
մեծերեն	1
տարիներեն	1
կըցանկանար	1
լեվոն	1
բռիգադով	1
կըպանին	1
չերեվա	1
մաշտիկներ	1
տեսածովները	1
նաչալստվան	1
բանելույին	1
էլեկտռիկներն	1
գռիշա	1
վախցուցիր	1
կիտցանք	1
առչեվեն	1
ճամփաներն	1
չառ	1
հենդեքի	1
չառը	1
կըտնկե	1
առչևեն	1
նայելեն-նայելեն	1
քթըռչե	1
հենդեքեն	1
չէ-չե	1
իձիմեն	1
տեսնող	1
տեսարնը	1
ժողտվեցավ	1
խոշտորոքի	1
մանյե	1
բռնենը	1
խամութե-խամութ	1
կըմանքար	1
գըզդռվան	1
ուզեցածիտ	1
ընկածներուն	1
կըմեխկընանք	1
ասքսվ-անքով	1
մեչերուս	1
բասմախեն	1
ընչած	1
վերչացուցած	1
գըզդռվեցավ	1
քեռթիկին	1
թեվերըս-ոտքերըս	1
քցավե	1
խեղեջին	1
սուստավներով	1
տեղավորցուցին	1
գնացածներուն	1
կիմացունուն	1
մորքուրներուն	1
մորքուրները	1
ավտոբուսն	1
բաղ-թիթիզ	1
կայնածով	1
կեշտա-քուքա	1
միչեևի	1
փատցիլ	1
բաղիլ	1
աստըղը	1
ընչնելու	1
նասիլկայով	1
սաթնիկն	1
բե	1
պալատին	1
բոլնիցան	1
կոյկա	1
նասիլկային	1
պառկեցուցեք	1
կոյկայիս	1
կոյկային	1
ռասկլադուշկա	1
քուր-ախպարները	1
քուքուտ	1
կառվատիտ	1
մորքուրներդ	1
փոխվեցան	1
խոսվածքներով	1
բարեկամության	1
կապեր	1
բռիգադները	1
մեմեձկի	1
էղածներու	1
ադկիցա	1
մտս	1
շալթրն	1
բռիգադներն	1
մտս-ին	1
կպատկանե	1
բարեկամությունը	1
դժբախթութին	1
կըտնըվել	1
50-են	1
60-ական	1
կոմբայնյոռները	1
վեսովշչիկները	1
կունենային	1
մտս-են	1
քխըրկեյին	1
շախաներով	1
կանցունեյինք	1
օրերըս	1
կոմբայներուն	1
կըկըրեյին	1
ախչիկներն	1
յարջիկներով	1
քըչափեյին	1
քըքաշեյինք	1
քաշերը	1
կըգըրեի	1
թելեֆոնիստ	1
կոգտի-կոդին	1
զարքած	1
կենալա	1
մաշդիկներն	1
գուդային	1
մաշդիկներս	1
սելսավետի	1
բաբախյան	1
վարդերեսը	1
չոբանյանը	1
պետռոսյան	1
գլավբուխ	1
բուղայանը	1
2-ում	1
դոմբայան	1
դավիթը	1
զավտոկ	1
շոռլույան	1
յենոքը	1
խաշխայան	1
առաչավոր	1
կոմբայնյոռներ	1
խասաբյան	1
կոմբայնյոռըս	1
բերբերյան	1
նեմեծկըյ	1
օպել	1
խարաբադջախյան	1
մարկարը	1
սինանյանը	1
պեչնիկ	1
կըխրկեյի	1
կըկենայի	1
էլեկտռիկներ	1
կառպուշան	1
ղազարոսը	1
ազգանունները	1
մաշդիկները	1
վերին	1
աստիճանի	1
կըհասկընային	1
զենիհաթները	1
նիսթացիկը	1
քեն	1
նիստացի	1
գռուշչիկին	1
գռուզշչիկներ	1
սամոսվալներ	1
բոռտավոյ	1
բարպելու	1
պոդյոմնիկ	1
զարթուն	1
չինլըսիս	1
խուլացար	1
չըվերցունելե	1
միշատ	1
սոխախե-սոխախ	1
կըմանգամ	1
քըխրկինք	1
սոցկիյին	1
քանիքուլի	1
գընացող	1
բոռթը	1
բանալ-փակել	1
ամբարները	1
միխայիլ	1
ակոփիչ	1
ապրանքներըտ	1
օգտե	1
քրիստոսին	1
բորդեն	1
դեկ	1
լըցած	1
գավելնա	1
տելեֆոնիստներեն	1
լուկաշիչին	1
ինստռուկտոռ	1
դելեգացի	1
պռեդուպռեժդատ	1
սվինատովառնըյ	1
գըժողդին	1
քառմիտ	1
դելեգացիները	1
քալերուն-էշթալուներուն	1
թոչաջեռին	1
դելեգացիան	1
դեն	1
կաննը	1
մարած	1
գըկանչին	1
բազերը	1
կըզրչին	1
դելեգացիյի	1
почему	1
кричат	1
свиньи	1
ними	1
случилось	1
չիբաթելե	1
они	1
приветствуют	1
էլլածովներն	1
կոռմիտ	1
քախցած-մարած	1
ինկուբատոռի	1
մըտածը	1
կըմեծցունեին	1
կոլխոզներն	1
չերուզենային	1
ինկուբատոռն	1
կեցունելու	1
կերակրել	1
գեվորկիչն	1
ալլո	1
չինլսիմ	1
չինհասկընամ	1
գառնե	1
չինլըսիմ	1
լըսածը	1
ասեյի	1
տռուպկային	1
գըլըսիմ	1
առածներըդ	1
դանագով	1
մոշթեցիր	1
մեռուցիրու	1
ինկուբատոռը	1
հակվիտներ	1
անքամին	1
դըրությունները	1
ժաժած	1
նայողներուն	1
դաքուն	1
տռուպկան	1
պ.տ.ֆ.–ի	1
մոլոկովոզներով	1
մոլոկովոզները	1
պոժառ	1
գասնը	1
չըկըտավ	1
բարբեցեք	1
ջուրերըտ	1
յալախները	1
տեխնիկա	1
հասկընար	1
հառաժը	1
գազավաթ	1
բըռ–բըռ	1
անցնին	1
թեմիզըտ	1
չիտեսնիմ	1
հաբայա	1
քառդանը	1
դընիմ	1
քառդանըդ	1
քառդանի	1
սալացոծը	1
պատմածն	1
սոլդաթ	1
6-ի	1
դնիվալնին	1
կըզարթե	1
քունը	1
չըբանալե	1
բառանի	1
սադեղը	1
յոռղանիդ	1
անիգը	1
միդքեդ	1
մոտորապես	1
1946–47-րուն	1
հեսաբով	1
յասլային	1
հասնին	1
մատկաներեն	1
հոքիներով	1
такое	1
чем	1
тут	1
занимаетесь	1
նիստացիյին	1
զոռի	1
занимаемся	1
крутым	1
подъёмом	1
животноводства	1
հումորն	1
լըսածով	1
բարեմըս	1
մտնիմ	1
կըտրիմ	1
թրաշվիմ	1
կընըստե	1
բերբերը	1
կըտռից	1
թրաշ	1
ստուրան	1
կայնեցուցին	1
սալացին	1
աձե	1
թըրաշ	1
բռիտվան	1
սըրել	1
թրաշը	1
սալացիք	1
նիսթացիք	1
խունդումե	1
պաժնե	1
ղրիմում	1
թոփլու	1
ափ	1
դոնի	1
ափին	1
հաստատ	1
գտար	1
տոնե-տոն	1
մանումենտին	1
տռիբունին	1
նորե-նոր	1
հագված	1
կըլըսին	1
կորուստներով	1
գըտած	1
տեղավորցան	1
հազարներ	1
դարձանք	1
անմեղ	1
թողուցին	1
կյանքերըս	1
հաղթեցին	1
դուշման	1
քաջերուն	1
հիշատակները	1
քըփոխվե	1
կանանչը	1
գեղիս	1
չոստիտ	1
գալ,տեսնել	1
հոշիդ	1
օռթնըված	1
մոտկըցար	1
ջակադիտ	1
քրտինքըդ	1
սըրբելով	1
շինողներին	1
պահի	1
ջրին	1
մայրիկիս	1
անմոռաց	1
անբույժ	1
ցավովդ	1
տանջվեցար	1
անվերադարձ	1
հավերժամութ	1
գերեզմանիդ	1
շունչդ	1
ականջին	1
եկեղեցի	1
մոմեր	1
խոսում	1
կրկնում	1
դիմելու	1
տանից	1
հեռացանք	1
տխուր	1
քեզանից	1
այլեվս	1
չէս	1
վերադառնա	1
կգանք	1
մոր	1
ապրեն	1
մայրերը	1
պաշտպանական	1
20.12	1
վարդանի	1
10.03.1912	1
17.09.2010	1
ռուբենի	1
լյուլեճյան	1
վերքերը	1
բացիր	1
հիշեցիր	1
դեպքերը	1
ծաղրեցիր	1
ճշկրիտ	1
ազդեցիր	1
նմանները	1
գարդալուց	1
ծաղրանքից	1
զգույշ	1
ծաղրում	1
սրանից	1
վերջացրիր	1
էջը	1
ներկայացնելով	1
հեզ	1
17.03.2007	1
լյուլեճյանի	1
85-ամյակին	1
սուրեննիմ	1
բայց…	1
սրտաբաց	1
կամքերըս	1
ասելիք	1
պատվիրել	1
գունդունիմ	1
կյանքումդ	1
փորցանքե	1
կատարվե	1
ոտքերըտա	1
կյանքըդ	1
տեվե	1
հումորներա	1
խրատե	1
ասքանով	1
05.08	1
ընկերոջս	1
80-ամյակին	1
ընդունածով	1
էկածիմ	1
կըկամենամ	1
աղկության	1
կյանքումըդ	1
շենացուր	1
լաֆերը	1
նստածներըս	1
քըփըչեիր	1
կաշիյին	1
կըծեծեյի	1
բառաբանը	1
ծակել	1
չալած	1
զուռնայեդ	1
լըսվին	1
քըխառնըվին	1
քըփաթտըվին	1
նայածովները	1
հասնիս	1
03	1
լուսի,ջուրի	1
շինըխա	1
պարտքը	1
շփոտված	1
մեխտըրվին	1
պենսիներըս	1
թանկըցուցին	1
պենսիներն	1
հագվելուն	1
հասկընալու	1
մեծերես	1
լսող	1
ժողովուրդ	1
կապրիս	1
դիմանալով	1
ցավերուդ	1
նչ	1
տանջանքոր	1
քըքաշիս	1
հեռսերեն	1
թվի	1
հեքիմներեն	1
սողոմոնյանն	1
հիշածովս	1
պատմածներովը	1
պատվարժան	1
1911	1
հեքիմություն	1
հիվանդներուն	1
մաշդիք,հիվանդներուն	1
նոր-նախիջեվան	1
1880	1
ուսումով	1
գիտցած	1
իմանալով	1
ընդունակությունը	1
շարունակե	1
նոր-նախիջեվանի	1
ուսումնարաններում	1
հաջողություններով	1
կարդալ	1
1911-ին	1
բժիշկային	1
ուսումնարանը	1
ուսում	1
կնիկով	1
յաշերըս	1
տերտերի	1
1914-ին	1
տարիյեն	1
խոշտըվիլ	1
պատերով	1
թուլա	1
ամենավարպետ	1
պլոտնիկ	1
վաշդերես	1
կողմի	1
դյդյա	1
գոռդեյ	1
ակուշեռկա	1
որդի	1
լեվոնը,թագուհինը	1
հինը	1
չերապրեր	1
ամենին	1
հեքիմութին	1
թանգարաններում	1
դարձնող	1
սոխախներ	1
բացվին	1
կատարվի	1
խարակոզյանները	1
տեղակալների	1
որոշումով	1
բացվեց	1
կոչվեց	1
улица	1
доктора	1
х	1
согомоняна	1
1957-58	1
պոճտան	1
սվյազիստի	1
բանեյի	1
խապռի,նիդովկա	1
ծերացանք	1
դառցանք	1
ջանցըցածները	1
զարնելով	1
վերջացան	1
ուչաստկովըյ	1
գագառթով	1
կառտուսըս	1
թուրըս	1
պշտովըս	1
ձին	1
ոտկերըս	1
տընկած	1
մանքայի	1
կըզարնեյին	1
ծերացա	1
ֆոռմաս	1
կռնակես	1
հանածովըս	1
ասի-չին	1
բադասա	1
ծերանաս	1
դառնաս	1
ժամանակըտ	1
հասկացածըս	1
մնացիլեյա	1
պատմություննա	1
խաբահաթը	1
բարեկամներես	1
ձիով	1
կընիկըսա	1
դիզկինեն	1
տռռ	1
էղած-չեղածս	1
ասելույին	1
էդևա	1
քխընդային	1
քալիքն	1
կճաշնան	1
մաշդս	1
խրատեն	1
պաշտոն	1
նայիք	1
պաշտոնիտ	1
ըլալեդ	1
նաքաին	1
պատիվա	1
թախմախ	1
գրիգորնա	1
գովասանքներուն	1
չտուված	1
վառելեն	1
սիրտոդ	1
դասատնային	1
քրֆել	1
քրֆածը	1
քրֆերեն	1
պիլետ	1
բռնող	1
պատմություններուն	1
հասակին	1
կանչեյին	1
կընստեր	1
տարեկանինա	1
բացռ	1
բռնեյի	1
արբաջիյին	1
մեկօրմը	1
չինք,–	1
օլդռեցի	1
ասիրա	1
չարիր	1
տահմիլա	1
թաբլելե	1
ծերանալեն	1
թաթուռթին	1
ժողդանք	1
տարվանե	1
հաստուտինով	1
ստոլբաներ	1
պիլառամին	1
չիմեկնածին	1
փթտելու	1
զավ	1
մաստեռսկոյն	1
սեռուշը	1
տռակտոռին	1
սիվոնք	1
փթտելեն	1
չոփլուկը	1
չոփլուկն	1
մանտռիմ	1
չիդիմացա	1
պեռեռիվի	1
տռակտոռով	1
տռակտոռըս	1
տ-16	1
տռակտոռներեն	1
ժեքումն	1
տռոսը	1
կըտռեցավ	1
փատը	1
հերկելե	1
ստոլբան	1
խոթիլ	1
բչխն	1
կոթերը	1
կըտել-քաշելեն	1
մանտռից	1
կտորին	1
կոպճակի	1
սուրըդ	1
մանին	1
գիտնալա	1
աղբար	1
լուսեղենը	1
98-տարեկան	1
թեմբելութին	1
եղոլություն	1
կատարվիլ	1
1953-թվականներուն	1
մորաքրոջըս	1
ձմերուկ	1
կըձըքե	1
խրկել	1
հալիս	1
ծանտըռած	1
մորքուրիտ	1
մեծասա	1
ձմերուկները	1
մորքուրն	1
էշթալով	1
լավկաներ	1
շունով	1
կեշթանք…	1
տոռմազիտ	1
սուրաթին	1
ծանտռած	1
խսմեթեն	1
էրիկ-կնիկները	1
փիյազելու	1
հանգստացունելեն	1
հետերտ	1
կըհարցունոււն	1
քեռթ-սոռտ	1
դառցերը	1
տռամվայեն	1
թռուցածի	1
չիկայնելե	1
գուկաք	1
էրիմաշդը	1
տեղավորցուցած	1
հանդարտվեցավ	1
կենալես	1
խելքը-միտքը	1
հարցունե.«ով	1
ազատլամաներըս	1
էղողները	1
պարտականիմ	1
օռթնել	1
պոդառկայով	1
խնդրել	1
բարեկամնալ	1
կիդեի	1
իվանովնա	1
խլափոտներով	1
հարությունի	1
մովսեսյան	1
հեքիմներըն	1
նվերներ	1
բարեկամներ	1
դառձան	1
մովսեսյանները	1
նվերներով	1
վաչագանը	1
մոքուրինցս	1
ժամանակներա	1
տուն-տեղ	1
չիկան	1
մաշդիքներեն	1
առսուզ	1
կինամաշդոցմեն	1
քաջություններով	1
էրմաշդիքներ	1
քուրերն	1
19	1
միքաելին	1
1942թվին	1
աչքերուդ	1
վան	1
կըհաքնին	1
կուվայկիներ	1
վեսմեշոքներն	1
կռնակները	1
կմոտկնան	1
կրակին	1
սանիտառի	1
կպառկեցունուն	1
սանչաստ	1
աղչիկն	1
տղոցն	1
քփաթտվին	1
կբաքվորվին	1
բաշարեցին	1
հասցունել	1
18-տարեկանեն	1
ակոպներ	1
կըփորեյին	1
վայեննըյ	1
կըգտեյին	1
քաշաց	1
չարչարանքները	1
մեկնելու	1
քիչեր	1
նեմցեն	1
փուքով	1
բելերով	1
հերոսութիններ	1
քառտաշյան	1
սուխառիյան	1
մտս-ը	1
տռակտոռիստի	1
աղչիկներ	1
դառցան	1
վարեյին	1
քցանեյին	1
կըկալսեին	1
կոգնեին	1
քույրը	1
հայկանուշը	1
քաջություններ	1
գընացածիս	1
մաշդոցմով	1
վարդերեսի	1
յալթրյանը	1
համբարձումի	1
կուռաշով	1
չեմպիոններ	1
դերեմյանը	1
վերչըվան	1
եվռոպա	1
սուրենի	1
սիմոնյանը	1
դըհայալ	1
դերեմյանին	1
համբարձումին	1
հավեսութին	1
սորվեցուցած	1
կուռաշջի	1
1948-ի	1
49-ին	1
բեմին	1
ցուցադրական	1
կուռաշներ	1
կանչեր	1
զալին	1
ուրախությունին	1
շալթըրենա	1
աղբարներ	1
խուռդայան	1
ծերոնին	1
կըմասնակցեր	1
միջազգային	1
մրցումներին	1
ավստռալիա	1
մրցումների	1
կուռաշջիներուն	1
կոխեցիր	1
բռնըվինք	1
կըբռնըվին	1
սխնա	1
հավատամ	1
մոլոդյեց	1
ապրեցավ	1
տապլիչկա	1
օչառեդի	1
մաշդիքն	1
պաշլային	1
քաջերը	1
քրֆելու	1
փախչե	1
ծալած	1
խոլթուխին	1
բըռնե	1
յախայներեն	1
բառը,սաղ	1
ժեքհատ	1
չորվախներեն	1
նշանակությունները	1
հոսած	1
անորմեն	1
ջըլ–ջըլ	1
կասվեին	1
չորվախ»-ին	1
թուլաներով	1
թունել	1
ցեմենտե	1
բացված	1
ծակեր-աչքեր	1
ծակեն	1
հայբայրան	1
ջրհորին	1
ջուրնա	1
ծակերեն	1
քխառնվին	1
տռուբայովա	1
կառիտներուն	1
նորոգվածին	1
տաքին-շոգին	1
կմուտնեյինք	1
սալխնին	1
կնստեյինք	1
էրկան-էրկան	1
աշլովներ	1
կառիտներ	1
ջրելու	1
տավարները	1
ձըմեռները	1
տավարը	1
հորսուկուները	1
ջրեին	1
էկերեք	1
կայնեցունեյին	1
տերերն	1
կըթելու	1
կթած	1
բաղեցունեյին	1
կտանեյին	1
տուներնա	1
հեսաբվեյին	1
չորվախենա	1
խմածներս	1
հելալը	1
գյուղացիք	1
բաշլավիլ	1
տեսքը	1
բաշլայվիլ	1
կհիշիմ	1
տաքշոգին	1
ձբեռկաներեն	1
ասեին	1
տղաքներնա	1
ձբեռկայեն	1
ծարերովա	1
աղչիկաներուն	1
տիատռ	1
բաշլայվելույին	1
մինջիրներուն	1
անցածներուն	1
ճամփաները	1
սիրահարվածները	1
արզուն	1
խամբերը	1
սիրահարվիլ	1
ապռջանս	1
երգի	1
օլախ-օլախ	1
կըքաշեին	1
թոլուխ-թոլուխ	1
աղչիկների	1
կտռիճների	1
սիրահարվածների	1
վերաբերյալ	1
հիշիմ	1
նորոգված	1
վերանորոգված	1
1976թվին	1
առջեվի	1
թունելի	1
պաշտոնավոր	1
դարձնին	1
ետգրություն	1
նորաձեվությամբ	1
բայի	1
մհալայեն	1
միկուցե	1
բայաններուն	1
ձեվի	1
աչքեր	1
օզան	1
2001-ին	1
տափակ	1
նոսր	1
վարպետներով	1
շարեցին	1
ճամփու	1
կոչվեր	1
կամարի	1
ձեվով	1
թուլայով	1
նանավին	1
նանավի	1
չորվախա	1
տերայի	1
վերակառուցել	1
վերակառուցելու	1
կազմակերպող	1
մաշող	1
յերվանդին	1
նկարելով	1
սըրբազան	1
պարտականությունն	1
նկար	1
փեհլիվանյանի	1
երգիչները	1
քաղցրանուշ	1
օժտված	1
երգիչներով	1
հարսանիքներում	1
որևէ	1
շենության	1
աղքատ	1
աչեր	1
երգիչներից	1
կյանքին…	1
համերգային	1
միջոցառումներին	1
բեմի	1
ասմունքով	1
ընդգրված	1
ներկայացումներում	1
կենդանության	1
բեմից	1
խմբի	1
ելույթներին	1
անդիրասի	1
ալեքսանի	1
ռոբեռտ	1
մաթեվոսի	1
ծատուրի	1
տայեկյանը	1
նվագողների	1
խումբը	1
1960-ական	1
կոբյանը	1
պատանի	1
սիրով	1
բալաբանյանը	1
ալբեռտ	1
եղիյայի	1
գասպարի	1
անցյալում	1
երգչուհիներ	1
քերոփի	1
խաչիկյանը	1
ծառուկի	1
արուսյակ	1
բաբունի	1
բախսարի	1
մշակույթային	1
ակտիվիստներ	1
էմմա	1
իվանուշի	1
խարամանյանը	1
արևածաղիկ	1
տիկրանի	1
բաբայանը	1
սվետլանա	1
նիկողոսի	1
բուլղուրյանը	1
յանը	1
հովսեփի	1
մալխասյանը	1
հարսանիքներին	1
հիմնականում	1
բատիկյանները	1
գիրակոսյանը	1
վախճանված	1
դուրեկան	1
օհանի	1
բատիկյանը	1
արամի	1
սրաբիոնյանը	1
խուռդայանը	1
ավելանա	1
կատարողներով	1
ներգրավել	1
չմոռացվեն	1
երգերն	1
պարերը	1
տարիքավոր	1
չմոռանալ	1
գիտենք	1
օգտագործում	1
ձայներով	1
այժմվա	1
երգերից	1
այդպեսի	1
կարգի	1
մասամբ	1
սիրում	1
հնում	1
երգված	1
անիյից	1
դիտողների	1
լսողների	1
սրտերի	1
խորքերը	1
հոգեկան	1
բավականություն	1
պատճառել	1
հույսի	1
ծաղկեփունջ	1
անսամբլները	1
ծրագրերի	1
հնօրյա	1
անսամբլներ	1
այդպիսինը	1
կգոյանա	1
երգեցեք	1
լեզվերով	1
երգելով	1
մոռանում	1
ռուսերենը	1
մարդիք,որոնց	1
վերեվում	1
վերջացնել	1
նվագախմբի	1
կազմված	1
լարային	1
անսամբլով	1
կոլլեկտիվ	1
տաղան	1
դավոր	1
ուժերը	1
չխնայած	1
հասարակության	1
փորձերին	1
համերգներին	1
թառի	1
նվագը	1
վարպետն	1
ջութակի	1
հակոբի	1
անբաժան	1
երգող	1
դհոլի	1
ծերությանը	1
ավան	1
ասլանյանը	1
մնացականի	1
անդոնյանը(սրինգ	1
պարծանքն	1
անսամբլի	1
չկորչի	1
ստեղծագործությունը	1
զբաղվեց	1
կարգով	1
խունկյանոսի	1
վարդկինայանը	1
սրինգ	1
կասպարի	1
դհոլ	1
կոլլեկտիվի	1
ընթերցողներ	1
գրում	1
հուշերի	1
որև	1
օգնության,վերցրած	1
1940-ական	1
1990-ական	1
էք	1
հիշելը	1
ջաղաչքները	1
վալծովկաները	1
իրականացնել	1
հայերի	1
զբաղված	1
վայրերի	1
աշխատենք	1
պահպանվի	1
տեսել	1
պատկերացնել	1
կարդանք	1
դրված	1
վազածին	1
ապրանքն	1
քարերուն	1
արալըխները	1
դառձվիլ	1
այդպեսով	1
աղացած	1
անուներն	1
ջրաղած	1
մեծ-մեծ	1
խանաթներով	1
դանիյել	1
օսկանյանը	1
բանածը	1
էլեկտռոպոդստանծի	1
մյասնիկյան	1
կըբանցուներ	1
կաղար	1
քարերն	1
դրածը	1
գոպչակի	1
կուզնիջիները	1
խռշով	1
հոռոմի	1
հռոմիացի	1
էղիլե-էղած	1
հոռոմին	1
աղացիլ	1
արալըխն	1
շալթրցիքը	1
թոփցիկն	1
շիտակը	1
իտալիայեն	1
վարպետներ	1
արհեստավորներ	1
արհեստի	1
օրինակի	1
բանջարաղեններ	1
ցանել	1
մեծցուցիլ	1
գիդեյին	1
բուռհալ	1
վարպետին	1
ասածներուն	1
խարագոզյան	1
ջռլավները	1
բանեցավ	1
ջաղաչքն	1
ջաղաչքներուն	1
բարձրահարկանի	1
շենքեր	1
քըշարվին	1
վալծովատ	1
вальцы	1
вальцевать	1
ծանդըռ-ծանդըռ	1
էրկաթներ	1
բոյ-բոյ	1
չըզեր	1
հիմքի	1
պառավիկով	1
կոլդըռվին	1
կաղացվի	1
4-հատ	1
1910-1914	1
աղպարներ	1
ճլավուխյանները	1
սիմավոն	1
թեմելներեն	1
կըգտնըվեր	1
խոչկիյով	1
դոներով	1
ազբարներուն	1
տերային	1
զըրչեցին	1
վալծերը	1
կոլտըռերն	1
կաչատ	1
կըջրեյին	1
բալաներով	1
ամբուլատոռի	1
վաշտերես	1
կըխոշտին	1
օսկանյանները	1
խաչիկ	1
կըտնըվեր	1
կըբաներ	1
նեմցեյին	1
բանցուցին	1
նեմցեները	1
վզառվատ	1
պառավիկները	1
գեռմանյայեն	1
բերվածին	1
ծռեները	1
1908	1
100-ամյակի	1
բանցունեյին	1
բառանով	1
ուստիմը	1
խատլամջիյան	1
մկըրտիչ	1
սովետեկան	1
էղիլե	1
պուշինկա	1
կարի	1
ֆաբռիկա	1
ռայկոմ	1
կոմսոմոլ	1
պիոնեռով	1
ռայգազ	1
գտիմ	1
ճաստի	1
պետռովկան	1
կռնիչկան	1
սինովկան	1
բանած-չբանածներուն	1
վալծովկաներն	1
պատկանեյին	1
վերջըվան	1
տեխնիկայով	1
կոլխոզինն	1
սեյրանի	1
կոլխոզն	1
տվյալներով	1
սոլաղայանի	1
գրվածքից	1
պռոստը	1
մազերըս	1
դիկ-դիկ	1
սիրտիդ	1
կըպիլ	1
դըներ	1
ապրեյին	1
չառեն	1
քենարի	1
կոդռթից	1
մաշինն	1
մետալլոմ	1
ստակինն	1
խըրատներ	1
գարկըվե	1
կընիկ	1
տեղիդ	1
գլոխիդ	1
ապրելույին	1
խըրատ	1
կընեղանար	1
կըբառկեր	1
մահալային	1
ըռըզներուն	1
էշթար	1
տիմացան	1
պատիվներուն	1
կըպածին	1
մնալով	1
քաշածով	1
հանդիպեցան	1
վառելե	1
տիրացիններուն	1
խմաջիքի	1
փենջերներուն	1
արալըխներեն	1
զավեսկաներն	1
մուրոտ	1
փենջերներեն	1
խանկըռած	1
կազետով	1
կընայեյալ	1
մաշտավարի	1
պալիկներով	1
կոցված	1
կոծ	1
ժանկըռոտ	1
կըկոցե	1
ստադիոնին	1
կըգուտնուն	1
քըխըմին	1
տըրիլիս	1
կապրեյա	1
ձըմեռն	1
կոմուր	1
կաչեկառե	1
կաչեկառ	1
անհարկի	1
ուզացածը	1
կըսիրե	1
կերկընցունե	1
դրությանը	1
տըղաքներ	1
ծիգառն	1
քեստըռա	1
ռադիօն	1
բընգըլ-բընգըլ	1
քովետ	1
չիտապտայածին	1
արածովա	1
ճաշնալ	1
ճաշնար	1
դրությունին	1
խուդուռմիշ	1
տոներով	1
կըծախին	1
կուտ-ապրանքով	1
կանին…	1
կուկուտնուն	1
վաստըկելույին	1
դաստիրակութին	1
նառկոտիկան	1
որա	1
ատռավը	1
աստիճանին	1
հանդիպած	1
գալաջինեըս	1
հիշեցինք	1
պատմությունըս	1
1957-ին	1
կուգայինք	1
բռզենտ	1
տակսիյով	1
քալեր	1
թափմիշ	1
կըյներ	1
չալթըրին	1
տեմիս	1
կաշելյոկըդ	1
ոտկիդ	1
ջեբերըս	1
խոշտորքի	1
կաշելյոկ	1
նայիմ…	1
պասպոռտ	1
պատռետն	1
կաշելյոկըս	1
մաշդունն	1
կայնեցուցեք	1
վազիմ	1
էտեվեն,տամ	1
տակսին	1
ընչած-չընչած	1
կոյաքի	1
գեդին	1
քըցուցունում	1
չալթրին	1
ծենտըռը	1
քոշանան	1
ջեպես	1
թիփարքը	1
ջանցըցավ	1
քըխոշթե	1
էշթալեն	1
գովեր	1
միամիտիս	1
չիմ).«ադռեստը	1
գըրած	1
թողդընեյիր	1
կանվեռտի	1
ցըկեյիր	1
յաշչիկ	1
տընեյիր	1
բաբաներըս	1
մամաներըս	1
ընկերներըս	1
հարգանքի	1
ազնիվութինի	1
քննարկեցինք	1
հասցուցած	1
հռըշման	1
քըցուցունուն	1
կորուստըդ	1
գտնողը	1
կաշելյոկին	1
աներա	1
բըռնող	1
մեկերմը	1
գնացած-էկած	1
անցածիս	1
կըռնակ	1
չտեսնողըս	1
խոշտից	1
մընացած	1
հասցուցիր	1
քանիյե-քանի	1
քայի	1
քըհարցունեյին	1
կասեի	1
քըթոթեյին	1
հարցունքին	1
հավատացածին	1
չիհավատացածին	1
մաշդույալ	1
պատմածիս	1
կոմսոռգներըս	1
գրեր	1
աղկութինիս	1
բարեմիտ	1
չգրից	1
զաքարի	1
խաչիկյանին	1
ստառըստա	1
поверенное	1
делах	1
лицо	1
պավեռնիյին	1
պավեռնիները	1
հայերուն	1
հարցերով	1
խընդրիմ	1
աշխատանքն	1
ոին	1
խոսքով	1
աշխատանքին	1
վարձն	1
վարձ	1
եմիշ	1
ուտելիքով	1
տրածներն	1
ասածներն	1
տանողները	1
սոտկային	1
грамм	1
աշխատից	1
կավու	1
գալաջիյա	1
հասկացող	1
բանդիթները	1
տարիլին	1
սպանիլին	1
տեղէ	1
հոներեն	1
բանդիթներեն	1
փախած	1
թագուհու	1
քանֆետ-պեչենի	1
քխափխըփե	1
չիքաննը	1
ասօրվանե	1
ժեքատեր	1
ազգանուն	1
կամենանը	1
ծառայելը	1
վերչացունելեն	1
շեն-շենլը	1
տղաքնին	1
գարկըվել	1
մամանբաբան	1
նշաներ	1
գարկեր	1
փնտռին	1
արմատ	1
գարկին	1
ալեքսան	1
չալթրը	1
օլաններուն	1
առնողը	1
բոյնիյին	1
հոսի	1
պատմելուներս	1
կասե.«ինչես	1
վաղվանեն	1
գեղեցիկը	1
քալցուներ	1
չէգավ	1
գռիշան	1
կոլխոզնիկ	1
գռիշային	1
գրիգորին	1
քոքական	1
դառնալ	1
մականունները	1
թախմախները	1
պավեռնի	1
լսված	1
հարմար	1
կըբերեր	1
սորվեցուներ	1
թուխտին	1
կալոդին	1
թափեցավ	1
ժողտելու	1
խալսան	1
ծուռփատի	1
ծըռված	1
կալոդով	1
թուխտը	1
կըսիրեր	1
նայեր	1
ճկած-ծըռած	1
չենկելներ	1
կռյուչոկներ	1
ծարերեն	1
կախեինք	1
կըբերեինք	1
տանեինք	1
ծուռփատներով	1
արածներըս	1
կառնեինք	1
ձըբեռկաներով	1
պոյեզդ	1
կընըստեինք	1
կըհասնեինք	1
գինլավսկոյի	1
պոյեզդեն	1
ընչընելներես	1
ձըբեռկաներն	1
հինգ-վեց	1
կիլոմետըռ	1
նախալովկայի	1
նախալովկա	1
քաղցածին	1
ժուլիկներ	1
կըբաշլայեյինք	1
էլլածով	1
քըհասնեյինք	1
ջուրերըս	1
գռանթը	1
օլդըռեցիր	1
չերքար	1
բոյնիյի	1
միժայեն	1
կըբերեյինք	1
չեյին	1
տուներուս	1
կըկընին	1
ապառատին	1
գըռանթեն	1
ամառն	1
գործըտ	1
այախ	1
չանախի	1
լըվացվելու	1
հեբեթոր	1
միգիտնաք	1
ծուռփատին	1
թաբըռն	1
սորվեցունում	1
խաղացեք	1
օշթախներուդ	1
կըծեծեր	1
վայնայենա	1
1950	1
ծեծածով	1
թասխն	1
ճոխմառին	1
կանեի	1
չալողները	1
դավուլջիյով	1
չալվել	1
ծեծած	1
էգածներուս	1
քըխնտանք	1
կըհիշինք	1
աղչիկըտ	1
կըփչելու	1
սավսեմ	1
տարուքս	1
կիմացունու	1
գործեն	1
կոմպանեցկիյ	1
կըսիրիս	1
45	1
հոքունին	1
օհանին	1
կնայիմ…	1
խռիստյային	1
ղունգին	1
չուտուվի	1
կախեցի	1
օմուզես	1
չոխմառմ	1
զըղռդեմիշ	1
լըցվեին	1
տըրի	1
կաշելյոկես	1
մանեթը…	1
սյատեղը	1
քամոտի	1
սաղըթ	1
չալեցի	1
գինը	1
ձեռքըդ	1
վաստըկիս	1
օռթնից	1
1963-ին	1
ամբեսի	1
համարաթ	1
ադուկն	1
սպտռցունե	1
բաներն	1
չալեյին	1
կըբերեին	1
գնելես	1
չալածըս	1
խապռին	1
մտածովըդ	1
ժեքըս	1
մեմեծգի	1
պայմանավորվեցանք	1
տեսնըվելու	1
գնածս	1
դընի	1
դուդուգները	1
բաշլայվելու	1
չոխմառիս	1
ցըննողըդ	1
չալողը	1
չալվածը	1
ծախածիտ	1
խաբախդուռեն	1
մտածովները	1
չալելու,հասսան	1
երգեցի	1
արժե	1
մանեթենը	1
տասնըչորս	1
բասարաթըս	1
իդավոնքները	1
գելլիմ	1
դոշակիս	1
լուսացածչլուսացած	1
կնստիմ	1
տուննե	1
ճաշնաս	1
յավռույին	1
քեմեչեյալ	1
տռուբայալ	1
չալեր	1
ապրածս	1
յետ	1
45-տարիյե	1
կորուցածի	1
յեսա	1
մայաքին	1
խասպեքին	1
մարտիրոսին	1
մեծբայիս	1
գըռնակըդ	1
մուզեյին	1
պատառկա	1
չկպչելու	1
չալլե	1
դավուլիս	1
կենանը	1
ասածըդ	1
դրինք	1
անահիտն	1
խեվոնին	1
ցուցուցին	1
ցուցանմուշ	1
թանգարանից	1
տաշկենտի	1
լիբային	1
ստատյատ	1
չալածը	1
գրեցիր	1
խաչերեսին…	1
վեչեռ	1
չոկտկի	1
ուլտումատըմ	1
կըծեծե	1
վոգիտնա	1
խարայով	1
ամըշկոդ	1
վեճեռը	1
մեկ-էրկվատըմ	1
խոռունկի	1
դիավաներ	1
ժար	1
դընող	1
վրանեըս	1
վաստըկիլ	1
կապիկըկապիկին	1
էմջե…	1
պաստայաննըյ	1
մեկբան	1
ին»,կասե	1
չիմոռնալե	1
ետկն	1
ասեինք	1
չերասեր	1
տաշկենտ	1
էշթանք,աստված	1
թռչել	1
պասատկայի	1
սելո	1
օշ	1
պասատկա	1
250	1
վստռեչատ	1
դավուլջիի	1
կարկե	1
ուզբեկի	1
միլիծ	1
մաշդիքս	1
ասիլեր	1
պախըռե	1
տռուբաներով	1
բոռտ-բոռտ	1
բառաբանչիկն	1
քերոփն	1
խաղացողներն	1
մաղին	1
չիկիտծող	1
խնամիները	1
մուզիկանտներուդ	1
կըբերինք	1
մուզիկանտներն	1
կանք	1
չալեցին	1
էրեսներուն	1
նամանգանե	1
յաբլոկին	1
քխեվնան	1
կըչալինք	1
շաբաշները	1
ռիսունկաներ	1
ֆառ-ֆառ	1
շոլկ	1
պլատոկները	1
պլատոկներն	1
խաղան	1
բածըռ	1
բացուռտինը	1
տեբետեվ	1
վրաներուս	1
փնտըռեցին	1
պլատոկով	1
աձո	1
գողին	1
անինք,ջիջա	1
սոյերըս	1
էղավա	1
մոսկվային	1
գնացիլիք-էկիլիք	1
սովետսկոհո	1
սոյուզա	1
չալիլ	1
զըվանիտ	1
չիբեջերվեցավ	1
լսիլ	1
մաշիններուս	1
թուխթերը	1
պառտիյով	1
չալողներ	1
կա…	1
տուզեններդ	1
ըլալուներուդ	1
կեշթանք-կուգանք	1
վըտե	1
մըհանաներ	1
թախըմներն	1
սամալյոտ	1
սելաֆանե	1
կուլյոկներեն	1
քըփխսինք	1
ավտոռուչկա	1
կուլյոկը	1
սհաթվան	1
ջանփա	1
կանֆետ	1
քթռչինք	1
բացըռնալներես	1
լյոտչիկներուն	1
պոդ	1
մոսկովնըյե	1
վեճեռա	1
հավաներեն	1
քըթոթե	1
նստողներուն	1
էլլավ…	1
հոպակ	1
կըմաղե	1
կըչալե	1
ոտկերուն	1
ծեծածը	1
յաղըն	1
աէռոպոռտին	1
լըսին	1
կոռա	1
սամալյոտեն	1
կենանք	1
պիտկենանք	1
լավկաները	1
սըհաթու	1
կեսեր	1
էտեվներես	1
չորսատըմ	1
հետեըս	1
կոմպանի	1
կոմնատ	1
ձուկե	1
մառկովաներ	1
սպեծներ	1
իկռաներ	1
լիմոն	1
ռյումկաներն	1
կոնյակ	1
ստականով	1
ստառտովըյ	1
պիստոլետներեն	1
զառյադիտ	1
ճեպըս	1
6-րու	1
կոմպանյան	1
պադյոմ	1
թողզարթին	1
բաժնվեցանք	1
մետռոյի	1
պեռեխոդե	1
պեռեխոդեն	1
հաքուց-զարքից	1
պունկտիռնըյ	1
լինյային	1
թողասե	1
վինովատ	1
իզվինյացը	1
մետռո	1
5-կապիկը	1
քըցըքին-քըցըքին	1
կանցընին	1
բաջախը	1
անցուցիլ	1
տայախ	1
բաջախին	1
էտեվըս	1
5-կապիկ	1
առնելուներըս	1
հոքիներ	1
10-հատ	1
սրաներըս	1
տելեբաշնային	1
ռեստոռանը	1
շվեյցառ	1
էլիք	1
հետերուդ	1
կիտելը	1
պասմախ	1
դեպիդով	1
ինտեռեսնը	1
կիտելն	1
ջութում	1
վրաներեն	1
կամեռե	1
փախտան	1
թուֆլի	1
չիպլախ	1
կըպռնինք	1
տակսի	1
ժելեզնոդոռոժնըյ	1
վոկզալ	1
զանիմաթ	1
կմուտնունք	1
թախըմներս	1
դուռի	1
կըշտացանք	1
չխըմեցինք	1
նոմեռոք	1
կըհավնիս	1
պռոպուսկ	1
մանեթով	1
վառշավսկիյ	1
տռասը	1
դոնեծկըյ	1
օբլաստ	1
մանուշակին	1
մեծբաբային	1
սեմթնալ	1
շատ-շատ	1
բաղտիկները	1
օսկոռ	1
ոսկրաբույժ	1
костоправ	1
քըքալցունուն	1
չիջանցնող	1
մեչքն	1
կոտռեր	1
ռենտգեն	1
ռենտգենը	1
դրածովները	1
մարմինին	1
կիմանային	1
կոտռածն	1
կիմանաին	1
կըցրքեին	1
կազատեր	1
կըտանեին	1
մարտիրոսեն	1
մարտիրոսն	1
հասկացած	1
հայկանուշն	1
կըզպաղվեր	1
հիմնական	1
խոսակցությունը	1
ազգականին	1
խոսինք	1
հըրաշքներուն	1
շալթրցիկ	1
առչովներրը	1
կըծռվե	1
կըմնա	1
շտկուցունել	1
օլտըռվեցավ	1
մեխկըցած	1
թեվաթոս	1
անցունուք	1
գոռումով	1
կելլեյին	1
շամառ	1
չանկային	1
յեփոր	1
տեն	1
լախկ	1
շըտկըցավ	1
ախչիկներուդ	1
խունդումը	1
սահման	1
բաքնին	1
գործից	1
եզն	1
շոյից	1
շփից	1
ժասցունելու	1
ծառ	1
շառտ	1
կոռթնին	1
պատմոթյունն	1
մանտռ-մունտուռ	1
ատոնց	1
բալաչաղային	1
բաղտիկութին	1
տղանգեվորգն	1
1934	1
1936	1
մայակ	1
սոցիալիզմի	1
սոց	1
փարոս	1
բաղտիկի	1
չերզբաղվեր	1
չերունենար	1
թեվաթոսն	1
վաշտույինը	1
թեվաթոսը	1
զբաղվիլ	1
մահեն	1
հաջոխություններով	1
խիռուռգները	1
զարմացած	1
ռենտգենով	1
սնիմկա	1
նկարագրել	1
շոյել	1
շփելով	1
կիմանար	1
ժառանգներուն	1
շարունակող	1
նպատակն	1
չմոռնալ	1
հավերժացնելն	1
թանգարանների	1
պատերին	1
գոմեսի	1
գողնալը,գողութինով	1
բռնըվելը	1
հանցանք	1
կըհեսապվեր	1
կպատժվեր	1
դատաստաններով	1
սաքոին	1
ծոցը	1
վիզերը	1
կըբաքսին	1
զամեչատ	1
նկատելու	1
գիդիսկե	1
դըմ–	1
դըմը	1
տեղավորցուց	1
պակսածը	1
գանգատվելեն	1
թիլքիներուն	1
կըվորոշինք	1
հանգստացավ	1
գանգատվածին	1
դեմի	1
չանցընե	1
մուխայիտ	1
բասարաթը	1
չեշիթըմ	1
փոխիմ	1
մըտածտ	1
թիլքիները	1
տուվածովը	1
գիդենը	1
անցնե	1
փեշըտ	1
թափեցան	1
չելլիլ	1
ձանըդ	1
փորետ	1
ծոցես	1
ասեիգլոխդ	1
տաննը	1
գողութիններուն	1
պատիժն	1
անելուներըս	1
բանցուր	1
նըստողներուն	1
կոբինետը	1
դըրեք	1
հախին	1
կոտռեցեք	1
առնուն	1
դընելույալ	1
ըլաքնը	1
դրեք	1
մեխկըցան	1
թարաֆըտ	1
փիլեթի	1
չոյինի	1
կերակուրը	1
էփաց	1
էփած-չեփածը	1
իմացողըս	1
թիքալը	1
կըսրփե	1
քհարցունում	1
խունիներուն	1
լզելեն	1
կարմընա	1
լզած	1
անհամե	1
սիրեր	1
հիվանդանոցեն	1
հիվանդես	1
չճաշնալու	1
բըլխ-բըլխ	1
հիվընդցար	1
քաշըտ	1
կորուցիր	1
դառցուցին	1
սկոռըյ	1
ջարերով	1
դամարիս	1
սիրածըս	1
քշտացիր	1
քսիրիմ	1
մոտիկըս	1
քշտացա	1
տաքութինըս	1
ադվիկը	1
պառկեցա	1
ճանցվոր	1
փռչոլ	1
ծախողը	1
ուրն	1
լվացած	1
կթելեն	1
առչեվ	1
սեր-պանիրին	1
պանիրին	1
մեչը,ասի	1
կըմանքբերեյին	1
դեպքին	1
քալիթկայե	1
բալոնն	1
ցիբեռքաներով	1
բուլբուլային	1
օլդըրելեն	1
բաճախիս	1
լիշմիշ	1
ազատվիմ	1
առջև	1
ցիռքի	1
մեչիններուն	1
ցրքըտեցավ	1
չիմանալե	1
քալիթկայեն	1
տեսարանը	1
սերոտ	1
քըքամե	1
դարանը	1
չոյինիս	1
սուրաթըս	1
մալախ	1
սերըս	1
խընդացինք	1
ցավերն	1
մոռցըվեցան	1
սերպանիր	1
սիրածիս	1
հովցունուս	1
շտահըդ	1
թողչկորցըվե	1
քաշըդ	1
առողջութին	1
կոլդատ	1
առողջութինով	1
բանիր	1
1999	1
ցյաբոյին	1
հասսածըդ	1
նըստար	1
նայեցա-նայեցա	1
չեկավնը	1
դեյեն…	1
քալեն-քալեն	1
չըլըսվի	1
բուլանին	1
դուռերուն	1
թանկըցածին	1
պարթքերը	1
ամիսը	1
մոտկընալու	1
մեխտըրվելեն…	1
հագվելը	1
իգռա	1
կոզյոլ	1
չըխաղացողները	1
կանեինա	1
մինքա…	1
մերնա	1
ավել-խոռվա	1
բերածներըս	1
կըտռածներըս	1
վառելիքներով	1
տաքցածներըս	1
լամփ	1
վառեծներըս	1
ծընեյին	1
բըզովին	1
կըկեցունեյինք	1
բզովի	1
առածին	1
քխնդաս	1
ձմեռով	1
մեյդաննին	1
թեզաքով	1
քչատմըշե	1
չիբաղե	1
կոլտըռվին	1
պառկին	1
թեզաքը	1
ըլալույին	1
մըսե	1
թեզաքին	1
թափելու	1
կածը	1
քըթափին	1
կանչելու,դեպեդեվի	1
զարթին	1
զոռովեն	1
գըհանին	1
խըլերը	1
խըլը	1
խանծված	1
կըմոշտին	1
էգլեմիշ	1
շարունակիմ	1
ծերերը	1
չասելու	1
ասեյին	1
մեզի…	1
քալունալ	1
դուքիք	1
հորաքուրերուս	1
1947-48	1
70-75-տարեկաներ	1
կըխնդայինք	1
հավայի,կելլե	1
քրոջըս	1
քչորին	1
կըգզտըռվե	1
աղաինա	1
ժաշցունել	1
չիրիշին	1
պառկեցունուն	1
կոտռիլ	1
պառկեցուցիլ	1
կոտռեցիր	1
գզտռվեցա	1
վարսենիկնա	1
միտքդ	1
յոռղանը	1
յամբաշըս	1
ցավեցավ	1
գըզտըռվեցա	1
հա,հա	1
տարանն	1
քըստըկին	1
մայբալխ	1
գնիլիս	1
փառային	1
շըտկե	1
լետըռով	1
մետըռը	1
շտկից	1
հենիսենը	1
չափերուն	1
խնդացածներուն	1
հորքուրներըս	1
ասիմնը	1
քխփվին	1
կնայեյի	1
կընայեյի	1
կըլըսիմ	1
ձաներեն	1
իդաբանը	1
ոթելեն	1
կայնիլիք	1
ժրչեյի	1
ցուցուցած	1
կինոյին	1
ոթածը	1
ինքըդա	1
կճաշտըվին	1
ծերութիդ	1
սայա	1
հետևանքն	1
խնդալը	1
պատմելեն	1
արդավազդ	1
բաշլաից	1
մուտա	1
խնդմնդալեն	1
նայիմա	1
միտքիսը	1
պոլկային	1
դիմացըս	1
հնտռեցի	1
չափեցի	1
փոքրոտ	1
հագնելու	1
հարցերուս	1
ռազմեռմ	1
աշտթըխ	1
տռուսիկներըտ	1
փոքրոդ	1
ռազմեռ	1
արդավազդին	1
1968ներուն	1
կըծախվե	1
տառծ	1
դանը	1
օտդելն	1
ադտեղն	1
չերվընա	1
օլդըռվեցան	1
ջամալի	1
չմնացածիս	1
տռուսիկը	1
արված	1
ադալ	1
արդավազդը	1
սեպետով	1
կերը	1
կըմուտնեյի	1
յասլան	1
կմեկներ	1
նեռվնչիտ	1
մտածըս	1
տուալետին	1
բունաման	1
խնդալույին	1
փախչելու	1
ուրեմս	1
ճակատագիրն	1
ըլալուն	1
ուտել-խմել	1
աղգութինի	1
քեֆերը	1
քալերեն	1
երգե	1
շենանան	1
կըյերգե	1
անեկդոտներ	1
բերելը	1
շոֆեռեն	1
չիըլալ	1
կոնյուխն	1
բայեվ	1
խռիստաֆոռիչ	1
կոնյուխին	1
խռիստա	1
ֆոռիչը	1
կըդիլե	1
արծելու	1
փնտռից	1
գըդավ	1
լծից	1
կրակից	1
երգելեն	1
պիտբեջերե	1
դռոգեն	1
շախաի	1
ձիգառա	1
գառ	1
կասնը	1
մեռածա	1
ուզենաս	1
դեպքի	1
չոբան	1
կարծեցունե	1
կըվորոշե	1
խորամանկություն	1
կայնեցունե	1
օչխարներուդ	1
քխաբե	1
ամոթելեն	1
տու	1
քեսեքին	1
կըճաշտին	1
հավատացող	1
լսողներնա	1
չոբանին	1
միտքնա	1
տերերուն	1
խասեցուց	1
օչխարներեն	1
խաբածի	1
հետևանք	1
բեջերե	1
խաբածն	1
մըկր	1
ստացիլ	1
մկրատին	1
մըկրը	1
ասածով	1
ցինկան	1
մսխլջի	1
հայտարարությունները	1
խաչճամփաները	1
ռադյոներ	1
կաշտան	1
կանչող	1
չունեցողները	1
տիրացինեն	1
ջութմ	1
խոնջերով	1
բոքսովըյ	1
տիրացինի	1
քիրայի	1
ֆառլդեմիշ	1
բարտ	1
գուսան	1
հավասին	1
պատմեր	1
մարգարին	1
շալվարը	1
քթռչեր	1
թոզ	1
դուման	1
կոշիկներուն	1
ցատկե	1
կըտռթիս	1
ամոթով	1
թողցունե	1
կուտնե	1
կըմթնե	1
լուգենն	1
տիրացինին	1
մոտկըցածին	1
թուռ-թուռ	1
լեղաբադառ	1
լուգենին	1
գըլոխեն	1
տարիյի	1
պախիլցածեն	1
տայալ	1
կըբոհոտվին	1
չիտեսնողըս	1
ըհմ-ըհմ	1
կըհազա	1
անիվոնք	1
սիրտոտ	1
տունիններեն	1
ազբարես	1
անքովն	1
մոռոժին	1
սիգնալներ	1
ինամառկաներ	1
տույախ	1
մարկարին	1
հայդացեք	1
բռնելույին	1
1950-տարվան	1
փակեցինք	1
խմիչքն	1
նացեք	1
գայնող	1
տարուքովներն	1
հարսերըս	1
ուզացեք	1
կոխինք	1
ջենկը	1
վոկիտնա	1
ժանգռոդ	1
կառվատի	1
ճակատ	1
քարպատն	1
բաջախ	1
բաճախ	1
կոպ	1
չակները	1
փըսնեցունուն	1
բյխով	1
վըտեխիս	1
թեվես	1
թռա	1
տեղիմ	1
ֆռլամիշ	1
էսերըս	1
վերցանք	1
փախածներս	1
ռախիներդ	1
էղանա	1
էղավ-չեղավ	1
հարցունքփորցունք	1
խլափոթն	1
սըպտըռիլ	1
խլափոթը	1
նստին	1
փո	1
քր	1
կապոտի	1
հանելուներուն	1
փեսի	1
մոռիտ	1
ջանփելներեն	1
խմողներն	1
կյանքն	1
գաթա	1
ձիյերը	1
խմցունեյին	1
մուտնեյին	1
օշթան	1
կայնեին	1
կըպռճնկվեյին	1
ծեծկըվոլոնք	1
գեղերն	1
սալաներն	1
քային	1
պռճնկվել	1
ծեծկըվոլոնքներ	1
գեղ-գեղի	1
կըծեծկվեին	1
շալթրցիկն	1
խասպեկին	1
դանիկին	1
թախմախներուն	1
ձուկի	1
ժամանակվանե	1
ձուկով	1
ծակիլ	1
ջրհորեն	1
քխմեյին	1
ջրհորը	1
չերասեյին	1
ասքին	1
քալցունում	1
քըքալլե	1
հոռոսմային	1
հոլոս	1
հոլոսի	1
ակոփալ	1
իդավոնք	1
դանիկներուն	1
դանիկը	1
դանիկ	1
թախմախներըս	1
դանիկները	1
կնքիլ	1
անուշին	1
խատլամաջիներուն	1
ծառը	1
չիհամբերեցա	1
տղանիս	1
մայկողլույին	1
ջաշնալուչիս	1
տըղանիմ	1
կըջաշնամ	1
թախմախներն	1
ջանցըցողներուն	1
թեփոտի	1
պատմածներըս	1
1960-ներուն	1
կապրեինք	1
ավտոմագազին	1
գրին	1
գայնածին	1
գըրչագոթով	1
տետռակ	1
վըրա-վըրա	1
կգրե	1
օտկռիտկայի	1
անուններըս	1
ազգանուններըս	1
ադռեստներըս	1
կըգրե	1
օչեռեդներըս	1
պեռեկլիչկայի	1
4-ում	1
վերչերը	1
գրող	1
քըփնդռին	1
գնացինքն	1
դիռեկտոռին	1
դուռակի	1
ամոթից	1
պոչտայե	1
էրկվատըմ	1
խրկինք	1
միամիտներուն	1
օտկռիտկաներ	1
մաշիններըդ	1
կեցածները	1
սոխախին	1
նոմեռը	1
տահմիլով	1
պոչտալյոնները	1
գտանին	1
գուտան	1
օտկռիտկաներուն	1
ձգեցինք	1
պոչտային	1
կասսեն	1
կասսին	1
բարզերես	1
կասսիռ	1
կասսիռը	1
գորիք	1
խեդիռին	1
մածակլետին	1
քսըպտռցունու	1
քրքրիլե	1
ժողոդից	1
կըյնի…	1
եղի	1
քխոթե	1
մացակլետին	1
մոռցիլիս	1
բելան	1
քակել	1
շարել	1
շայբային	1
շայբայե	1
խարային	1
խեվոննա	1
տռակտռով	1
օբեդի	1
քակի	1
կոռոբկադ	1
շունութին	1
խոզյայստվեննըյ	1
ինչիյա	1
ամպատճառ	1
տակե	1
սախըռը	1
շաքարը	1
ազդից	1
ժեքումին	1
չըխտից	1
ճակատն	1
դոմինոյով	1
կըբաշլայվեր	1
կըվերչանար	1
քըխաղանք	1
սելդի	1
ակռան	1
կըմեռնի	1
հայար	1
ադնի	1
կըմեռնին	1
թոխըմե	1
սախռին	1
մինութ	1
խմածն	1
քըխըմիմ	1
պատմածներեն	1
ուբոռկան	1
խասսանք	1
չոլին	1
միլցիային	1
անցնիս	1
մեքատը՝վերուց	1
պալկան	1
փըչե	1
փչեցի	1
սալթ	1
փչելով	1
սպտըռեցար	1
միլիցներեն	1
փակելու	1
գալաջիա	1
հետըդ	1
դարավա	1
անելներես	1
խմածիս	1
չափես	1
էղածըդ	1
տռուբկայա	1
փչելույա	1
կասեյի	1
պամակ	1
կաֆեն	1
մեր…	1
քովըս…	1
մոտոիդ	1
պահին	1
ցինկանութին	1
10-15	1
մինութեն	1
մոտոին	1
կինոմեխանիկ	1
ծարե	1
պալիկներըս	1
կլուբեն	1
ձիկառ	1
կըրակից	1
ջամեն	1
լըսվի	1
կոռթներ	1
պուլի	1
էտեվն	1
կըկանչե,մեմը	1
կոռթնե	1
նոմեռըդ	1
անեյի	1
պալիկըդ	1
գիտեի	1
մոտոդ	1
նըստելուն	1
հասկուցուցի	1
օլտըռվեցա	1
չեղածիս	1
վերչացուցածըդ	1
շնորհակալութինդ	1
չէիր	1
հանգըստացիր	1
յոշթայա	1
բաղեցունելու	1
միլիցիյա	1
բան…	1
դիմացիդ	1
խաբեբայություններով	1
անպատվության	1
հավատարությունըդ	1
բաներեդ	1
կաշդա	1
դիսկի	1
կըբերիմ	1
հաքվեցա	1
անունըդ	1
բերեքչիյին	1
սեռյոժային	1
բեջերվելում	1
ջաշնալու	1
գուռիլին	1
էմջեյիդ	1
կըջաշ-ջաշնամ	1
1952	1
բերեքչիյան	1
1956	1
ռադիոուզելեն	1
սելէլեկտռո	1
կոմպռեսոռնըյ	1
բանեցանք	1
պենսիյի	1
չիտուված	1
չիցավի	1
վաստըկեյինք	1
չայնին	1
արինք,որոշեցինք	1
չայնի	1
փուդեյին	1
չերտեսնեյին	1
խոլտուխեն	1
գռադուսներըս	1
ինչվասե	1
կըլայի	1
չեղար	1
խաթիյալ	1
ստոլբայի	1
էլլել-ընչընել	1
գործերես	1
խալսանք	1
հոքնածինք	1
բերաններըս	1
բացվի	1
առնել-տալու	1
բարեվներըս	1
փոխփոխ	1
առնել-տալե	1
չունիմու	1
փորցանքներ	1
վերչացունուն	1
ժամանակնալ	1
կռան	1
կոլխոզնիկի	1
տաքայալ	1
կնչնին	1
ուռտմիշ	1
ոտկինե	1
հետինը	1
տաչկայեն	1
ցատքելու	1
լուսեղենն	1
թեբլովեն	1
անցընիմ	1
պիտմեռնիմ	1
կարմընանք	1
քխընդանք	1
բաբիյիդ	1
տելեֆոնին	1
ստանցիյին	1
կիսլոտնըյ	1
ակկումուլյատոռները	1
զառյադկա	1
կիսլոտային	1
քսըպտըռե	1
առչովնալ	1
փեշտմալը	1
քցրկտե	1
վարդիքը	1
տելեֆոնիստկաները	1
կեշթան…	1
էրմաշդիքը	1
թողկան	1
կանչեցին…	1
ցայեցինք	1
խալաթներ	1
հագուցինք	1
հալավի	1
մոտիկա	1
կելլեյինք	1
նստեյինք	1
կըզարնեյինք	1
ասվատուրն	1
արեվին	1
քալվածքեն	1
հասածովըս	1
էղավ,նըստավ	1
էրկուսիսն	1
կլուբն	1
չիգիտցողներուն	1
տալիքի	1
առնելիքի	1
կասսերըս	1
խաթնին	1
կոնցեռտի	1
կինոյեն	1
տալիք	1
առնելույին	1
զապռավկայե	1
թանկըցան	1
օղունկները	1
քսրեր	1
կըտռե	1
մազերն	1
հանա՝էշթամ	1
տալիքըս	1
պանցունելով	1
ոթի	1
նը,մեքատ	1
կանտեյնեռներ	1
ձբեռկայով	1
չոյիններով	1
թեքնեներով	1
քըշարեյին	1
վաշտանն	1
գազ-51	1
հետնալ	1
կըժողտեին	1
ճապախներ	1
ձուկերուն	1
ոշտեր	1
վոշտերը	1
քըթեմուսցունե	1
ձուկերին	1
կըբարբե	1
մեխկըցածեն	1
ամաններուն	1
քըթողցունե	1
աշխատանքեն	1
ձուկերեն	1
կըմանդըռե	1
տիլիմ-տիլիմ	1
մեկըմ	1
ձուկետ	1
վաշտանին	1
եղոտ	1
ձուկեդ	1
կտորմ	1
քուգուդնին	1
ժողոտել	1
խըմող	1
հարփող	1
կուտնելուները	1
կախ	1
գտակ	1
քաշած-խմած	1
կողի-մողի	1
կերանքխմեցինք	1
սյակից	1
նոմայա	1
ոտքերենձեռքերեն	1
փխռ-փխռ	1
խըխտըվելա	1
խըփ	1
թըռավ	1
չիդիմացածես	1
դըրմիշ	1
շռխիլ	1
չեղածըս	1
12-ի	1
գնացածով	1
ամաններըս	1
լիտռներ	1
ասֆալտի	1
գալաջիս	1
ցորեկով	1
քանի-քանի	1
բիդոններով	1
ամաններով	1
լիտռեն	1
չուլու	1
վազածն	1
խամիշի	1
հեքյաթին	1
մեչինին	1
7-հատ	1
շիշաներըս	1
վախեցա	1
գըրեցի,մաշինին	1
շարեցի	1
չեղածես	1
հանածես	1
կասին,որ	1
գըրող	1
խմողը	1
սալաներեն	1
բատայեն	1
չալթրցոցը	1
ակտիվ	1
յաթախները	1
տռուբայե	1
վազածը	1
գուկան	1
մեխտըրվելեն	1
անելույին	1
ժումի	1
ղումը	1
բարբիլ	1
բեջերվիլ	1
բերվիլե	1
դեյենե	1
բեջերված	1
հայդըցեք	1
հավաքինք	1
շնորք	1
ադամին	1
բալոնները	1
կտընե	1
բռբռա	1
բարեվս	1
բագաժնիքին	1
բարեվըս	1
շունիս	1
սատկեցավ	1
բագաժնիկս	1
սատկիլե	1
ամանեն	1
դոդոխ	1
կըռծածը	1
հիվնդցած	1
դոդոխներ	1
էղլին	1
դիրացինիս	1
սվալկան	1
հիվանդով	1
քըթաբլե	1
շառիկիս	1
խաբահաթըս	1
կըկըռծե	1
կռծիլ	1
միսա	1
ուտի	1
կըկըռծեր	1
չեղածի	1
ամաններն	1
ոթի,կիլինքնա	1
քշարին	1
շուներնա	1
քթաբլին	1
կբադռին	1
չոռչոփ	1
բարբող	1
թովոթին	1
թեփենա	1
բառնան	1
ոթին	1
ֆոդել	1
ոշնոտելու	1
ոթող	1
ասկը…	1
շարիս	1
ձբեռկա	1
դոբռայե	1
բարբըվենը	1
շարե	1
կատուներնա	1
պատռին	1
փռին	1
էկոլոգիանա	1
ամբուլատոռիա	1
կալիդոռը	1
տղով	1
սեստռաներն	1
պատեպատ	1
վազինք	1
կշարունակին	1
վազելը	1
ապուլտուր	1
զարմանցած	1
ցուցունունք	1
քթռչե	1
ապուլտուվին	1
արալըխ	1
մուդնե	1
մեկօրըմ	1
կալեցեք	1
ստոլիտ	1
փոխե	1
շտուկատուռը	1
գըլոխիտ	1
կալել	1
տաքերուն	1
փչե	1
անիքա	1
անադենը	1
կալինք	1
է,փեռատ	1
խալաթով	1
մախսումներուն	1
կալիդոռի	1
հիվանդները	1
էսերը	1
թունչուխ	1
բեթերնա	1
դեպուտատներ	1
հնդռեցինք	1
ամբուլատոռիյին	1
ընտրությունները	1
չմոռնային	1
կատարին	1
ակադեմիայի	1
բաերեկամիդ	1
հեվալ	1
հալով	1
հեվալով	1
պիտանիմ	1
մնացածներըս	1
հեսաբելեն	1
կեցածիմ	1
կազետը	1
մաշդոցըս	1
պակսածները	1
առողջությունին	1
մասինա	1
ինչեսիս	1
ասածնակըդ	1
տըրաշ	1
կերվընամ	1
կուզենամ	1
տղաքս	1
մեդեթ	1
ազբպար	1
փորել	1
պիլեմ	1
էրեսիդ	1
պատիվըս	1
ինֆառքտ	1
բալաչաղաս	1
սպտռցուցին	1
բալաչաղադ	1
կնիկըդ	1
էտեվըդ	1
տըղադ	1
հեռուները	1
հոնենա	1
առտուրի	1
քըսորվենա	1
սորվեցուց	1
վաստըկել	1
կոյա,նայինք	1
ակադեմիա	1
պռավայալ	1
կոմեռչեսկի	1
ակադեմիաներ	1
խարջնալ	1
քաշելը	1
տատուռթին	1
բաջանախըս	1
քսորվենաս	1
կուռսին	1
դիպլոմն	1
զենիհաթով	1
գործինա	1
ավարտածներուն	1
գիտուն	1
գիտնականներ	1
խարջով	1
առածները	1
պիտանիս	1
մազդաքին	1
շանկըռ-շանկըռ	1
ծամելեն	1
չաթ-փաթ	1
փուշտուկ	1
տըղաքըդ	1
ճանչցած	1
բաբիներով	1
փացածներես	1
ամենքիս	1
թեք-թուք	1
մոդնի	1
սայլամաներ	1
բուռնուներուն	1
գունին	1
սադե	1
բամբակե	1
բուռնուները	1
էրմաշդոցն	1
կուվայկիները	1
կըլայինա	1
բաբաներեն	1
կըհաքնեյին	1
հաքածներս	1
հաքնինք	1
կապուտ	1
գըռնակները	1
առչովներն	1
քեստռա-մեստռա	1
կաշդաս	1
հասկընաս	1
հայհոյանք	1
գրողը	1
խնդայա	1
մայկաներուն	1
սիրտերուն	1
աղչիկներունը	1
գրվածն	1
տըղի	1
ասեիր	1
բալախը	1
ինաստռաննըյ	1
գիրերով	1
շապկային	1
ժեքաթ	1
777-ները	1
777-կա	1
լսեցեք,ասաց	1
գըզդռված	1
բուք	1
փոքրցունում	1
կարիմ	1
հագնիս	1
գզդռվին	1
գըզդռվելու	1
քալույիդ	1
վրայիտ	1
տաքցիր	1
կոխածն	1
բառախ	1
գռնակը	1
գտըռ-գտըռ	1
փզինգ-փզինգ	1
գիտցիլ	1
հաքածն	1
գըռնակեն	1
թաբլածն	1
բոչն	1
քթոթեր	1
մեխքըցանք,վտեխ	1
կասպարին	1
բարևս	1
թեման	1
սելդինա	1
քովերես	1
չհամբըրեցավ	1
կիմանաք	1
բաշտոններըս	1
ձեռքերես	1
հաքնեյին	1
պեսա	1
կըկտռին	1
էրմաշդիքնա	1
թողցունողներ	1
էտեվներնա	1
քֆսինա	1
հաքնեն	1
հոչամասմ	1
միչեվի	1
մեմեկին	1
կվայլի	1
կինմաշդիքա	1
էղածնա	1
չլմանած	1
կդառնա	1
շնորքդ	1
կլմանիս	1
մոդեն	1
ջանավարի	1
լմանածը	1
իպկա	1
գլոխետ	1
ոտքիդ	1
կուրծքեդ	1
լմանիս	1
վրադա	1
նայողներա	1
չիհասցունու	1
հաքնե	1
կասպարնա	1
հեսաբեինք	1
տեսնեյինք	1
կարմնայինք	1
ռուլի	1
նստողը	1
ցուցունուն	1
դառցուցածները	1
հաբա,ասաց	1
հեքիմներնա	1
բիզնեսը	1
խոշտելույին	1
գտիլին	1
բիզնեսմեններեն	1
խայրովա	1
այդինյան	1
խունկիանոս	1
նորլուսինյան	1
էմիլ	1
խառամանյան	1
կառպոյան	1
խասսելու	1
չունեցող	1
կըկտռթվին	1
չմնալու	1
զակուսկաներեն	1
խմիչկներեն	1
ջըհեզներուն	1
ընդունելի	1
ռեստոռանի	1
անողներեն	1
ցըքին	1
24	1
ասկը	1
ղազին	1
հավկիթին	1
իրեննա	1
ածելու	1
էղող	1
էշտողները	1
ուրբաթ	1
զքված	1
էղած-չեղած	1
սպտըռածովները	1
գտնվին	1
կերածներն	1
չաթալները	1
կարմրին	1
շատռտեմիշ	1
աղեքները	1
կլիզմայով	1
բարբածին	1
դիմացներուն	1
բարբին	1
հեմնա	1
տիրուհինա	1
կաշիլյոկը	1
բարբելեն	1
գալաջիներա	1
կինմաշդիքներ	1
ուտան	1
զգացի	1
անքանա	1
քխմե	1
գալսե	1
բանիրը	1
ուտող	1
բանիրին	1
դեմես	1
քսրփե	1
կըդնե	1
դիմացիս	1
հացով	1
սրփից	1
փոխիք	1
լյուլե	1
քեբաբ	1
չինիներնա	1
թուշը	1
չոսքովենա	1
եղերը	1
կտորի	1
գերկնա	1
չինիյին	1
մեչենա	1
կըհնդռե	1
կերվնանը	1
վազով	1
եմիշնա	1
խնձորա	1
զագսի	1
օճեռեդը	1
մանքալու	1
էղածեին	1
ջանցըվորներուս	1
զագս	1
օճերեդ	1
գեղերեն	1
մաշդիքներա	1
հարս-փեսաներ	1
գարկըվելույա	1
օճեռեդ	1
չըհասցունելու	1
ալեքսանդռովկայեն	1
օչեռեդներով	1
զագսը	1
կառավարիչներ	1
գոլովաներ	1
կլուբներ	1
20-30	1
բառըլ-բառըլ	1
դալեն	1
բենզին	1
խարջելեն	1
պոդպիս	1
տընելու	1
յանաշայիս	1
կայնողը	1
յեղերեն	1
ցուցունելիք	1
ադեթով	1
զարնել	1
կոլեչիտ	1
անելն	1
կլուբներուն	1
քովիսը	1
թողցատկին	1
տեմերը	1
էղվեցավ	1
խոռկընցած	1
121	1
բը-ին	1
պոլոժենիտ	1
ըլալետ	1
արունըս	1
ջըրվատըս	1
նայալ…	1
կառդիոգռամի	1
հեքիմե-հեքիմ	1
պենսի	1
էտեվըտ	1
կըբեջերվիմ	1
կընքիլ	1
ծերութըս	1
բը»-իմ	1
արածն	1
կիրին	1
մոյքույ	1
հոյքույ	1
դույ	1
պեյ	1
կիրերով	1
խոռովեցավ	1
տալե	1
տը-բը	1
դեդ	1
վոդոյ	1
ռեբյոնոքին	1
գառշոկը	1
վընոս	1
խլեբոմ	1
մեչնիմ	1
մեչքի	1
մեռածեն	1
ինչքանա	1
հարստ	1
կնգահարդ	1
մաշվիմ	1
90-տարու	1
դուռս	1
վետեռաններուն	1
տուդի	1
դալշե	1
բառագ	1
մեռնեյի	1
ծերութըդ	1
չունենալեդ	1
տարեկանիս	1
հալիդ	1
տը-բը»ին	1
մեչնալ	1
ախչիկդալ	1
խոռովածը	1
խոռովելը	1
տայի	1
կեշթա-քուքա	1
խոռովածն	1
պոդառկաներով	1
փայի	1
աքաֆին	1
տեղիսու	1
պենսիտ	1
գանիսա	1
գառնում	1
քխարջիմ	1
վառի	1
քթաղին	1
ախչիկանըդ	1
գուտաս	1
պենսիյետ	1
դուռըս	1
պանա	1
պենսիյես	1
հեվալըս	1
համբերեցավ	1
զահլեն	1
պռոկուռոռ	1
սհաթն	1
աբեդի	1
մուտած	1
տանջանքի	1
պենսիներս	1
ամսի	1
16ին	1
ժումիյալ	1
14-ին	1
վըխադնոյ	1
շատցուցիլեին	1
կհեսաբինք	1
պենսիոննըյ	1
ֆոնդ	1
3-մ	1
տիմացներն	1
բառյեռ	1
բառյեռին	1
անուն-ազգանունները	1
որիդ	1
ավելցած	1
կաբինետ	1
կբանիքու	1
օպեկունստվան	1
15տարի	1
չմբանի	1
գրիլիք	1
զնաչիտ	1
կհեսաբվիք	1
հունիսին	1
22-ին	1
էղիլիք	1
առիլիք	1
սումման	1
անգիցա	1
զայավլենի	1
գրեցեք	1
գուտանք	1
քանիեն	1
զամետկա	1
օֆօռմիծա	1
տռուդովոյ	1
կնիշկա	1
իդուգը	1
գրելներդ	1
հազարը	1
չիմ,տալու	1
ամիսվանն	1
դեպիյետ	1
ձիքձիք	1
կնիկսա	1
պռոտոկոլ	1
պիտտանք	1
կինմաշտը	1
նեռվչիտ	1
փեռատցա	1
ինֆառքթ	1
հանգստանալես	1
քփեռատնամ	1
կառնուք,գնացեք	1
նաեցեք	1
պատմեցինք	1
կիմացունունք	1
վաղցուցիլ	1
սատռուդնիծաներս	1
հոչմասմ	1
կազետ	1
դեպիետ	1
տարվանը	1
հեսաբիլե	1
արածինք	1
կառնեիք	1
առնուք	1
օպեկունստվաներուդ	1
չառածներդ	1
տանջանք-տանջանք	1
ծեր-հիվանդ	1
կուզեին	1
շըտկըվեցավ	1
ռեդաքցիան	1
էշտալուներս	1
12.05.2012	1
ցըքածը	1
կըլա-չիլա	1
թաթավներուն	1
չամուռներուն	1
խարիբներեն	1
ըյնիմ	1
բադըռթած	1
բացող	1
կերվար	1
քշերմ	1
մեխկնալու	1
քռչոտ	1
հալավով…	1
հայաթի	1
պիլետն	1
խազ	1
ճամփորտ	1
ուտե	1
ցքիննը	1
խըմցուց	1
միսեն	1
պառկեցան	1
էրկուսներ	1
ժաժքտել	1
խազյաինը	1
էրեկվան	1
չոյինն	1
փատվաներն	1
խալչիններ	1
չառոխներով	1
հա-նա	1
պիտցքեր	1
տղաս»,կասեր	1
կոշիկներն	1
դոդովելեն	1
քխոթիս	1
հալավներն	1
հալավներուն	1
չեղածները	1
կոշիկներըտ	1
անին…	1
իդաքենն	1
գռեվ	1
հատևանքը	1
փեռատցան	1
բեքիմ,ով	1
տուներն	1
դավարները	1
կընացածովը	1
քխըմին	1
կպած	1
թոնայե	1
հեռուցունելույին	1
գոզլյուքը	1
կըգրեր	1
գոզլյուքի	1
թոչմեռնե	1
յուռմուխը	1
պիլուլիա	1
հափ	1
պիլյուլիաները	1
մոտկուցուց	1
մեմնալ	1
փաթ	1
գբած	1
սաբախտվանե	1
ջուրեր	1
բարեմը	1
էշտալուիդ	1
լապ	1
էրկնցավ	1
դըք-մըքալեն	1
տռկաճ	1
ժողդած	1
փիլետը	1
պիլյուլի	1
չկանչել	1
էրկվադով	1
ըռին	1
թողչիլա	1
տեպիյեդ	1
բռիգադիռեն	1
կոզլյուքին	1
չոտկեցավ	1
էրկվադ	1
պիլյուլիով	1
ավելցավ	1
թողդա	1
սիվուկն	1
տուվածս	1
մալադյեց	1
խափոխ	1
զենգին	1
ղարիբ	1
ղարիբին	1
աղայեն	1
մորիյեն	1
վառինք	1
սաբախտանմ	1
կաբից	1
կբան	1
ձիյիս	1
փետեցիր	1
օբարև	1
փաթտվեցան	1
մանչ	1
նստեցուցին	1
ուտել-խմելույին	1
ժասցուց	1
ջոչքին	1
ջոչքը	1
կերար	1
կծիկ	1
պիտփակին	1
կգանգատվե	1
կենայինք	1
քշերըմ	1
կոպուր	1
անցնել-դառնալու	1
ցատկիմ	1
հալեքեթին	1
ցատկած	1
պախկ	1
ազատելույին	1
չկախված	1
բաներեն	1
գուտանը	1
կվախենա	1
սաշի	1
կախվիմ	1
տիրվեր	1
միլա	1
յաղայեն	1
փաթտե	1
ծոծըտ	1
հարցունք	1
ծոցիտ	1
քցուցունուս	1
խրատները	1
հարցունքի	1
տուվածդ	1
աղպորտ	1
փատեր	1
պոչ	1
պիտանիք	1
թոկենա	1
երեխայինը	1
ջոչքեն	1
ցքիլեր	1
հարցուցածովը	1
մեռուց	1
ունենանը	1
քցըքիս	1
կըկտռվիք	1
կապոցքը	1
կտանեյի	1
քցատկիս	1
կմեռցունուս	1
կկտռվիք	1
օրենքը	1
ծոցիտը	1
սիվուկըփաթտած	1
չանեիր	1
զարնեյի	1
խաֆայիտ	1
բըռբռան	1
վառելիքներն	1
մուտիլ	1
փութախ	1
թողչիմանա	1
բետք	1
կըդածըտ	1
մեչքես	1
կըկապինք	1
կապուլտաս	1
հաքվեցան	1
փութախները	1
փաթտելու	1
կոխված	1
էրեսըդ	1
պիտմուտնուս	1
բեջերվելու	1
փաթտածովը	1
խոռկըցիլ	1
կըհանիս	1
անցիլեր	1
մաշդը…	1
խաչա	1
հասներ,փոսին	1
փութախներուն	1
ազատցուցեք	1
օգնությունի	1
կըմեռնիմ	1
դիմացած	1
դիմացիլիմ	1
ազատցունել	1
ժաշցուցիր	1
կըզենկընաս	1
կոմնատի	1
կըկտին	1
կապուլտան	1
կըկտռթե	1
օձին	1
թագվորին	1
վեզիրնեը	1
նազ	1
թուզ	1
վեզիրներն	1
գիդնալ	1
կըտեցին	1
կըտռթելու	1
վայհ	1
սատանայե	1
չերվնա	1
փորըտ	1
աղչիկանն	1
կեսն	1
կըզենկուցունե	1
զենկըցած	1
խեվին	1
թովանե	1
ասիլեյի	1
չանջրկելե	1
տեղըտ	1
իմացունելու	1
կուպուց	1
ըռաթ	1
խարիբին	1
օրմա	1
մեկը…	1
մանդմունդուռ	1
ծախող	1
15-կապիկի	1
գնեցին	1
15-կապիկ	1
15-կապիկին	1
ծախելն	1
անցած-դառցածին	1
պատասխանն	1
բառկիմ	1
ինքըտալ	1
չգնացածեն	1
էրկընցած	1
չիգիտցողըս	1
կեցունել	1
շնորհակալինք	1
չուզենանը	1
15-կապիկիս	1
թողցունելու	1
փուշերեն	1
ծիբեռկա	1
էրեսսուրաթին	1
փուշերով	1
կլվանա	1
թաղե	1
էրես-սուրաթը	1
ուլելեն	1
փուշով	1
շոյած	1
կըբանա	1
քըփակե	1
սելտին	1
քփակե	1
թալայմ	1
սաղօրն	1
հոքնեցավ	1
մեռելն	1
բելն	1
խայ	1
խադանեն	1
զարթեցավ	1
կեգ	1
բըդռ-բըդռ	1
կըվախենա	1
կծեծկվին	1
ծեծկըվելով	1
զարքածին	1
կլսե	1
հարամիյին	1
մեռելներ	1
սպանինք	1
քառսունատ	1
տելալին	1
խասսան	1
ասիվոնք	1
անկաջ-անկաջի	1
պռջնկվեցան	1
ծեծկվելու	1
ջենկերուն	1
չինբեջերվին	1
թուրերով	1
վիզերն	1
թռուցին	1
օսկիներն	1
ցինկանութինին	1
մեմեկի	1
տարբերություններով	1
օլանին	1
պեհլիվանին	1
ժեքումը	1
կարմիր-ղրիմեն	1
օլանյան	1
կպըռնվին	1
բարշվին	1
քխոռկընան	1
մով	1
սերովցունունք	1
բարշվեցունունք	1
ելի	1
օշտախներըդ	1
մընասնը	1
փորցիտ	1
օշտախներուդ	1
օշտախներետ	1
կանեն	1
իդավուկնալ	1
ասածըս	1
քշերեն	1
օշտախն	1
օշտախներու	1
շապիք	1
վըտենե	1
աղպարն	1
աղպորմեն	1
մոտիկը	1
ապրինք	1
ձեռք-ձեռքի	1
պատճառի	1
խոռովածներուն	1
աղպոր	1
փորցիմ	1
աղպորս	1
չիմացած	1
գաղտոտեն	1
քխառնիս	1
բեվաթը	1
օշտախը…	1
բեջերվե	1
յարդըմի	1
անլու	1
փորցերուն	1
ինչեսե	1
պատահիլե	1
արիլի	1
վիսոքին	1
վտեխնե	1
սպանած	1
մաշդըտ	1
աղպարին	1
ստոլին,կնիկն	1
կնկան-ներոչը	1
սեղանով	1
ապրեցան	1
վերչեցավ	1
պահապանը	1
ճլավուխյանի	1
խոսելով	1
քարոզել	1
եք	1
պահելով	1
բացատրում	1
մտցնում	1
սրտերում	1
փառքը	1
ձեզանով	1
մարգարիտե	1
բառերը	1
թոփտու	1
7-րդ	1
առջևում	1
բուղայան	1
անանյան	1
հայբարյան	1
ճլավուխյան	1
անդոնյան	1
երրորդ	1
դանգլուխյան	1
մարիամ	1
քոսեյան	1
անափալյան	1
վենեռա	1
քառյակներ	1
–ին	1
քաղցածութինը	1
քխաշեր	1
ուկռաինան	1
անքովենա	1
բորչա	1
փռեցին	1
փոխին	1
օրֆարիներուն	1
ապրանքին	1
կինմաշդա	1
կուտար,ումմեթ	1
շարականը	1
չերանջրկեր	1
вот-вот	1
мужа	1
будет	1
էկան…	1
дяди	1
вани	1
пришло	1
անելուննա	1
ֆալջիին	1
տվողները	1
փորերն	1
տեղավորեցին	1
ֆալի	1
սիվոնցա	1
լցին	1
չբերին	1
բերածներդ	1
էշտալներեն	1
վարսի	1
կանչածիս	1
յաշը	1
ուժովն	1
սամբեքի	1
յառե	1
տհա	1
կերածները	1
քիթերեն	1
մթնիլ	1
ունեցանք	1
քախցածներեն	1
փրկվեցանք	1
լիրիկական	1
անունը,որ	1
կնքված	1
իսկապես	1
այն,որը	1
բացվում	1
սրտումը	1
անթառամ	1
արևի	1
ճառագայթն	1
բացվել	1
ծաղիկն	1
որից	1
մեղուն	1
քաղցր	1
մեղր	1
էլեկտրական	1
հոսանքն	1
պղնձե	1
լարերով	1
անմար	1
հովացնող	1
աղբյուրն	1
շոգի	1
ծարավն	1
քնքուշ	1
բյուրավետ	1
աղբյուր	1
ջուրդ	1
փայլուն	1
խմելիս	1
հովանում	1
պարծանքս	1
շունչ	1
ապրենք	1
15.04.1975	1
հայվաններեն	1
չինայող	1
չնայե	1
ապուլտուված	1
մհալայե	1
մհալա	1
հիմարութին	1
ամիսով	1
կմոռնան	1
ծառավ	1
չիմոտկնա	1
գնացիլին	1
լսեցին	1
1987-ներուն	1
էղված	1
հետերուս	1
բանողներեն	1
շունս	1
քցննե	1
տեղավորցունելը	1
կմեխքնամ	1
վերչացունելը	1
խոզյայստվային	1
ֆաֆիկ	1
չելլանք	1
կապեցինք	1
կհանեյինք	1
մանավանդ	1
մոռցավ	1
ուզեցածին	1
ցննեցավ	1
քոշա	1
մեխքնալու	1
դողալեն	1
մեխքցածես	1
կառդոնե	1
կառոպկա	1
կառոպկային	1
նայողը	1
բալաները	1
բուտկա	1
մեծնալներեն	1
բանող	1
կրունկիս	1
էլլելույիս	1
ճանփաս	1
ժամանակս	1
կճամփեր	1
կհեռունար	1
դարանարա	1
մոռնալիք	1
զարնողն	1
մեխքցանք	1
գորուստը	1
զարնել-սպանելը	1
մեխքին	1
հիշողությունս-պատմությունս	1
2013	1
ուխտի	1
բարեվեցինք	1
կուռաշները	1
կգաշդամ	1
գիրքերդ	1
գրվածին	1
կհավնիմ	1
գրիս	1
հասկցուր	1
հասկնամ	1
չիգիդցող	1
ջաշնաս	1
սալային	1
նիսթային	1
կջաշնաինք	1
պոյով	1
գիդեր	1
երգած	1
ժամանակնա	1
վառյացիներով	1
ինսթռումենտի	1
ձաներա	1
կհաներ	1
կծեծեր	1
ասիլիք	1
տառասիչ	1
մեծով-փոքրով	1
կմանքբերեյին	1
դայառկաներուն	1
ծում	1
երգելու	1
շենացունելու	1
կկանչեյին	1
ինստռումենտի	1
կհաներ…	1
վառյացիներ	1
1960-ին	1
քրոջս	1
երգելմ	1
երգից	1
երգելը	1
վերչացուցածովը	1
գրկից	1
մեշտեղը	1
ձեռքերնալ	1
խաղացածն	1
կմաղեր	1
քենե	1
կոնցեռտը	1
խուտուռի	1
կյերգեր	1
համբերութինս	1
չբռնից	1
գոցեցի	1
սեյրի	1
կեցուց	1
տավուլ	1
տավուլն	1
կանչեին	1
տանեյին	1
ադքենն	1
տավուլով	1
բերեքն	1
սոխռաց	1
զավտռիկ	1
սալացիքը	1
կբերեյի	1
1975-77	1
գոռոդոքին	1
ինձի…	1
աբուռչուբուռներ	1
սվալկա	1
աբուռ-չուբուռներ	1
բառցիլ	1
սոյերուն	1
էշթաս	1
աբուռ-չուբուռները	1
կալյասկային	1
էդեվըս	1
նստեցուցի	1
շամիշալ	1
փաթտվե	1
կալյասկան	1
մանրամասը	1
կմաշվեր	1
ժամաակ	1
կիլինքնար	1
պատռել	1
ձեռքին	1
չեբեռ	1
փոքըր	1
տաճկա	1
վառելիքն	1
կբերեր	1
ուտելիքն	1
կառտոզ	1
պատառիտ	1
խոշտիլեր	1
հորսուկվան	1
դուռ-դիրացիններուն	1
կպաշարեր	1
ապրածը	1
տեղեկութիններուս	1
կհիշին	1
գիդցածիս	1
թորոսի	1
բաղագոզյան	1
տղաքն	1
մամայի	1
բաբայի	1
չարքաշ	1
մեծցուց	1
շեն-շենլիկ	1
հավատար	1
սուխլամիշ	1
չիքաշած	1
գեշ	1
պախիլին	1
սըխսըխ	1
ֆիս	1
խոշթեցեք	1
բիանային	1
հայդլեմիշ	1
խոշթինք	1
վաղըմեկալ	1
գարկվե	1
խավշախ	1
թողնայե	1
կտաներ	1
սատանա	1
հարսնիքներես	1
գարկինք	1
մեզիյա	1
կգարկվե	1
բաբայինցս	1
հասկցած	1
փեռատնաք	1
ելեք-գնացեք	1
սըրտով	1
սթեմներուն	1
մաթանա	1
հարըմարը	1
վիդեոկամեռա	1
զվանոկին	1
կոխիս	1
մուրադին	1
քխաղցուներ	1
վաստակներուն	1
զեվխը	1
ուռչուխին	1
մանածը	1
փաթտվածի	1
հաստցավ	1
փուռ	1
կտռեցավ	1
հովցուց	1
էշթալը	1
էղածներն	1
հարցուներ	1
թոռներն	1
թաքուշնա	1
ծերացավ	1
կդողային	1
մահանաներ	1
չարածներուն	1
նստեցունեյին	1
կկենար	1
ուտելն	1
կնստեր	1
հարգած	1
կցածնար	1
ծերացած	1
կտիժարնար	1
ժաժելը-քալելը	1
կածուկրակին	1
շագերուն	1
հոշին	1
լսեր	1
վաղը-մեկալոր	1
ընդունած	1
ժամանակդ	1
թողնային	1
ծանդրութին	1
բածռ	1
հաչելու	1
կամեռային	1
բիյանային	1
մամատ	1
մորր	1
բուզ-փատ	1
կայնեցավ-կայնեցավ	1
աստեղեն	1
յոռոխմ	1
էշթալուն	1
չգիտցած	1
ոտքերդ	1
բացաց	1
ազատին	1
խեվցիլիմ	1
դուրուշ	1
խեվնալեն	1
անցածիմ	1
մեկ-քանի	1
մեռածը	1
կախվիլ	1
դուռ-դիրացին	1
դուրուշն	1
թաղումի	1
դուռ-դիրացինով	1
մեծցուցած	1
չըխնդացուցին	1
էրիկով	1
հարսեր	1
սթեմները	1
գանկատները	1
ինֆառկտ	1
առտուրով	1
կաչային	1
քխարջեր	1
քըսվելու	1
գնելով	1
տարուքն	1
իլիկի	1
տավառի	1
օրերով	1
մահալայե	1
պիտնայեր	1
մհանաներ	1
տանջվելով	1
մհալայի	1
դասեր	1
քաշելիքներն	1
քաշեցին	1
անդիյալ	1
պատժից	1
հորերուն	1
վարվածները	1
բաբաներուն	1
նեռվե	1
կոխ	1
դնող	1
կար-չիքար	1
տունե	1
անտեղն	1
մեքատեն	1
առներ	1
լիզուն	1
կբաշլայեր	1
կեշութինով	1
դատաստանը	1
մեխքերով	1
դժոխքը	1
ընդունեցեք	1
մամաներուդ	1
զավակներն	1
ծերանաք	1
պատմվածքը	1
ադպեսներուն	1
գրվածը	1
փուչոքմ	1
սոխեր	1
ծիլերով	1
դակն	1
կտեսներ	1
կապռելին	1
խմիլեյին	1
խմված	1
հացեն	1
կեշ-կեշ	1
ալկաշի	1
դահմիլ	1
ալկաշին	1
քխմին…	1
պեռեշկիյի	1
էշտալը	1
կոցիլ	1
ապուլդա	1
ռախիդ	1
քախցածիմ	1
էրիկդ	1
պեռեշկին	1
տիլիք	1
ապրեցա	1
տապկվեցա	1
չունեցանք	1
ատիվորմեն	1
բաժնվեցա…	1
կտապկվիմ	1
կապրիմ	1
քանիյում	1
փոխածդ	1
ավելորդ	1
փոխինք	1
խմիչքը	1
բաժնվեցավ	1
կնիկի	1
քանում	1
սերովին	1
կենսագրությունը	1
այսքանով	1
քաշելիքն	1
սուկյասին	1
գլոխիսը	1
քրտինքս	1
սրբելու…	1
38	1
գռադոս	1
տռկեվուճին	1
գավաթն	1
վրաս…	1
օչեռետներս	1
կիռիլիչին	1
աննամուսին	1
պիվայալ	1
չերանցունեյի	1
ծերանամ	1
ռասիյան	1
կմանգայիր	1
ջաշնայիր	1
կբերեիր	1
չորսքովներդ	1
կունենայի	1
հուլյատ	1
հոս-հոն	1
կուգայիր	1
կհեսաբեյիր	1
բանկռոտի	1
տուն-տեղս	1
պարտքով	1
կախվելու	1
կորայիմ	1
վաստկել	1
պահածի	1
թողվաստկեիր	1
ընտանիքովտ	1
թողապրեիր	1
մարկրիդ	1
թաբլեցիր	1
հոսեր-հոներ	1
ավուջը	1
ապրածիս	1
կռըլովին	1
թումանյանին	1
ճպուռն	1
մրջյունը	1
ճպուռնիս	1
գիրքա	1
ըլայա	1
միտքեդ	1
կանցունուսա	1
բաշլայեի	1
մեյնակսիմ	1
տեղալ	1
պենսիս	1
ձեռքս	1
կռեդիթ	1
ջեբս	1
պոլիծեյսկիները	1
կունենամ	1
չիմնաց	1
մաշվածես	1
անկաջներս	1
լսի	1
սիրողներդ	1
կասինա	1
վաստակով	1
վաստկիմ	1
պատմությունդ	1
մեծա-մեծ	1
ձեզիմեն	1
առնեյիք	1
քաշելիքդ	1
քաշիս	1
կեցավ	1
ձկնորսը	1
զրկվեցավ	1
հումորեսկա	1
դիմացես	1
քուկար	1
խոռկցած	1
էլլեիր	1
ընկածիմ	1
որ…	1
ոտքերուս	1
ջրեն	1
էի…	1
ձգիլե	1
կբանե	1
թեմբելին	1
պարապ-բոշ	1
սիրահարված	1
հայկուշինն	1
չիմացածը	1
փուշտս	1
փորձված	1
բռնողս	1
հանդիպումի	1
ասեյի…	1
ասելես	1
չիկուդնու	1
խռմախներ	1
դմ-դմը	1
չիկենալե	1
զարնվեցավ	1
կտռիմ	1
կբերենը	1
ծարերը	1
կռչոկ	1
կա-չիքա	1
գնա-գնա	1
կբերիսնը	1
ձուկերով	1
կբռնեիր	1
սիրողիդ	1
պիտլամ	1
չիստեսնու	1
ձուկերդ	1
կռչոկիյալ	1
կբռնվին	1
խռմախնեուն	1
տեսածա	1
կան-չիքան	1
հրաժարվել	1
պիտլա	1
շուն-տղոցը	1
կտռիլ	1
ձկելու	1
էղաց	1
հոքայով	1
կըռչոկները	1
կտռիլի	1
հրաժարվելու	1
չիմանի	1
թողվերչանա	1
խելք-խրատ	1
բաշլայեցիր	1
խռմախին	1
փետառը	1
կհանիմ	1
փատն	1
վերսմ	1
փետառս	1
մակույին	1
կձգե	1
քխնդրե	1
կբաժնվին	1
հայկուշին	1
տունենա	1
տուն-տեղեն	1
խալսած	1
փնտռելեն	1
մանգա	1
ձգողը	1
սեմյայես	1
տուն-տեղես	1
ընկածս	1
բաթածս	1
վրատ	1
խաբահաթի	1
մակուն	1
կուտասնը	1
ուրեմըն	1
աստուծուն	1
հասկցանք	1
բեջերվեցանք	1
օտարին	1
խառնվի	1
խաբահատի	1
լալ	1
թափնուքով	1
օգութ…	1
չխոթի	1
դավաճանության	1
ծեցից	1
չուզեցածը	1
պատմելը	1
կսիրին	1
գլոխենա	1
նեմսեներ	1
նեմսեյի	1
սալդաթներ	1
անկաջներով	1
էշաքե	1
հայվաններ	1
խոտռ	1
տռանսպոռտներով	1
կճեբները	1
կըռծեցին	1
չորցան	1
բարչա	1
տեղավորցանք	1
կատելոկը	1
կթվելու	1
ժամանակն	1
հալերը	1
անցուցածները	1
պատմեցին	1
հորսակ	1
հավերնին	1
կուռը-կուռը	1
բաբաիտ	1
մոշթից	1
թեմուսցուցի	1
էփեցի	1
կնայե-կնայե	1
դրաբեզը	1
գշտանանք	1
գշտացանք	1
կնայիս…	1
դավայ	1
լիզուն-բերանը	1
կապռթվեցավ	1
կերածինք	1
կմուտնում	1
հապ	1
սաբակը	1
ուկռալ	1
կհասկուցունում	1
հայհոյանքներով	1
կնեղանա	1
հավատաց-չիհավատաց	1
նեղութինով	1
ազատածին	1
բաբատա	1
մտածինք	1
4-հատմ	1
օխռաննիքներն	1
չբերեյին	1
խասեվեթով	1
տռեվոգա	1
կվազինք	1
լուսացուցիլ	1
հանվեցավ	1
տուռուսիկով	1
սթեմներով	1
կհասկուցունե	1
ճակուչկ	1
կամեր	1
ճակուչկը	1
կերկունցունում	1
կամելուս	1
կամերուն	1
դոբռայի	1
սետկա	1
կամերեն	1
խոսքն	1
սորվիլ	1
օրելու	1
օրածի	1
մաշդիմ	1
քունս	1
կաչայտ	1
անելս	1
կամացուցի	1
սալդաթները	1
ավտոմատներն	1
ավտոմատին	1
սպանիմ	1
շաղվիմ	1
սպանին	1
տանջանքով	1
լուսացուցի	1
հավինն	1
բանինն	1
վերչացուցի	1
պատմվածքս	1
մեխդրանք	1
չուզեյի	1
հեռսերես	1
փատլամիշ	1
ծերերս	1
գանկատվինք	1
կհեսաբեյինք	1
խրկեր	1
մոմենտին	1
խրկեյին	1
զդաչիները	1
գնացածներուս	1
ծերանալու	1
դիրացիններով	1
մոտոծիկլետով	1
կանցնին-կդառնան	1
կաչայիդ	1
կկանչինք	1
ինամառկա	1
ձիկառն	1
ձաներով	1
մուզիկա	1
բոնգլ-բոնգլ	1
էրվնցածեն	1
անօրվանը	1
մեռելի	1
չլսեցիր	1
դիրացինս	1
տռուբաներեն	1
ճապտռելեն	1
բոռ-բոռ	1
անկաջներդ	1
խլացունելեն	1
բարեկամս	1
զարգիցնը	1
ազատեցարա	1
զընգռտի	1
ոտքերս	1
զղռտեմիշ	1
զարգածի	1
ստոլբա	1
դռյախլյ	1
վոլգայով	1
կբռնիմ	1
ռադիոյին	1
քփետիմ	1
իրենա	1
կամոթիմ	1
մուզըկա	1
քանիհատ	1
պարապունքը	1
կմանգան	1
անքաղաքավարութին	1
բարոն	1
պոլիծայները	1
ջուրիս	1
թողչիքայիր	1
տղայեր	1
բալոնիս	1
կոթեն	1
հասցուցի	1
չոլեր	1
վաստկին	1
մորերուն-հորերուն	1
գովոսանքեն	1
հակոպյան	1
մադոսին	1
առտուռն	1
մարերը-հարերն	1
խուլիկանութին	1
դիրացիններես	1
դանձը	1
քխանգարե	1
վաժպետը	1
վաժպետները	1
յախաները	1
քթոթին	1
խուլիկանեն	1
ծնողիյա	1
կանչիլին	1
նստածին	1
սորվեցածը	1
ծեծելուն	1
քփնտըռիս	1
կլասռուկը	1
դասարանն	1
5-ում	1
6-ում	1
բ	1
լմանելիք	1
սորվածը	1
խուլիկաններ	1
կդառնան	1
դաստիրակությունը	1
մեխդրանքներս	1
կվերչացնում	1
վառողներուն	1
գաս	1
էնկին	1
ցենտռը	1
մեյդանը	1
բան-գործ	1
վտեխները	1
կմանգաս	1
տունես	1
չիգամ	1
տեղդ	1
կանցունուս	1
օրերդ	1
տիաց	1
պաճկան	1
սիգառետ	1
պաճկա	1
վառիս	1
պաճկայեն	1
քխլ-քխլ	1
40-50	1
խարջածով	1
գլոխդ	1
սլուժիտ	1
քալես	1
վառողի	1
վառելես	1
դարա-նարամեն	1
կվառիս	1
վառեցիր	1
տասնըհինգ	1
հարցի	1
ամիսմ	1
վառող	1
հազալույին	1
սաբախտանները	1
կվառիմ	1
ըխթեցի	1
վառածներս	1
կվառեր	1
իննաչի	1
քհազար	1
չուզեր	1
սիգառետը	1
կհասնե	1
գարկվիմ	1
պիտլանք	1
սիգառը	1
բերանս	1
էղիլիս	1
հասցունու	1
հասածս	1
հավաքե	1
սուրեն-աղա	1
ըխտելը	1
կխտե	1
իննադս	1
չխտի	1
խրատներուն	1
գործիս	1
պաճկային	1
կգրին	1
կպչե	1
բեթերին	1
կյնիք	1
խարջելով	1
դրաբեզի	1
ճապուտներու	1
չիգիդցածիս	1
ասածս…	1
ազբարներսա	1
քցանեյինք	1
չուզեցածդ	1
կինմաշդս	1
միթքես	1
անցուցիյա	1
բանկայի	1
ճապուտով	1
սալաթը	1
կարոտս	1
առածի	1
ասածս	1
սռոքով	1
սռոքնալ	1
ծախողն	1
սռոքը	1
անցածը-չանցածը	1
պատմութին	1
ճապուտին	1
մեմեքատա	1
չոխմառ	1
քհասնին	1
կպուր	1
կուպուցի	1
ծեծ	1
կբառկե	1
հարը-ախչիկ	1
փախածի	1
տավարեն	1
կնային-կնային	1
մեխկնալը	1
անիծելուն	1
մեկերեմ	1
դիրացինով	1
կկայնեցունուն	1
գտակը	1
ծերոն	1
պատմածովդ	1
խնդալես	1
շենացա	1
թեթեվցա	1
քթեթեվնամ	1
կուկուդնե	1
կկայնեցունե	1
կմուդնե	1
սհաթներ	1
կկոխե	1
քրտինքները	1
պատե-պատ	1
չապուլտան	1
ռադիոները	1
ասքովանքով	1
կայնեցուցիլ	1
գտնվածը	1
վազեցի	1
միլիցյա	1
շամաթաներով	1
կանչածները	1
շտռաֆա	1
ցավիյա	1
ակոբ-օշթախ	1
ճապուտը	1
կբացվե	1
նը,պատմածդ	1
գողնալեն	1
եփ-եփա	1
կմնան	1
չբացվելու	1
պոլիտիկայի	1
առողջությունի	1
կոռում-կածակեն	1
կածակով	1
դուռ-փենջերե	1
բանս	1
գիդցողներ	1
չդնողներ	1
եղելության	1
1958-59-ին	1
թելեֆոնիստի	1
կբանեյի	1
նստածինք	1
կոռումով	1
բահարը	1
կածակն	1
բամբյոշկա	1
կումբուռտի-շամաթա	1
քոքով	1
թելերն	1
կկպճին	1
կկտռին	1
ավառիներ	1
սելեր	1
կվազին	1
վազելները	1
թելեֆոններ	1
ռադիոներ	1
ցուցուցածով	1
ավառիները	1
ուչաստկաս	1
մտա…	1
վախեցաք	1
թեմիզս	1
պռեդսեդատելին	1
զասեդանի	1
եդկի	1
կոռում	1
կոռում-կածակ	1
շատռտի	1
տելեֆոնի	1
ապառատ	1
թռած	1
կառավուլ	1
կայնածիմ	1
զասեդանիյի	1
մասիս	1
ազադցուցեք	1
քցուցունում	1
չարածին	1
անորալ	1
վոգիդնա	1
լսեի	1
խուլացա	1
ադպես-ադպես	1
վախեցանք	1
կմեխքնանք	1
անելույիս	1
գրածս	1
պատմողը	1
չգրեցի	1
փոքրածավալ	1
մանդռով-խոշորով	1
բռիգադներ	1
երկուսում	1
չուբառյան	1
խանդեմերյան	1
աղաղլույան	1
եդվարդ	1
մարգար	1
դողերի	1
հեղինակ	1
կոլխոզներու	1
մայաքի	1
կմասնակցեյին	1
դասարաններու	1
աշակերտներուն	1
օրախի	1
կազմակերպված	1
կտանեին	1
ժողվելու	1
կկերագրեր	1
խունդումով-հավեսով	1
կշտացնելու	1
կալին	1
վիմերով	1
մաղով	1
մաղող	1
կոմբայի	1
կոպնիտելի	1
թաբլող	1
ծանըր	1
աշխատանքներու	1
կեսգիշերին	1
փոխ-փոխ	1
օլդռելով	1
մաղինք	1
էլեկտռիչեստվա	1
աշխատանքներուս	1
պովոռին	1
12-ս	1
կբանեինք	1
չտեվեց	1
լոշերը	1
մաղած	1
սավոք-բելով	1
չիմանալով	1
մաղը	1
բելով	1
պատռից	1
էփված	1
լոշերն	1
շոֆեռներ	1
գռուզչիկներ	1
ալյոշաները	1
բոռյաները	1
գուլիները	1
մըյմըզները	1
ալյոշաին	1
ջութերը	1
ալյոշա	1
բռիգադիռներսա	1
ջութերով	1
հանգչած	1
կքալեր	1
թեմբելոդ	1
նոռմալ	1
սեմթով	1
պառազնայով	1
կլծվեր	1
շագով	1
պարիներ	1
բռիգադեն	1
կնծեր	1
կհասնեիր	1
սհատ	1
քխփվեին	1
էլլիլին	1
սրթը	1
բառկիլին	1
կերվնա	1
բառկածները	1
բիբոլին	1
ձիյ-տաճկայով	1
ղուկաս-աղան	1
սուխարիյան	1
բիբոլ	1
վըգովոռ	1
մեխքցան	1
բարբելու	1
բառկեցավ	1
բարբեցի	1
խասսա	1
արբայեն	1
խամչիյով	1
էրկնալ	1
թեքման	1
ակռայիս	1
ծակելու	1
չկպավ	1
ռան	1
արունեցավ	1
արունը	1
թիփարքս	1
կկրեյինք	1
սորվեցուցածներուս	1
աշխատանքներ	1
չգիտցող	1
աչառը	1
կռտած	1
բզով	1
շալթրցինակ	1
բռիգադիռը	1
բռնեցեք	1
հոգիյով	1
ջութ-ջութ	1
սորվեցունելույին	1
խոթածներս	1
չարչարանքներս	1
լծածներս	1
սադիլկաներուն	1
առչովները	1
գոպճակով	1
տաճկայի	1
կոտոշներն	1
էրկնցած	1
կարճոդ	1
օգզբաշիներ	1
մեկս	1
օգզբաշիյեն	1
մեկալս	1
կքշե	1
կողեն	1
կոլտռվին	1
կբառկին	1
կհանինք	1
պոչերը	1
չոլտռած	1
լեսոպոլոսա	1
ամենեվին	1
ճանփով	1
շաբաթներով	1
լծվելով	1
սորվեցուցինք	1
ջութին	1
սորվեցուցի	1
տղոցմեն	1
կկայնեյին	1
վախենային	1
սորվեցան	1
տաշովի	1
դուքյան	1
կբառնային	1
բեջերեյի	1
արձակուրդս	1
ղուկասը	1
աչառներուս	1
հասակս	1
բարեխիղճ	1
աշխատածս	1
պարգեվ	1
պռեմյա	1
արձակուրդիս	1
կաշխատեի	1
ասքանն	1
օրս	1
կոմբայներն	1
կոմբայով	1
հնձելու	1
չարաններ	1
կալսելը	1
լաբառեյկայով	1
ռաբոչին	1
ադտեղր	1
քաշող	1
աչառներն	1
կարծեյին	1
վետվռաչը	1
դիկրան	1
ճաշի	1
բրիգադիռներս	1
վալոքին	1
թումիշը	1
թողբռնե	1
ջանգե	1
չբռնեցի	1
լծեցի	1
տըռնավուճնալ	1
կոխելով	1
վալկան	1
զան	1
գոթերն	1
քթափին	1
չըխ	1
չիլմանի	1
արալըխեն	1
վալկաներս	1
ձգվի	1
չկեցունելույին	1
վալկայեն	1
կհասնեյի	1
օրված	1
սայիս	1
քխփվեյին	1
քամիլեմիշ	1
վալկայիս	1
կոխածս	1
կպա	1
տոռմոզին	1
կկոխիս	1
էլլածս	1
ոտքս	1
ուգոլնիկին	1
քոշային	1
ճխկեցի	1
արունջուբաղ	1
բռիգադն	1
կաբռթեցի	1
կոխածովս	1
ճղկվածը	1
օսկոռիս	1
չալըխը	1
память	1
գոհիմ	1
ձիյեն	1
օլտռվելեն	1
ոտքդ	1
քեշտիլ	1
ռանը	1
մանգայի	1
քալածներս	1
վայնայա	1
քաղցածութինա	1
տարիներու	1
ապրուստներս	1
չտեսնունք	1
անցունողներ	1
պատմին	1
հասածինք	1
ինչպեսն	1
հարկը	1
ջանգածս	1
վրայեդ	1
խատռին	1
թաղումն	1
բարեկամդ	1
ջաշնամ	1
լուսինին	1
չիջաշնամ	1
իմացունեիր	1
տանջվելեն	1
գիդիմ	1
մանուկինց	1
երեխայով	1
ախպրդիքներն	1
ասօր-վաղը	1
նշանվել-գարկվելու	1
գայանե	1
քսիրեր,գայանեն	1
դառաթները	1
կքաշվեր	1
ունեվորի	1
կենալը	1
ապրուստն	1
հանդիպեց	1
դավաճանութինը	1
ներիլ	1
հանդիպեցավ	1
աղաչից	1
ըլալուչե	1
սիրիմ	1
ներից	1
թաքուն	1
հանդիպումները	1
դեժուռնի	1
ոտկիներունն	1
կումուտնուն	1
ծեծին	1
ոտքիններուն	1
քփախչե	1
վեշչիներն	1
բաժնվել	1
տեսնվեյին	1
դեկեր	1
բաբային-մամային	1
մարը-հարն	1
հավնեցան	1
էրկուսով	1
սըրտի	1
հասկընալով	1
քհասկնար	1
զարներ	1
առթուշեն	1
ունեցածով	1
տարուքներ	1
դե-դե	1
մոտկնալ	1
դառցար	1
հիվնդնայի	1
գարկված	1
գուտներ	1
սթեմի	1
բաժնված	1
առթուշն	1
խոնարհ	1
տեսնեին	1
անկաջներն	1
լսեին	1
բաներով	1
բեջերեր	1
քխրկե	1
նոռմայեն	1
գբաշլայե	1
գիտիս…	1
չելլածը	1
փոշմնցիլ	1
բարեսիրդ	1
մեխկցավ	1
չեշտալ	1
խաբերով	1
տաքութինը	1
մեռնել	1
արած,ծեծից	1
գայանեյեն	1
կտանջիս	1
բարցեն	1
վերուցածը	1
ջանս	1
ներիս	1
սերս	1
սալթենա	1
բաքածը	1
տեսնողներուն	1
թափեցունողներ	1
սերդ	1
բարցին	1
կուլար	1
միմյանցմե	1
մուտնելեն	1
թափեցունելեն	1
մեխքցավ	1
չափեդ	1
մանցնի	1
հագվեցավ	1
ամպած	1
եղանակն	1
փորված	1
քամիին	1
խուչախը	1
չիչակները	1
ծածկեցին	1
թաղումը	1
հրաժեշտը	1
շովելով	1
հանգիստացուց	1
պահեր	1
օրեցօր	1
կաբռթեր	1
հասկուցունել	1
կորցվեր	1
գերեզմանեն	1
գուտնեին	1
պեջերող	1
վերջը-վերջով	1
վերնար	1
նայելը	1
հիվանդին	1
վարվել	1
մահացիլ	1
դժբախտ	1
ճակատագիրերն	1
էլլող	1
12.03.2016	1
քխոռկնան	1
պոլիկլինիկայի	1
խաթերը	1
էլելը	1
խոշտի	1
բոլնիցին	1
ժալոբներով	1
պլանի	1
միտքերեն	1
անցունող	1
վրայիս	1
ինֆառկտը	1
պռիստուպը	1
մինջիրներեն	1
խոլթխես	1
խաթին	1
էլլելներես	1
սհաթմ	1
նեֆեսս	1
գլավ	1
վռաչին	1
չասիր	1
կյանքեն	1
հավաքեցին	1
դառցունող	1
ըյնելուներուն	1
պռոբլեմը	1
աբկարին	1
շարունակեցինք	1
վաշտուկին	1
ըռինդոդ	1
ունենամ	1
ունենալը	1
ռոդդոմն	1
կոչածով	1
տիժարցունուն	1
հասցունելու	1
աբգարը	1
կիլու	1
դրինա	1
օ,	1
կուռջի	1
անուններեն	1
չեկածա	1
բաշլայված	1
ռոդդոմեն	1
էլլելներեն	1
օռթնեցին	1
գուկան-կեշտան	1
տղադ	1
չունենար	1
ըխտեր	1
խարջերուն	1
տղաքներն	1
սորվեցունողները	1
խոթողները	1
ասածդ	1
թոռդ	1
գնածի	1
էշտային	1
բաբի-մեծաներս	1
բաներու	1
մնանը	1
ռոդդոմը	1
խափիս	1
զենգիններ	1
խարիբներա	1
թեփեներես	1
բոմբիտ	1
հեռուներեն	1
մեմեծկի…	1
սեպլիկոդ	1
ճոռնըյին	1
մնացաց	1
շիշաներուն	1
շիշաներա	1
հառաժի	1
շկաֆը	1
օյմախին	1
օյմախի	1
հարբելու	1
շողունքոդ	1
աթոռքներն	1
անողս	1
չիտիսա	1
խմածներդ	1
հոգնեցա	1
դեմերդ	1
սթեմդ	1
շիշամ	1
անցնինք	1
չիմացունելու	1
մինայիք	1
արեքն	1
գալաջիյե	1
օլդռվեցան	1
ռախիներեն	1
բոշոդ	1
խմելով	1
մեխքը	1
սթեմա	1
ռախիններեն	1
քիչոդ	1
անջա	1
լցածները	1
խելոք-խելոք	1
խմեր	1
սիրտն	1
օլդռեցին	1
աթոռքները	1
խմվեցավ	1
շիշաներեն	1
լեզու-բերան	1
կաբռթելեն	1
չիկաբռթին	1
պառկեցեք	1
պալիքին	1
գուդներ	1
գոցեր	1
գոցից	1
շողունքները	1
օրվելեն	1
մացյաին	1
թրսեքով	1
կլորվիլ	1
ընկիլին	1
գիբսեր	1
բառկածին	1
խմիչքին	1
չիգիդցածի	1
օմուզս	1
ցավցուցիլ	1
վերչանալու	1
մեկեր…	1
օճեռետդ	1
կլաս	1
դեյենիս	1
պատմելուդ	1
իսկենա	1
օճեռետս	1
ուժով-լուսով	1
կոզլուկներ	1
ովիս	1
հարցեր	1
բասահաթս	1
վտեխիս	1
դուռածկիյ	1
կարողիմ	1
ասածովս	1
թենթեք	1
ձքիմ	1
գակող	1
պեռեվյազկայի	1
վառատայիս	1
կանչածի	1
լսածովս	1
գիտցա	1
բաշլաեցի	1
հարցերուն	1
դառցեր	1
կորցվե	1
ջանցցա	1
կոզլուկ	1
դրածն	1
տռուբկա	1
խոթածա	1
թելեֆոնները	1
մանգան	1
տելեֆոնը	1
ամաններ	1
իրիկունով	1
ասվալտի	1
զավոդի	1
ամաններս	1
կառբյուռատոռի	1
ժիկլոռները	1
փնդռելը	1
անիմ…	1
ունեցածս	1
թելեֆոնս	1
տղոցս	1
ախպարներս	1
ժիգուլիյով	1
տռոսով	1
մաստեռավոյ	1
չամատանճիկը	1
խանաթին	1
խառնից	1
բալիքը	1
օլդռածս	1
ձեռքեր	1
ազադցուցածը	1
բռնածը	1
արմնալու	1
կամանդիռովկա	1
հասնե	1
պալիկով	1
սպալնիյեն	1
խուջուռմուջուռ	1
խոռկցածին	1
հալդ-հեվալդ	1
ինչեսիսա	1
կամանդիռովկայեն	1
պալիքովս	1
նստածիմ	1
սպալնին	1
խուջուռ-մուջուռ	1
իդաբաներուն	1
բաշլայելուս	1
կորանք	1
մաթախ	1
պողոսը	1
սպալնիս	1
էրկուսիդն	1
սպալնիյին	1
նես…	1
ցատկելու	1
հալեքեթշամաթա	1
էղածդ	1
օրվանե	1
ցիր	1
բաժանվեցան	1
հավատարմիության	1
հետեվանք	1
պայքար	1
դիռեքցիան	1
չունենան	1
բաշլայվե	1
խուլիկանությունը	1
ըռինդն	1
փեռատն	1
հետեվանքները	1
բոլոդ	1
նորութիններ	1
մոլոդեց	1
կանվեռտ	1
կանվեռտիդ	1
զոռողը	1
կեկա	1
առտուշին	1
ծուպուն	1
ծեպե	1
սպտռած	1
առափ	1
կլմանե	1
հավը	1
արալխեն	1
հարսու-բիանա	1
վերուցածները	1
կանչելենա	1
հարգել	1
կպատահի	1
անեծքները	1
կաճեռե	1
շամաթան	1
անեծքը	1
կանիծին	1
նեղացավ	1
հարը-տղա	1
թեմուզցուցին	1
աճեռած	1
ատիվոնք	1
ժալովացը	1
կանվեռտով	1
կիրը	1
բացինք	1
3000	1
շտռաֆ	1
շտռաֆը	1
կապրիք	1
գնեյի	1
չեքմանին	1
ախպար…	1
հարցուցիա	1
էրվելիի	1
տունդ	1
գտիլ	1
կոչվին	1
դաքա	1
դիմացածներուն	1
ազատիլ	1
իդիվոնց	1
տղասա	1
սավոնց	1
հնարիլ	1
անդիա	1
հնարիլին	1
դիրացինի	1
ըռինդինա	1
փեռադինա	1
էշթալ-քալ	1
լոթո	1
թուղթ	1
փնտռել	1
թեվաթոսին	1
10-ը	1
ծեծեցին	1
գլաք	1
կալաջիյեն	1
մեծսալացի	1
գազեթին	1
գրվացքները	1
կգաշթամ	1
մեքաթ	1
գրվածքիդ	1
փնդռածները	1
ծակածը	1
գաշթացի	1
ադպեսին	1
բաներե	1
օտկազ	1
մերժում	1
ադբեսենը	1
անժամանակը	1
էղածովն	1
նազիգին	1
խաչատուրնա	1
ըռղաթ	1
ժողտել	1
ապրանքնա	1
բարաբե	1
խաչատուրը…	1
ազաբարին	1
մուխաիտ	1
ուռուի	1
բարաբից	1
ջոգջոգ	1
վրաներ	1
էշթալգալու	1
հարց-փորց	1
շիշերը	1
էկավ…	1
տեսնիս	1
տեսնիմ	1
ասացու	1
ջիվալմ	1
ուլիս	1
բանածիս	1
կարից	1
բերածդ	1
ժամակը	1
ջիվալդ	1
դրվածը	1
աչքիդ	1
120	1
քիլնոց	1
հանելը	1
ջիվալին	1
սուրդ	1
քսասանե	1
կոխիլ	1
բացուռդինն	1
սուրեմիշ	1
ազաբարեն	1
գհանե	1
ջամբեն	1
24.06.2017	1
թոփցիյին	1
պատմութունը	1
թոփցիին	1
կբռնեին	1
կբերե	1
խարամիշ	1
տուն-ոշտոքով	1
բերաններուն	1
կշդացավ	1
տավարի	1
էփածին	1
համով-ֆոտերով	1
իդավուկնա	1
կտեսնվին	1
կովերունա	1
սիչկայա	1
ջրիմ	1
ջրից	1
նեսա	1
չայա	1
արտորացածեն	1
չմեկնի	1
չայերնա	1
դուզենները	1
օշթախնա	1
ջրեցիր	1
խմեցիր…	1
կուքաս	1
թեմուսցուցած	1
մաշինդ	1
մեկալնա	1
մեքադա	1
ջանջ	1
փախթալեն	1
սատկելու	1
իդվոր	1
ձգե	1
իդորմեն	1
լալուչե	1
պիտսատկե	1
իդատեյը	1
մամայիդա	1
առինը	1
ջլեզ	1
նաե	1
խոշտիլիմ	1
խոզիննա	1
ձգեցին	1
մոշթելու	1
չխյմշելու	1
մոշտելու	1
մեխքցածին	1
օսեմենիտ	1
տասնըէրկու	1
15.07.2017	1
քաղցածի	1
քաղծածութիննա	1
մանգային	1
կմուրաին	1
քաղցածեն	1
ադիվոնքա	1
տռուդադենի	1
կպահեյին	1
ուզանային	1
իշխանությունը	1
չիտուվողներուն	1
փընդռել	1
գտած	1
ապրանքով	1
ունեցողներեն	1
քշերով	1
քփորե	1
քխոշտե	1
պարզերես	1
գալաջի-գալաջի	1
փնդըռածներուն	1
ժրչեցինք	1
փորեցինք	1
պիլետնա	1
գուկուդնուն	1
ծակից	1
փնդռողները	1
լսեցինք	1
չեղողս	1
գիդինք	1
տուվածներդ	1
պիլետդ	1
ժրչինք	1
հասցունողը	1
ժրչելու	1
տերնա	1
բադռած	1
բակլա	1
թրչվի	1
էկողներն	1
մոմենտ	1
գտան	1
պոլերուն	1
կծախեին	1
մուճկայով	1
գալետները	1
թոզեն	1
կճռ-կճռ	1
ակռաներդ	1
լապատա	1
խաշել	1
բայատցավ	1
ադա	1
հեռուներ	1
բահեստկվան	1
ուտելիքի	1
չորսը	1
կոպճակներն	1
տաճկաներուն	1
պոտչիպնիկով	1
կոչերի	1
պահեստկվան	1
չխյմշելեն	1
էրկաններուն	1
կոստյումները	1
էրիկները	1
ուկռաինային	1
տայաղանենա	1
քշերվանա	1
գդան	1
երեխաներնա	1
անցուցին	1
դուռե-դուռ	1
ֆալջիյի	1
ձգելու	1
անջրկեր	1
հասկուցուներ	1
օտ	1
մուժա	1
սկոռո	1
պիսմո	1
բուդետ	1
կբաքնե	1
բերեին	1
կբեջերեին	1
բառնաին	1
փոխելով	1
ապրանքներով	1
իլինքցուցին	1
անգամա	1
ձըգիմ	1
ուզենամ	1
բերիք	1
հասկցուց	1
փատլիջան	1
բերող	1
կուտվի	1
բարեմ	1
միանիք	1
կոռտնին	1
արմնցան	1
զըթը	1
կանչածս	1
դիժարութինի	1
անկիցա	1
կողերեն	1
սամբեքին	1
տերվերեն	1
պյատիխատկայի	1
սինովկային	1
յառերեն	1
կմըթներ	1
էրվնցան	1
հոգնածներուն	1
մըթնեցավ	1
փաթտվել	1
բաքնելով	1
տանջված	1
սիրտդ	1
կիլինքնա	1
փորերս	1
ուկռաինա	1
էշթալ-քալը	1
բանեին	1
քշենանային	1
հասցուցին	1
գիդցիկ	1
ըռինդը	1
տեսիք	1
հասցուցածներն	1
կողմերդ	1
թեփեներս	1
երկինք	1
խաղաղութինը	1
պահպանեցեք	1
փոքրներուն	1
ազգականով	1
տղոցներուն	1
նշանելու	1
բորդ	1
ունեվոր-չունեվոր	1
հիվանդություն	1
էղածը-չեղածը	1
հոժարութինի	1
տուվիլին	1
առիլին	1
ադիվոնցմեն	1
անցնելիք	1
զբաղվելուները	1
լաֆի	1
օրինակներից	1
մասին…	1
բալաչաղաներով	1
ախպրդոցմեն	1
ստեպանն	1
ղունկյանոսը	1
ամենեն	1
մեծն	1
բաձռ	1
կանչելով	1
նեղանալով	1
յալնշ	1
դառնար	1
դողաին	1
կնկաննա	1
ծեծեր	1
հարբած	1
չալողներով,դավուլ	1
զրչեցեք	1
զրչել	1
ախպրդիքը	1
արիլին	1
ախպրդոցը	1
հրամաններով	1
գործդ	1
կերերը	1
ժողդելը	1
բեջերելը	1
խոթելն	1
սորվե	1
խրկե	1
ախպորն	1
քրիստուշ	1
սիրունիկ	1
շողակ	1
վաշտուին	1
սաթենիկ	1
ախպրդիք	1
ստեպանեն	1
եվկինե	1
սանդուշը	1
վազկեն	1
բաբիներուդ	1
բանուկը	1
շախաջին	1
սուռիկս	1
ներոչ	1
մականուններ	1
շուշանիկին	1
շուռ-շուռ	1
թռչունի	1
թեթեվ	1
քալվածքին	1
լըպ-լըպ	1
սանդուշին	1
շամաթաջի	1
ժնգռդավուխ	1
մականուններով	1
թախմախներով	1
միությունի	1
պատմությունից	1
իշխանություն	1
բաշլայվիլե	1
կբաշլայվե	1
կոլխոզներ	1
խոշտվելու	1
պարիները	1
բռիճկաները	1
ախպրտոցը	1
հրամայելը	1
տղաներ	1
ստեպանինը	1
զավակեն	1
ախչիկեն	1
մարգրիդին	1
կհազար	1
թոքերը	1
ջիկարները	1
բռնվեր	1
նշանեցին	1
պսակը	1
բաքնելու	1
հարսը-փեսան	1
հեռուցածներն	1
վաշդանն	1
լպ-լպը	1
հռիփսիմեն	1
եվկինեն	1
սլուժբայի	1
1945-ին	1
միքաելն	1
խիս	1
մանրամասնորեն	1
գիրքիս	1
ունեինք	1
ղունկյանոս	1
վաստակտա	1
ղրկե	1
ախպարներուն	1
ուսումի	1
գրթություն	1
բաշլաիլե	1
եռմոնեն	1
առեվտուրով	1
կզբաղվեր	1
վազկենը	1
կանդիդաթ	1
նաուկ	1
թոռեր	1
քոքը	1
շարունակվեր	1
իդիվոնք	1
ազգերուն	1
ընտանիքն	1
լպ-լպ	1
մեծաս,արտաշես	1
վարդիթելը	1
գ.ջալաշյանի	1
նախիջեվանի	1
հրատարակության	1
վերջացրի	1
դժվարություններով	1
տքնաջան	1
ուժերս	1
աղջիկը	1
պատմա-ազգագրական	1
թանգարանի	1
տնօրեն	1
սեվագրերի	1
տետրները	1
համակարչային	1
կոմպյուտեռի	1
շարվածք	1
անեմ	1
օրվանից	1
դեպքեր	1
փորձանքներ	1
կտրվեց	1
տեսակ	1
պատճառներով	1
չկարողացավ	1
դադարեցնել	1
հանգյուցալը	1
լույս	1
տեսնի	1
թափել	1
տանջանքներ	1
հայաստան	1
չիրականացվեց	1
մահից	1
դադարվել	1
բնագիր	1
ձևի	1
կորել	1
սեվագիրը	1
քանակով	1
ձեռագիրը	1
ձեռագիր	1
մանր	1
պտխած	1
տետրների	1
կարդալը	1
տառեր	1
փ	1
տառը	1
ք	1
նրանումն	1
չոգտագործված	1
լեզվաբան	1
ճիշտ	1
հասկանալ	1
տպել	1
այստեղ	1
խոշորացույցի	1
պարզել	1
օգտվում	1
խոշորացույցով	1
որքան	1
տեսակինը	1
խոսվածքը	1
ուղղագրությունով	1
թարգմանել	1
լեզուների	1
ուժեր	1
թափեցինք	1
կարողության	1
01.02.2009	1
գրքից	1
238	1
ուշադրությամբ	1
գարդացի	1
շահինովայի	1
слово	1
защиту	1
родного	1
языка	1
թերթում	1
լիովին	1
համայրա	1
լեզույին	1
ցավող	1
վետեռան	1
ուսուցիչներ	1
խորհուրդներ	1
խորհուրդները	1
կարծիս	1
կենտրոն	1
երեխաին	1
պահանջին	1
դասատուներ	1
չիգիտցածներուն	1
հանցավորը	1
հարեվան	1
տերութիններուն	1
հակամարդկային	1
օրենքներով	1
արածներուն	1
կարողությունները	1
պայմաններու	1
ռուսաստանում	1
կկտռինք	1
պատմություններու	1
հարուստությունը	1
աշխարհի	1
տերութիններում	1
ֆրանսյայի	1
գերմանյայի	1
պահպանին	1
տռադիցյան	1
վաժատուններ	1
որպեսի	1
հիշեն	1
անցի	1
կպահպանին	1
տռադիցյաները	1
կհանձնին	1
մինք…	1
մեծցունունք	1
ֆռանսյայի	1
գեռմանյայի	1
վերջո	1
ֆռանսերեն	1
գեռմաններեն	1
լեզուները	1
փոխի	1
ընդունական	1
տիրապետած	1
կարողանա	1
կաշդալ	1
կապրի	1
չէ…	1
վաժատուները	1
սորվեցունուն	1
տեսնըվինք	1
խանգարի	1
մատեմատիկայի	1
ֆիզիկայի	1
քիմյայի	1
ֆոռմուլաներե	1
տեոռեմներե	1
գռաֆիկներե	1
սորվենալեն	1
քսորվեցունուն	1
պարտականին	1
սիրցունել	1
լեզվին	1
հեքյատներ	1
ընկերներըն	1
շարունակին	1
բացատրելով	1
թաբլինք	1
կաշդանք	1
երգինք	1
հազարական	1
ժողովուրդի	1
ազգը	1
պատասխանատու	1
պահպանման	1
ամեռիկան	1
եվրոպան	1
կարողին	1
պահպանելու	1
կիլոմետռ	1
հայաստանեն	1
չըմնալու	1
լեզուին	1
անտարբեր	1
անհոգ	1
դարցուցածով	1
կմոռնանք	1
բաբաներ	1
հույսերս	1
դասղեկներուն	1
կաշտալը	1
բարծանք	1
հարուստություն	1
ամենահարուստ	1
լեզուներեն	1
երեխաներուդ	1
կորցվի	1
չիգիտնալ	1
լեզուդ	1
դժբախտություն	1
չմոռնաք	1
կուլտուռա	1
հիշողությանը	1
սիլվա	1
կապուտիկյանի	1
որդուն	1
բանաստեղծությունի	1
որդիս	1
լինես	1
լուսնի	1
գնաս	1
մորդ	1
մտքից	1
հանես	1
չմոռանաս…	1
23.07.2016	1
էրգուսին	1
դաքեն	1
ակոպներուն	1
քենարները	1
փռաձ	1
հերվանեն	1
չվարվաձ	1
խոռվաներով	1
քամիյեն	1
չափուդի	1
գոթերով	1
գուլայաններով	1
ատամորտուս	1
հնջարաձ	1
վախեցաձ	1
գառդման	1
դեսագ	1
կըյըկ	1
արոդներ	1
դակծաձին	1
դասնութ-դասնիննը	1
բատառեյն	1
առուդիները	1
թաղաձ	1
գընըժար	1
պեռլովկայե	1
աբուրին	1
դուգու	1
գերանք	1
կատիլոկները	1
ծիյերը	1
բեռ	1
գըհասներ	1
ծիարբա	1
էրվնարնը	1
գըբաշլայեր	1
չորսըս	1
ստանծիյին	1
էգաձներուն	1
գնայեինք	1
գըջաշնայինք	1
գըվազեինք	1
գըռնագներուն	1
գառնեինքնը	1
ջանչըցանք	1
կալուստին	1
էրերալեն	1
զավագին	1
բատառեյը	1
աղգոր	1
պոշտալիոնին	1
չենէ	1
դեղերդ	1
ժեքիս	1
բաքնելեն	1
դեղ-դեղ	1
արզաթի	1
մազերեն	1
գէլլեր	1
գոջադ-գոջադ	1
քըրդինքը	1
պարազնաներեն	1
փոքրիգ-փոքրիգ	1
խոշտվաձ	1
գըգաթեր	1
էթաքները	1
բալչխով	1
խըմխըմվաձ	1
գբաձ	1
զարգիլ	1
օմուզներուն	1
քըրդինքին	1
աղը	1
ալանգ-ալանգ	1
խըռաղի	1
զարգաձի	1
գըլմաներ	1
յաշչիկներուն	1
պլաշչպալատկայով	1
յըխպետ	1
դեղավորվեցանք	1
տառամայով	1
смирно	1
товарищ	1
майор…	1
չլսեցինք	1
թըռաձներս	1
գնայինք	1
24-25	1
մայոռ	1
դեմչենկո	1
ординарец-ը	1
здравствуйте	1
էրգունցունելեն	1
драсти	1
синок	1
օխտարմիշ	1
մեմնեն	1
ոտկերը	1
ժասծունելու	1
օկնաձ	1
մզորաձ	1
վդեխեն	1
մադով	1
գաղինի	1
ասկոլկայի	1
дарога	1
бомбит	1
էղաձի	1
ժа	1
этой	1
войне	1
трудно	1
приходится	1
կոմբատին	1
զեմլյանկան	1
ճուրհորին	1
չուվալիս	1
գբավ	1
ասկոլկա	1
կուկուծներուն	1
օնգուզի	1
կառտոպ	1
խայիշին	1
ձարերն	1
շրջմախով	1
մեշտեղն	1
խամչիյի	1
օմուզներեն	1
գախելու	1
ասկոլկային	1
ասկոլկան	1
նասիբ	1
նշանվի	1
կրաձներուս	1
հուբվախտ	1
խաթեյի	1
ծըկեցի	1
չախմախը	1
քագելեն	1
չախմախն	1
տառծաձ	1
մորքուրդ	1
խրգիլ	1
էփաձովս	1
փուխ	1
թելկատա	1
դըմլամիշ	1
ռասչոտին	1
կատիլոկ	1
ավուջ	1
վեշչմեշոկներս	1
բարբվեցավ	1
նասիբն	1
խևոնինց	1
ռաշչոտին	1
գոջի	1
փուշ-փուշ	1
յալղըն-բալղըն	1
գամացգեգ	1
խևոնը	1
լոզից	1
խոլթուխը	1
էդևներես	1
բատառեյի	1
չասավոյներեն	1
շարվեցաննը	1
չիփագելե	1
սովետագան	1
հայրենիքը	1
պաշտպանելու	1
ջամփաներով	1
գըռնագը	1
պեռեդովոյ	1
գարելի	1
հաղտել	1
պռնելեն	1
всей	1
души	1
թևին	1
нет	1
пусть	1
проклятый	1
фашист	1
увидит	1
наши	1
матери	1
воюют	1
ետկեն	1
տառծավ	1
слава	1
нашим	1
матерям	1
ура	1
товарищи	1
հուռայով	1
թնդացուցինք	1
միտինգը	1
գեսեն	1
սաբոնով	1
իլինկծուր	1
նստեծուր	1
խրգե	1
դանին	1
սաբոնը	1
խըթլըխ	1
բատառեյով	1
գուզեյին	1
սնառյադը	1
պադվոդեն	1
սաղե	1
դռաբինին	1
պադվոդչիկը	1
ծիյերուն	1
խամչիլեմիշ	1
սրթեն	1
փագվեցան	1
գըլսվեր	1
պադվոդին	1
գոպճագներուն	1
չալվաձին	1
бою	1
կամանդը	1
վազեցինք	1
օրըս	1
լոխումը	1
գուդիմնը	1
կալուստ	1
46	1
15.04.1972	1
աղեգութինին	1
սայախլըյիդ	1
կաստյումդ	1
հակնի	1
դգար	1
քխոստեր	1
օրնա	1
դարիքներս	1
գուզենաս	1
դեսնել	1
ցուցունել	1
դարիե	1
կպանիմ	1
մեչս	1
մդիլ	1
կլոխս	1
կռյուկներուն	1
գհեսաբիս	1
չոմաչային	1
բաթեցա	1
փաթլիջան	1
գհարցունում	1
գհավադաս	1
լառյոկները	1
կիլը	1
գիմանա	1
փաթլիջանը	1
գձախվե	1
գոխաձ	1
հասաձս	1
լառյոկջին	1
լվանամ	1
դունի	1
բասեյնի	1
խարջիմ	1
բալչխոդ	1
զվռղա	1
գայնեցուցի	1
հայա-հայա	1
գգլորվի	1
զապառոժեց»-ը	1
դընգվիմ-չիդընգվիմ	1
վադուժոդ	1
ուժս	1
դեղըն	1
անկեռսկիյ	1
պուռղան-պուռղան	1
գվերցունում	1
բալախս	1
ձունգես	1
բադռեցավ	1
ծիռկաչ	1
կառտուսը	1
ազադծուծաձիդ	1
գյանքիս	1
էգաձս	1
օքայով	1
կլոխես	1
էրեսդ	1
ֆառսիդ	1
վարդիքըդ	1
գարիմ	1
գայնիլիս	1
փադե-լոլոյի	1
գնգա	1
չանելը	1
գար-ձևի	1
վարբեդ	1
հեռվանցե	1
բալախիս	1
գարգդանին	1
պարազնան	1
գոռոդոկը	1
ավտոբուսի	1
մոսկվիչ»-ով	1
մոռցաձ	1
ճաղաճկը	1
կուզով	1
պառծաձ	1
աղեգութինիդ	1
միամիդ-միամիդ	1
ալուրս	1
դանե	1
չոսկովներս	1
գանին…	1
տիմածի	1
շապատօր	1
կըծանդամ	1
պերելուներդ	1
ծկից	1
բուռունգս	1
ժաշծունելու	1
չունեի	1
բուֆետ	1
տրիլյաժ	1
ասիմ…	1
դարինք	1
պաննա…	1
բաջանախիս	1
գոլ	1
սազոդ	1
նախշից	1
անջախ	1
սուրաթը	1
դեսնելու	1
չիգայնեցավ	1
աղեգութինիս	1
31	1
14.03.1970	1
տոփծի	1
գասիմնը	1
42-ին	1
ծմեռն	1
18-19	1
տոպտիեն	1
սորվեցուցին	1
փորեքաշ	1
թուրենք	1
քաշել…	1
ութնում	1
մազերս	1
գդռեցին	1
բայնի	1
լվացվեցանք	1
սալդաթի	1
հաքանք	1
բոզարումի	1
ծան-ծուն	1
ջամե	1
ճուրի	1
բոկլոշկան	1
դոբռային	1
կոդիիս	1
հեռուեն	1
դեսներ	1
գռնագն	1
հեդդ	1
էփիլ	1
հակնելույա	1
խալչին	1
պամբուգուն	1
ջուռջիգդ	1
արալըխին	1
փոշմնցա	1
ուզացաձս	1
միտկին	1
գուզիսնը	1
…ես	1
հասկծիր	1
հըռիշման	1
գվազիմ	1
ջիջայիս	1
թեքնեչխ	1
գառնունք	1
կուկանք	1
թեքնեչխները	1
կըտնինք	1
առավնը	1
յեղն	1
գըջ-գըջ	1
բոլեն	1
լցաձ	1
անբագ	1
սխտորով	1
ֆոդով	1
բուհով	1
իլինկծուց	1
դղոցմով	1
քըփատտինք	1
թեքնեչխներուն	1
наступление	1
գըբաշլայինք	1
հայերես	1
գային	1
գուդեին	1
գասեին	1
эти	1
раз	1
лучше	1
сибирских	1
դեդա	1
очень	1
хинкали	1
много-много	1
матлоб	1
կըկովեին	1
գռուզին	1
դղաքը	1
խինկալի	1
մաթլոբնա	1
շնորհագալություն	1
սեյիլին	1
սրդանց	1
խոսկեր	1
էնգ-առչինը	1
ուդելը	1
մոդգըցավ	1
կլոխ	1
мама	1
давно	1
ели	1
таких	1
вкусных	1
пельменей	1
сердечное	1
քըսրփե	1
հեդեն	1
здоровье	1
здоровье…	1
թեքնեչըխները	1
խոշտողներուն	1
կատա-խուռաբյայով	1
պոլկին	1
выходи	1
вещами	1
կազառմայով	1
կնածինք	1
թուջե	1
տկալին	1
աբմոտկային	1
կոմունային	1
ջամփից	1
բեռը	1
չիմնալե	1
մամաներն	1
մեձիմեն	1
չարչըգվեցան	1
սուլթան	1
գայնեցանք	1
խավալեշին	1
մըհարմայի	1
գերվնային	1
հարուրավոր	1
զավագներուն	1
հեռավոր	1
գրագի	1
խրգաձ	1
սուգի	1
փոխելեն	1
արմենագը	1
փորով	1
վեշչմեշոկին	1
գաբը	1
անջրգել	1
подъем	1
վզվոդներեն	1
թռանք	1
готовит	1
твоя	1
мартирос	1
но	1
впредь	1
каждый	1
день	1
кушать	1
их	1
идти	1
только	1
врага	1
տիմածներս	1
սըրթե-սըրթ	1
ծիի	1
ոտկերով	1
արաբայի	1
ավտոմաշինի	1
գոպճագներով	1
դաբգըցաձ	1
պուկոդ	1
25	1
դարիեն	1
եղիլ	1
կաֆեներու	1
ռեստոռաններու	1
գինմաշտն	1
չեփի	1
էփաձը	1
65	1
31.05.1969	1
ադենս	1
ձռվեցա	1
օշտաներն	1
վարժադունը	1
սորվե-ցունուն	1
խլիչնային-գեգ	1
ծեռկս	1
մեճկիս	1
դիռեկտռեն	1
վածյուխիս	1
դըռանգ	1
էլա	1
կերեզմանեն	1
գինմաշտիկն	1
հայնագն	1
շադերն	1
ցուպույին	1
լախկըռդին	1
գանիք	1
վածյուխն	1
մոդգնալեն	1
զընջըֆներուն	1
մեգերըմ	1
չիմեռաձ	1
վաշտիվան	1
վասիլիյ	1
վասյուխ	1
կըրել-կաշտալ	1
կիդնանը	1
թեփեներեդ	1
հայնագը	1
պաճոմ	1
կուլտուռլեմիշ	1
տակ-շտո	1
աբրելու	1
գըլանք	1
ջիվեն	1
սաղի-սոլի	1
սաչու	1
շաղվելեն	1
արաձովը	1
գըդռաձովը	1
բաբենական	1
չսորվենանը	1
խմաձի	1
դասնում	1
թասարանը	1
վերչացունու	1
էրիգ-գընիգ	1
պըռնին	1
չեթը	1
կերեզմանին	1
ձարը	1
խաշաղիլեմիշ	1
դագերը	1
յենքսան	1
թափին	1
չարը	1
խափանեցավ	1
գադարվեցավ	1
չիսորվեցավ	1
ասկիծ	1
կըվառտա	1
տանայի	1
դան	1
տառնան	1
վածյուխին	1
սալտնը	1
չադըռմալըխ	1
առտյոմըստռոյին	1
հասաձ-չըհա-սաձ	1
դեդմառոզի	1
լմանաձ	1
ջամփադ	1
մուրադդ	1
ըխլըմ-բըխլըմ	1
զըմբըռ	1
կազաճկա	1
մալադեց	1
ինջինեռի	1
ձալե	1
խարալթի	1
սըրթը	1
սոխի	1
առփաչխի	1
գըդեսնուս	1
մեչըն	1
հառաժ	1
փեշքեշ	1
պըռնե	1
ավուզլուխեն	1
չիսորվենանը	1
գյանքին	1
սալտընը	1
պածվե-դրաբեզը	1
թեռս-յոն	1
արևմուտկին	1
ազովի	1
ձովը	1
քըցոլա	1
գըվորոշե	1
ռագոշկինեն	1
վոլգա»-յի	1
կոռոպ	1
ճապախ	1
գաղիմ	1
քըչորցունում	1
հալխինը	1
ուջարինը	1
գըձախիմ	1
արդորացաձեն	1
պառոմին	1
գըգայնեցունու	1
ռագոշկին	1
խաղըռմիշ	1
պառոմը	1
հասաձովը	1
գըյնին	1
գըմընա	1
մուրադըդ	1
ստեղեն	1
խեղջլեմիշ	1
բըյեխով	1
ավլախ-գեգ	1
նահիլոնին	1
բաբիներըդ	1
բաբաներն	1
գանցնեին	1
խոդի	1
յըռղախով	1
կրաձին	1
վդեյեն	1
մենքիս	1
հադռիջ-հադռիջ	1
փորաձ	1
գըբակնե	1
գըլըզե	1
ֆառխին	1
հայերենով	1
կըրաձ	1
ենքսան	1
մարին	1
բաբիներուս	1
կըրաձը	1
կառավիտներեն	1
ծուգերեն	1
լուզուդ	1
ձովի	1
գալաշ	1
պերանմը	1
սազերեն	1
խամիշ	1
թու	1
քըթուքնե	1
չափալ-չափալ	1
գըգայնի	1
ռեչիվայտ	1
հոչեմասում	1
տառգավաթ	1
կամնը	1
վացյուխին	1
լալուն	1
նախիջևան	1
49-50	1
19.04.2008	1
կողը	1
գէրվաս	1
պարեգամիս	1
խարալթիյես	1
զըրգվեցա	1
մըդավ	1
վըրէ	1
մըդաձ	1
կոնե	1
գազատծունեյինք	1
տուռ-տիրածինով	1
գուդայինք	1
գանցունեյինք	1
կող	1
մըդիլ	1
հառչելեն	1
պուլմանսկիյ	1
վագոնի	1
դունս-դեղս	1
մահին	1
խնամիյես	1
փախցունելու	1
արմընցավ	1
գէրվնա	1
պանէ	1
կըլոխդ	1
բադմիմ	1
նըշանաձ	1
քըշերը	1
էգողը	1
մադնի	1
ֆելանները	1
կաստյումով	1
դունիդ	1
բոմբ	1
փոքրով-մեձով	1
նըպ-նոր	1
հաքվեցունելու	1
ձևեցին	1
թեդերիքը	1
վոտկեն	1
բաշլայեցին…	1
սույամ	1
գարմիր	1
молоком	1
молоко	1
սուլուր	1
դափագ	1
ջըբըխ	1
թեմբելի	1
չըռտ	1
քոսելեյով	1
չոտկիյով	1
ամբի	1
էրգինքի	1
բահարի	1
գաձագի	1
պոլովի	1
ալաման	1
ջըրեն	1
այայի	1
ձեփի	1
ձաղեգի	1
խուռումի	1
գադղաձ	1
բուղայի	1
արունի	1
վըդեխեն	1
պալտո	1
ծըմեռվան	1
պուշտը	1
յափաղին	1
վինծառատինն	1
գորուցի	1
չիթե	1
ֆառախե	1
մըռխըլեզի	1
գաշիյե	1
խունդուզով	1
զընջըֆով	1
էթաքը	1
մեռեշկի	1
շըխըռ-շըխըռ	1
յալդըռ-ֆառթ	1
թեռնովի	1
ճուլկիյին	1
ախճգանըս	1
վիզը	1
ծեպեն	1
չէրեվնա	1
խելգա	1
տըռիլյաժեն	1
ժաշկըդելու	1
խատիր	1
տիմածըդ	1
արաձն	1
մընալ	1
ֆելանը	1
ֆեշկանը	1
նայաձ	1
աձել	1
ուզացաձին	1
օյինն	1
լսին	1
աս-ինչ	1
ունիվեռմագը	1
ջոչրովռփվօռ	1
կըռեմպլին	1
յիպկա	1
մուռմանսկը	1
էռեպլանը	1
դեղի	1
չիպածվաձ	1
գբղաքեն	1
սալտենը	1
բելեթի	1
խարջաձ	1
հասկըծաձովըս	1
արաձներես	1
խապռիյի	1
ստանծիյեն	1
պառավոզ	1
էդևեդ	1
ստագներս	1
տիրածիններեն	1
քըշեր	1
գընիգըս	1
չիմնացինք	1
գինմաշտըս	1
տիմածտառծուտին	1
խասեվեթեն	1
բուռունգը	1
գռձելու	1
արցունք	1
նըշմարվեցավ	1
մըդանք	1
գախվելու	1
քըփնդըռեյի	1
հալաձ	1
խուռշին	1
գուլեյին	1
բողոզես…	1
…իմ	1
ախճիգներս	1
ալայդ	1
խընթիրք	1
բաբենագան	1
թոսալթի	1
յեդ	1
քոշա-բուջախը	1
չուվանեղեն	1
դեսնուք	1
քունջիներուդ	1
խոթեցեք	1
ծեձիմեն	1
բաբաներդ	1
գախվել	1
ուզանանը	1
ճիկուդնու	1
խըզղանջ	1
բիաթայի	1
դըռ-դըռ	1
բիանայի	1
31.03.1973	1
խըռշովը	1
իրգվանը	1
գոխիլ	1
դարուքով	1
յոռոխով-գեգ	1
էրգուխաթնոց	1
խապախտուռը	1
ծեռկի	1
մինջիրեյին	1
ձեձից	1
դասնինը-քսան	1
ախճիգըս	1
կամչատկա	1
ծմերուգ	1
մուռմանսկ	1
վոյին	1
իկ	1
տուկ	1
մաշտն	1
55	1
սոտըխ	1
կսե	1
բոժե	1
դըռախկ	1
փագից	1
ֆոռտըճկան	1
նշանվաձ	1
կարկվելու	1
տըռակտռի	1
կարկվի	1
դտ-54	1
խըռշով	1
22.04.1989	1
խուռմուշտուգ	1
գըձախեյին	1
մախսումըս	1
գորուցիլ	1
մոդգընալեն	1
չաբուլ	1
վըդեղա	1
փեշ	1
շամառը	1
ադնիմը-ադնիմը	1
մադերես	1
քըսպտռի	1
աշտարս	1
գուլա	1
յիպկաներուդ	1
էրգընցուցեք	1
բալաչաղաներըդ	1
չառփուխ	1
քալող	1
օլնըսըզ	1
գոխվեցավ	1
գոջես	1
ջըբլդեցավ	1
ճիտրի	1
բոլնիծին	1
դեսնողը	1
սիվոնկալ	1
հալոքները	1
խոլթուխ-խոլթուխի	1
գըմանկան	1
դեին	1
ձարերը	1
մեճկին	1
վադիլ	1
ցմքիլ	1
ջըռզիլ	1
իլիգ	1
ճուկունդուրի	1
բուռուշտըգաձ	1
մեթեյեն	1
լըմանիլ	1
մորքումա	1
գնգանը	1
չըդուվից	1
էրվնցաձեն	1
թևես	1
բադմութինը	1
գասիմ-քըխալսիմ	1
իլլայի	1
սըրաներս	1
հորսագ	1
շկիլ	1
մեձայիդ	1
էռսունժեքին	1
գըվազվզեիր	1
դերինդասին	1
իրգվանով	1
կոռոպին	1
խաբախի	1
գուդինք	1
թալաշմիշ	1
ժըրչինք	1
խոշտինք	1
գուշտդ	1
գըզրչվի	1
տիրածիներուսը	1
կըկողնան	1
ինչեսալ	1
թըռցնելու	1
ումուռեն	1
իրենը	1
քեռթ-քեռթ	1
ջամով	1
ձաձգաձ	1
օլուխներուն	1
վաշտերով	1
նաշխաձ	1
ծիավոր	1
կազակները	1
թուրերը	1
սավուլ	1
ծիվիկներուն	1
փադե	1
գըռջովաներ	1
կամաձ	1
խառչաղային	1
խըբլիքներ	1
գեջեխուշեր	1
նստի	1
ուդե	1
անցնողներուն	1
էգլենջեյի	1
պռնըվի	1
մեխկս	1
բահիմ	1
գալ-մաղով	1
գրաձի	1
գուզիս-չուզիս	1
առսենս	1
գէլլիմ	1
ցինկովի	1
թենեքե	1
կըկընիմ	1
գըբահիմ	1
իդագից	1
շիշի	1
գայնաձին	1
գընային	1
էգակնը	1
զահմեթ	1
հարցունելը	1
մացյաինց	1
պառտիին	1
կուկուլիծներս	1
մեգալօր	1
արիլինք	1
ֆոռմին	1
խոշտեծեք	1
սեմթես	1
ուզենաք	1
գառնունքնը	1
ծեզիմեն	1
էրգու-ժեք	1
գերվնար	1
կոնծոլը	1
ասեյիքնը	1
ասինու	1
հալխիննեն	1
կլոխին	1
հոդոդոս	1
կըկաշտաս	1
գըվերչանա	1
մաշտունմեն	1
քիվջա	1
քարը	1
էսլըյալ	1
չիմլա	1
գենան	1
կալխոզի	1
վրագեցուները	1
կուկուդնուն	1
գավլիմ	1
տոռղայ-սըվռջըխ	1
քփախտամ	1
գանցունում	1
չանցաձ	1
կազետներուն	1
կկրին	1
երգրաշարժ	1
մդանը	1
երգրաշարժերը	1
ճըկրվեցավ	1
գըդքար	1
լենգեռի	1
բիլութի	1
գոմոյիլի	1
քեմեչեյի	1
աճկերն	1
կընածիլ	1
կոմեսը	1
գուջեն	1
ճկային	1
գնիգըս	1
թըռուցիլ	1
գանցնի	1
գըհարցունում	1
ացյայենց	1
միամիդ	1
բաշ	1
չիհասկծա	1
այիսենը	1
հոքիս-բալաս	1
վազողը	1
տիրածիներս	1
դիլլե-դիլլե	1
գըբադմին	1
էութինը	1
ացյային	1
բաշլայելու	1
մըհանայով	1
գըբարբին	1
ճակուճկ	1
թութի	1
ձառի	1
սալխընլըխ	1
խոշտվելիք	1
փադեն	1
բառգելու	1
տապճան	1
խալսիլ	1
օխտնում	1
ուտնում	1
քխասին	1
իննում-դասնում	1
օլըխի	1
լվածվելու	1
դուշ	1
դասնմեգում	1
գբարբին	1
դասնէրգուսում	1
տտւվպսռփօ	1
դասնժեքում	1
ռաժդենին	1
լաննը	1
զարնիլ	1
դասնչորսում	1
դասնհինգում	1
օվ	1
դարվեցավ	1
տնելիք	1
մորքուրմայեդ	1
դասնվեցում	1
ռախի-զակուսկա	1
շինխալ	1
հեսաբեն	1
դասնօխտնում	1
ջըմըռթվաձ	1
մանեթնոց	1
գմնա	1
հինք	1
ագռա	1
իդոնք	1
գըհանե	1
տելլալին	1
գձախե	1
անգուշտում	1
ուշաբներուն	1
կկնե	1
խոշտվելվիք	1
օսկիյալ	1
ճրաձ	1
մութ-մութ	1
գռնագ	1
կպերեր	1
գթել	1
աղդոդ-մալաղայ	1
գդռաձ	1
մախսումներս	1
քաղծաձ-ձառավ	1
մացյայինց	1
բարբաձ	1
վաստգաձ	1
ստագներուն	1
չորս-հինք	1
կնիլ	1
խմիլ	1
ժեքինն	1
սըվաչըխ	1
բոլնիծը	1
գթվաձ	1
գովն	1
չգթվաձին	1
ձիձը	1
քոռացիլ	1
հալոքովը	1
գաշին	1
չունեցաձեն	1
մուսուրքին	1
գոլոնջ-գոլոնջ	1
գընայի	1
փայն	1
ացյայինից	1
դասնութնում	1
շաբաշնիկները	1
գդեսնուն	1
կոմեսի	1
խոռոզ	1
ազբարի	1
ձառերու	1
եմիշը	1
մաղազիյի	1
թուռշին	1
ուջարվեցավնը	1
գըվորոշին	1
հառոդեն	1
պառնիկի	1
ռամկա	1
կկոխնան	1
գամրցունուն	1
դուշին	1
մենթեշե	1
գհանին	1
սուֆայի	1
քսանադ	1
թենեքեյին	1
կկողնան	1
գեսն	1
հայվանի	1
թիփարք	1
գըգդռին	1
խավուլ	1
ֆիլ	1
մեշտեղինը	1
գըլմանցունու	1
կռակադիլ	1
կալույիս	1
ռաբոտին	1
ուզացաձ	1
հեսաբին	1
զրո	1
գախաղան	1
զրոներն	1
խոշտվեցան	1
շջմախ	1
ծկվեծավ	1
պածի	1
կոլի	1
ասեղը	1
յալդըզլը	1
խութիին	1
կտնե	1
ծեռկերն	1
անգաջիս	1
մեռաձը	1
մեռներնը	1
գմոշտինք	1
գդանինք	1
տայաղանը	1
գձախինք	1
առսենիս	1
մածակլետն	1
էն	1
տառհալաթ	1
ուզեցաձ	1
ստագները	1
քխասինք	1
ծեռկերեն	1
գունենանք	1
ձախելեն	1
ագռաներն	1
չիձամելե	1
գուգուլդա	1
սրայե	1
չիպերաձ	1
ժելուդկայի	1
չարաձ	1
ջենգի	1
գամաց-գամաց	1
կնածին	1
հիչալ	1
չենգել	1
տնող	1
դագնըվրա	1
գեցիք	1
25.01.1969	1
գուշտին	1
խաթիցավ	1
դոշագին	1
քքրդներ	1
գբաղեր	1
գգանչեր	1
հարիֆը	1
…գարմիր	1
խաչով	1
չիդուվից	1
ջագադը	1
թոփին	1
անցաձ-չանցաձ	1
դիզգինեն	1
քաշաձ	1
խաբախտուռին	1
հեբգեն	1
գոպճագին	1
բոռոնայի	1
արլխեն	1
կճապտռեր	1
քելփեթիյով	1
զապասկա	1
նալի	1
խաչ-փադին	1
ձակաձ	1
խասևեթի	1
հասծուծեք	1
գվոթիս	1
մուրոդ	1
գդորը	1
ձագիծ	1
ու…	1
թոթովանքը	1
լսաձս	1
անտռանիգին	1
ասաձենա	1
բեզմիշ	1
հասծուր	1
թեփրանուշը	1
քագռթելու…	1
կճռդետմիշ	1
բըռունգը	1
գըգռձեր	1
կուլուլ-կուլուլ	1
չիփըչաձ	1
իզուր	1
մաշտուս	1
արաձը	1
106	1
4.09.1966	1
ջըհեզեն	1
վարսենգ	1
էմալիռովանըյ	1
խոփխային	1
կոռոպի	1
կառտոնե	1
յաշճիկը	1
գըդ-գըդելեն	1
ջաթիս	1
էրվննա	1
տռամվայով	1
բաղռմիշ	1
ծանեն	1
դըղըռդեմիշ	1
սըպտռեցավ	1
կարկելու	1
թիրսեքով	1
սուֆայեն	1
ջհեզը	1
թեփե-զնդան	1
բիանասըզըս	1
ձունգով	1
գըգոխծունու	1
մուդներ	1
կառավաթ	1
բուֆեթ	1
տռիլյաժ-մըռիլյաժներուն	1
խնամիյին	1
գրիննե	1
ուջարելու	1
զակուսկիներդ	1
կալբասեղենեն	1
մուխի	1
ծուգեն	1
կանսեռվներեն	1
մատկաները	1
չաթռդեմիշ	1
խմիճկը	1
ռայսայուզին	1
սկլադները	1
ռախի-կինի	1
գբաքսի	1
դուդուգը…	1
գոխաձ-առաձ	1
հարսի	1
շաբաշի	1
խաղացաձ	1
ջուֆտը	1
էրիգ-գնիգի	1
հեսաբ-քիթաբով	1
քաբիջինա	1
էրինջը	1
ձախինք	1
գըդռվինք	1
ադոնցմեն	1
պաժառնիին	1
ադոնկ	1
կեղե	1
օզանի	1
պոշտայի	1
հավայեն	1
լենգեռ	1
փիքեչդ	1
չեղաձ	1
գանիձիս	1
կումպած	1
վորոշեցինք	1
մագնիտաֆոն	1
շապատվան	1
մագնիտաֆոնն	1
հեդը	1
չալվաձ	1
օյին	1
կազաճկաները	1
մագնիտաֆոնին	1
կրե	1
իդով	1
պանեյա	1
գոխե	1
գոջագեն	1
կրաձիս	1
մասիդ	1
զենիհաթըդ	1
ձլի	1
ձաղգի	1
օշթորի	1
զորանա	1
դեյմիշ	1
դերոչը	1
վերուցաձ	1
սոլով	1
սիրդեն	1
ընգիլ	1
գոխել-առնելուդ	1
ասելիքս	1
ուրախութին	1
խնդութին	1
դուվաձներուդ	1
վարծկը	1
քեներդ	1
ըռըզով	1
քիբիրով	1
խըջմըդանքով	1
112	1
16.09.1967	1
խընամմաս	1
օշթանջա	1
օլոքի	1
խայրաթով	1
քըթաբլեր	1
ընգաձովն	1
ուրուրի	1
քթառեր	1
դեսնու	1
քխաղաս	1
դեսիլ	1
գոջով	1
նայաձները	1
արմնցա	1
չէիրնը	1
դեսիր	1
խընամմայիս	1
էրիգս	1
իրգուն	1
խմաձ	1
դադե-բուդե	1
ոտկով	1
էրիգսըզիս	1
ոտկեն-ծեռկեն	1
թեզաքի	1
թաբլին	1
փախճին	1
գայնինը	1
հեսաբե	1
մաշտս	1
չայնիյին	1
բասմախը	1
դոշագ-պարծի	1
ալչու	1
միլիծները	1
գլխավորիս	1
նանիգ	1
էգեր…	1
մեգերմը	1
զուլում	1
էրիգդ	1
չիհամփրեցա	1
հերու	1
չիխըմաձ	1
խմիճկ	1
կալուն	1
ֆալով	1
տոնկ	1
արդուրալեն	1
գորան	1
մալախ-մալախ	1
թավալմիշ	1
սազին	1
խըմխմվաձ	1
խալաթի	1
գոձգացաձեն	1
գոնձաձ	1
գոջդ	1
գանչեցի	1
պռնե	1
էրիգներուն	1
գայնեցունել	1
58	1
15.05.1966	1
հիշադագ	1
ընգեր	1
շահինյանին	1
միաժամանագ	1
հիշեցնելով	1
շուդով	1
39-ս	1
գոխիմ	1
մարտի	1
1962	1
ֆլագով	1
գդորով	1
հառայ-հառայ	1
ջամփաները	1
մանկալու	1
մեղավոր	1
ծեռկերս	1
պռնինք	1
դոնինք	1
խոշտ-մենքիս	1
դոներուն	1
լալե	1
թարաֆին	1
հադը	1
պոբեդներուն	1
խոթալախ	1
գաբեյին	1
ֆատաժանի	1
բըլբըլային	1
ձարն	1
բողոռդախները	1
գդաձ	1
դոնեյինք	1
իզեն	1
էլանք	1
խոսկերս	1
էգաձին	1
հասաք	1
խատյա	1
թոռերըդ	1
ձոռերըդ	1
բալաչաղա-օղլուշաղներդ	1
բոլլըխ	1
դուներդ	1
33-ին	1
թասարան	1
մեմեք	1
կռեմի	1
խութիյե	1
չափուդե	1
պոռծին	1
որն-որ	1
թասամիչոցին	1
գուդեյի	1
անքեներն	1
բողոզիս	1
մուխայտ	1
պոռծիս	1
թասի	1
թասամիջոցին	1
բեզռաբոտնի	1
արլխը	1
միջանցքի	1
ալլային	1
կդագս	1
ումեթով	1
կդագիս	1
ըյնի	1
գաղդուդեն	1
դուներս	1
էփե	1
սեմյային	1
կշտացունու	1
կևորկ	1
վաժբեդը	1
աժդեհարի	1
ուսչանոցեն	1
հայտ	1
ծաներդ	1
չըլսիմ	1
ալլայը	1
սաստկեծան	1
պածին	1
էլլաձն	1
11-12	1
կավատ-կավատ	1
կվայկիյոդ	1
մանդալինալ	1
աշագերդներ	1
марш	1
дашнакской	1
кавалерии	1
ադիգը	1
վաժադունին	1
աշագերդներն	1
էղաձներեն	1
խեղըջները	1
ունեցաձ	1
վաժադունն	1
օբային	1
սեմտեն	1
փչաձ	1
մանդալիյով	1
դղան	1
վոտկը	1
գոխաձովը	1
շառխըջիին	1
շահինի	1
մեմալ-մեմալ	1
46-ին	1
նիդովկան	1
գարջով	1
սալդատի	1
շինելի	1
խայըխի	1
գոդռաձ	1
դաղլմիշ	1
եղաձ	1
աշլով	1
դանենը	1
խրգին	1
մեգ-էրգվադ	1
կույոկալ	1
պռնեծին	1
կառավիտի	1
օսկոռներուն	1
օղողները	1
գագողծան	1
քաղծըծաննը	1
քսենը	1
գանցնե	1
ջուջու	1
գերաձ	1
փադի	1
պոստը	1
17-ում	1
երգանեն	1
немедленно	1
выезжай	1
марта	1
октября	1
նիդովկայեն	1
խալտուռը	1
մեքադին	1
բեռբեռովկա	1
տարչիյով	1
հաստգեգ	1
գուրծկն	1
զաբոնկի	1
գնայի	1
հաստը	1
սայենը	1
մեձն	1
գհարցունե	1
նառդոմի	1
դեռեկտըռը	1
նիդովկա	1
պերեր	1
ճպերից	1
թոզոդաձ	1
առխիվները	1
քըքրքրե	1
գվորոշին	1
կպանի	1
վդենե	1
հեռույե	1
չինծըկի	1
յարջիյին	1
չիբուխ	1
քըխրգե	1
պոշտան	1
ռեդակծիյին	1
բադասխանը	1
ադբես-ադբես	1
կըպանի	1
տելեգռամը	1
քխրգին	1
մալո-ճիվո	1
խալտուռային	1
կոմնատն	1
պո	1
դիստանծիի	1
դիռեկտըռ	1
ունեյիք	1
կպանե	1
կուլտուռայի	1
մաշտիկը	1
պածվեծավ	1
հառ	1
քթառին	1
բելըյե	1
ճոռնըյե	1
խաղաս	1
կդնել	1
դասնըօխտը	1
ժում	1
չիխաղացաձ	1
օշտախիդ	1
շաշկիով	1
գձեձին	1
պալիտմասսովայա	1
ռաբոտը	1
211	1
պռոծենտով	1
վըպոլնիտ	1
տառժեստվեննո	1
երգանի	1
օշտախըդ	1
գեճերմիշ	1
կդագը	1
մեգբահե	1
գհասնի	1
կպանա	1
ծեռկով	1
գաջռե	1
սոլովալ	1
կուռակիյե	1
պարև-մարևի	1
վդեն	1
քառսունվեցին	1
զերդալուն	1
կուռակի	1
ջանփադ	1
գնայեյինք	1
գընիգս	1
գերա	1
ռաժդենիս	1
բիդայով	1
բուխմիշ	1
բիդայի	1
պարով	1
դարիիդ	1
պարևով	1
բաշլայիս	1
քառսունը	1
տըպ-տըպը	1
փոքրիգ	1
պիես	1
գործողությամբ	1
գործող	1
անձիք	1
վանիճկա	1
վալիճկա	1
ժամանագները	1
սեպտեմբերի	1
վերչերուն	1
1-ին	1
դեսարանը	1
գաթին	1
լվածկի	1
թեբուր	1
հընդըռաձ	1
կոճանով	1
չափուդ	1
լըցաձ	1
բըջըղաձ	1
դըրաբեզին	1
թեկնեյով	1
շաղվաձ	1
խմոր	1
տաշմիշ	1
վոթելու	1
մազնիծը	1
խալգինով	1
թեքնեչըխով	1
կաստռուլով	1
գովի	1
պարծերը	1
մթելքի	1
մթելքներնա	1
գարելու	1
վոտկի	1
վարնա	1
պագլայի	1
պադինջ	1
գեսնա	1
վոթաձ	1
խանձաձ	1
քերելու	1
սխտոր	1
խայերովա	1
լաթը	1
գվերցունու	1
քագեյիր	1
աման-չաման	1
թևն	1
դըհայինչ	1
շաշինխա	1
ամառով	1
ուզացնը	1
աճկին	1
չիգերաձ	1
բիյանայիմ	1
առնումնը	1
վոտկերսա	1
դնգիմ	1
աստվաձային	1
բառգիմ	1
գասեյի	1
հարսա	1
ռուսին	1
бабы	1
хлопот	1
поросят	1
купила	1
կուդի	1
բառգել	1
հոչմասմը	1
թոսաթի	1
ժամանագա	1
ճելնոկի	1
բեսնայիգ	1
գեշտամ-կուկամ	1
ցորեգ	1
բառըգող	1
բըլդիյիս	1
մառնու	1
պիպիճկային	1
ուրին	1
էղաձնա	1
ասաձներեն	1
սխտորեն	1
չիջոգի	1
բուռունգին	1
բոյայիյա	1
օկտելու	1
սուլուբին	1
մամբելախ	1
խելքնա	1
դեսկը	1
հովը-դեսոքը	1
ջոգաձ	1
դասնըէրգու	1
մադին	1
չոսկովը	1
իփեգ	1
տերծանի	1
գանոխ	1
որբես	1
ոտներու	1
գանոխն	1
էլլաձովը	1
էրմաշտու	1
գուրունգներուն	1
դախտագին	1
յառկադայի	1
գըլմանի	1
քըշոյե	1
քըշփե	1
երեսը	1
գոլդըռե	1
գըջգե	1
լայ	1
գաբիլ	1
յալդըզը	1
թափիլ	1
գմոդգնա	1
բուֆետին	1
լոզ	1
բարմախ	1
գըգըդռե	1
դիլիմին	1
տուտամ	1
մեռղ	1
օբալեմիշ	1
բաշմադիս	1
թանձուռթինով	1
գարաք	1
մանդըռաձ	1
կալբաս	1
տեզ	1
вутервот	1
խըշռ-խըշռ	1
թուխտովա	1
քըշըդգնա	1
տըխկ-տըխկ	1
գեշտավոր	1
փառաքեսեք	1
հի-հի	1
գանցունուն	1
մեձերնա	1
հախ	1
չիհասնի	1
խազայկայիս	1
միտկ	1
երեխաներս	1
էլիննը	1
հակնին	1
ուդին	1
թասերը	1
չիդին	1
իդոնց	1
լվանալը	1
գարգըդանը	1
վորը	1
սիվիգը	1
խարալթիյե	1
չափուդը	1
բըջղելու	1
գհավադաք	1
աճկես	1
իդաքանալ	1
քըխևնամ	1
օվանեսըս	1
գուդիմ	1
հուձի-բալա	1
воспитать	1
գըհանիմնը	1
դագ	1
գդե	1
դա–	1
ջըդըռ-ջըդըռ	1
խազախնագ	1
գառավարիմ	1
մեծուծիլիմու	1
վորինմեն	1
շապատը	1
կովեստով	1
հնդըռելեն	1
կըկընինը	1
յաշճիկին	1
հեդնալ	1
չագան	1
չախմային	1
չենգելենա	1
անցունուս	1
ֆեշկան	1
չառխին	1
թոպտան	1
խունիյով	1
գըդռաձովալ	1
գառավարիս	1
խոսկի	1
մախսումիս	1
սըրփել	1
դաբաղային	1
ձևը	1
թևով	1
ինբես	1
տըրիլիսնը	1
ջանփեն	1
բալայիս	1
բադյա	1
նստեծունելուն	1
փնդըռե	1
մախսումըսալ	1
վարդիքին	1
ուչխուրեն	1
պըռնաձ	1
վոտկերը	1
ձեձելեն	1
կդիր	1
պիտկա	1
առփաչըխը	1
հընդըռելու	1
պագլան	1
բեջերել	1
դոշագ-պարծերուն	1
մթելքը	1
բադերը	1
լվածկը	1
շափատը	1
արվաձ	1
ծեռկե	1
մորեձընունդ	1
վիզըս	1
ադենն	1
հըռիստանդի	1
քախծաձ	1
դեգմե	1
պանիյա	1
ըռազի	1
չինլավոր	1
յեղոդ	1
մեռղոդ	1
բադիժ	1
բադուհաս	1
գասիմ-գասիմ	1
կաստռուլ	1
մեդոմ	1
մաձուն	1
դեգեր	1
կայիր	1
ճիգուլին	1
կնաձալ	1
էղաձ-չեղաձը	1
4400	1
մանեթա	1
մաշտումե	1
մեձա(մըսխըլով	1
մաձունին	1
դիլիմ	1
տընիմ	1
կշտածիք	1
էսերդ	1
ճիգուլիյով	1
գունանաք	1
մաձունը	1
մըսխըլը	1
ճիգուլիյի	1
փերիս	1
հընդըռի	1
հընդըռե	1
խոշթ	1
դարդագ	1
ուջարեցավ	1
կապիկներս	1
հուռդոյ	1
գըվազին	1
առադունալ	1
դեղեդ	1
խարջողին	1
յալդռ-ֆառտ	1
ստագն	1
ուրիշեն	1
ուրիշինա	1
հարցունուսնը	1
տիրածինս	1
գգանչե	1
հայվանիս	1
աբուրը	1
խափալթի	1
պառտվելները	1
օվանես-վանիճկա	1
վարսենիգ-վալիճկա	1
գմուդնուն	1
քաղցաձ	1
պնագը	1
հացդաբագ	1
էփիլիմ	1
անբեսեն	1
երեգվան	1
փիլաֆ	1
չուզիք	1
գուդվի	1
ճիրիյե	1
դաբգաձ	1
ջաթեցեք	1
բողոզ	1
անգարձագ	1
մառազ	1
խըզղըն	1
աստուձու	1
տիմածա	1
մեխկ	1
կալետի	1
գերիլիս	1
էղըլիս	1
թեփեներուդ	1
պանիկ	1
բոչես	1
տիմածներդ	1
գըվազիմ	1
հախերեդ	1
լակնը	1
էփի	1
կակնը	1
честно	1
пионерский	1
честно-местно	1
ասիլիմու	1
գդեսնուք	1
քըփատտըվին	1
молодец	1
здравствует	1
բուդիլնիկը	1
գնային	1
վաժադունի	1
բուֆետեն	1
քխառնե	1
չուդիք	1
կինոյալ	1
մուդնուք	1
չէ-չէ	1
գբաքնին	1
պոռտֆելները	1
գվազին	1
ուռա	1
ասօրա	1
վայնայոդ	1
պլոմբիռ	1
մառոժինա	1
ձախվի	1
պլոմբի-ռենա	1
գյանքը	1
ըռինդծավ	1
խոլայծավ	1
թեթևծավ	1
սըթեմը	1
նիզան	1
դաղդաղանա	1
բոլցավ	1
աբրաձներուս	1
հավադա	1
ավելցաձ	1
հացիդ	1
լոխմայենա	1
գարոդ	1
մայակը	1
կնեյիք	1
գըվազե	1
ասոնցմեն	1
խասծա	1
խշիմ-խյամեթ	1
կուխնիյին	1
փռվաձ	1
յառմալխ	1
սեպեռատըռը	1
ժողըդաձ	1
կլոխ-դոդոխնա	1
գեփի	1
մեձանա	1
հադալ	1
կորձի	1
բել	1
փորե	1
կնիլինք	1
անուննալ	1
մեխանիզատըռ	1
կանգադը	1
գվաստըգի	1
հախնալ	1
կապիկը-կապիկին	1
կպերե	1
ստագա	1
արաձներուն	1
գըպճի	1
դուներուս	1
թըփ	1
սեմյաներս	1
մեգդեղ	1
գուդեցունու	1
գըգալսե	1
նիվա	1
գնիգդ	1
բուլդոզեռն	1
իսկնա	1
փորփրելու	1
բիյանայիդ	1
գմոռնաս	1
մոռնամ	1
պուսկաճն	1
բիյանաս	1
պուսկաճը	1
շամաթայոդ	1
խոշտմենքիս	1
խնամիս	1
քաշաձովդ	1
գուջենի	1
ճըկռդեմիշ	1
դեղե	1
չիկըդա	1
լագին	1
խոշավուջ	1
գեսվագես	1
լապատայով	1
շաղվեցի	1
ալուրովա	1
շամառի	1
ծըկիլ	1
գուսկուձլեմիշ	1
տնիմ	1
գուդիննը	1
կերածիլիմ	1
կըկերանաննը	1
պաները-կորձերը	1
գանչաձին	1
ծբեռկան	1
գվազե	1
ուշաբ	1
խալգին	1
էրգըվադ	1
ծբեռկա	1
գյնի	1
ծեռկդ	1
քաշվաձ	1
ծբեռկա-ները	1
ֆըռլատմիշ	1
գլսվի	1
знаешь	1
катись	1
ты	1
колбасой	1
вася	1
запад	1
գըմդնուն	1
կալետները	1
ծեռկերդ	1
լվացեք	1
նստեք	1
կպերիմ	1
էփիլիս	1
քխազնին	1
էրգուսնա	1
դեղերեն	1
գբաշլային	1
հազալու	1
թուքնելու	1
փխսելու	1
սիվիգն	1
կերանաք	1
էրգուսինա	1
ձաղեգով	1
խռյաշ	1
բողոզս	1
գջանգե	1
գձագե	1
կիտծիք	1
սիվորա	1
նիգարա	1
էյինք	1
գասեյի-գասեյի	1
հավադայիկու	1
բողոզները	1
քցային	1
հացդաբագը	1
աղի	1
ալնի	1
ծուգը	1
փուշ	1
գուլենգին	1
գըպճըդան	1
պանիրնա	1
պաննա	1
то-то	1
же	1
իմացաք	1
վորբեսութինը	1
մեձաներուդ	1
տունիս	1
գաբե	1
համբարներդ	1
սերդեցեք	1
գմանկա	1
թոռներուն	1
սանդռել	1
խաշաղել	1
չարն	1
կիդնան	1
սևն	1
ջերմագը	1
ջոգին	1
եղաձը	1
դարիքին	1
յախ-յախի	1
գուդու-գուդու	1
գաբրին	1
մըռըխ	1
նոր-նախիջևանից	1
առնուած	1
պատկանեանից	1
матераiлы	1
71-72	1
ներկայացնում	1
նորնախիջևանում	1
վերստուգելով	1
ուղղագրութեան	1
հայէրուն	1
մէզի	1
գէդինի	1
դիւզ	1
սիրդէրը	1
նէղանա	1
գէրթան	1
թօռղայնէրու	1
ծիտ	1
ճնճղուկ	1
փուռն	1
գիդէի	1
օրթան	1
շադէրուն	1
գուլօր	1
փօս	1
փօրին	1
սըվա	1
ծեփ	1
փուռը	1
էփէլու	1
փօսին	1
նօմայ	1
չօր	1
խօռայ	1
խսիւ	1
գուլուն	1
դագէն	1
բըռընգէցնուն	1
յէթգէն	1
խումօրը	1
աղլի	1
յիշեալ	1
բադէրուն	1
ձէփին	1
իմացիր	1
ֆասօնը.–	1
ադէթով	1
մէղայասծու	1
մէղա	1
ժօղօդին	1
աղդօդ	1
շաբիքնէրը	1
վարդիքնէրը	1
թօթվին	1
օչիլնէրը	1
թափթփին	1
ուռելի	1
ոլոռն	1
չըթըռչ	1
ըթըռ	1
բօհըրվին	1
լըվացքն	1
թիւֆ	1
հայէրը…	1
քափքայի	1
ջիւնաբէթ	1
մէրէրէն	1
մէրէրը	1
մաջառ	1
արաբայօվ	1
խըրըմէն	1
նօղայնէր	1
ադէթօվ	1
երէսնէրը	1
էղաձնէրը	1
բէլլի	1
փամիլըյ	1
հէդնէրը	1
հասքընալ	1
վսէռավնօ	1
բադը	1
գօռէլի	1
էրէսը	1
խաբար	1
քի՝ասաձըդ	1
հասքընար…	1
գըդիր	1
լիւզիւյօվ	1
էձը	1
ձօրը	1
ընգէլ	1
գէլը	1
աձը	1
հէնդէքը	1
ինգիլ	1
գալը	1
էրէսդ	1
աձին	1
էձ	1
գասիս-օր	1
թլվադ	1
բէրան	1
փռյամը	1
աձ	1
ձօրըս	1
վօրն	1
ֆռանցուզնագ	1
խօմ…	1
սիբէս	1
խենթ	1
ին…	1
խօղ	1
հավօղ	1
խաղօղ	1
խույի	1
ջըրհօր	1
ձաղիգ	1
շաշխըն	1
ձաղէգ	1
ձաղէգը	1
փադէն	1
թէզաքէն	1
բաղջային	1
մէչի	1
հարցուր.թէմիզ	1
էնջամը	1
ասպէս	1
լիւզիւն	1
ամիսնէրօվ	1
գէնաս	1
լիւզիւդ	1
ձըռմըռգըդիս	1
գուդօր-մուդօր	1
գըրնաս	1
հասքըցնէլու…	1
էրէվան	1
գէցա	1
ասվաձային	1
ջէնգ	1
գանէի	1
սօրվէցնէի	1
ազիաթնէրուն…	1
ինչբէս	1
չիլաս…	1
ալէվալէնէրուն	1
խնդան.իլլէքի	1
նաշչուվանցինէրուս	1
լիւզիւնէրըս	1
հայնագը…	1
նաւասարդեանի	1
հէքիաթներ	1
հտ	1
70-73	1
ճշդութեամբ	1
ատենակով	1
մ’կար	1
մ’չի	1
թագաւոր	1
անխատար	1
կուզենայ	1
չէօլին	1
ճղլտէ	1
մօտիկնայ	1
ծերը	1
պաժնիս	1
տեսօքը	1
չիրքինին	1
ֆխարէն	1
զէնկինի	1
աղջկանս	1
քուկդ	1
աղջկան	1
խզմէթքէր	1
արաբն	1
կելլի	1
կանէ	1
հեռացունէ	1
գրէ	1
կուտայ	1
կառնէկելլէ	1
էրթըցած	1
մտնէ	1
կինմարդ	1
ղոս-ղոս	1
օսկիներ	1
թափի	1
կերթամ	1
կլայ	1
ասխատար	1
արապա-արապա	1
մարդոց	1
ճամբին	1
կուր	1
թոստըղանը	1
պղնձէ	1
դիմացս:–	1
չամուռը	1
տէղը	1
արդըխ	1
էլնէլ	1
կրնամ	1
մտնիլ	1
կէրթայ	1
մէյ	1
տէսնիս	1
տաղին	1
անտառ	1
ծէր	1
թագաւորս	1
տուից	1
թուղթը	1
ծեռքէն	1
կառնէ	1
պատմէ	1
ճամբան	1
կուրի	1
չամուռի	1
դարձած	1
ատէնդ	1
կինմարդուն.–	1
չասես	1
թափէլէն	1
դադրէ	1
մէջէն	1
առնէ	1
պացուին	1
կսիս	1
տահա	1
կէնայ	1
դառնայ	1
չասէ	1
դադրի	1
թափելէն	1
գէտինը	1
կաղեկնայ	1
դարձաւ	1
ասից.–	1
փորեց	1
ջուրէն	1
ձէռքերը	1
ճէրմակ	1
ճէպ-ճէրմակ	1
էղաւ	1
կօտիին	1
ճանչնայ	1
հաւնի	1
պսակէ	1
գիշէր	1
հարսինք	1
կանէ:–	1
պուիւխէս	1
վազէցաւ	1
պերանս	1
քաղաքից	1
паткановъ	1
матерiалы	1
для	1
изученiя	1
арм	1
наречiй	1
43-44	1
անփոփոխ	1
ավխուշէն	1
տունեա	1
կիւզէլին	1
ալէվալէին	1
մարթը	1
ուսուֆ	1
վիտէխ	1
մայրամ-տունէա-կիւզէլըս	1
չինկեանային	1
թէքը	1
մայրամ-տունէա-կիւզէլըտ	1
նշանածիս	1
էրէսէն	1
կաթէր	1
պացված	1
փէշէրէն	1
մէնէմշէյի	1
զամպախի	1
սէվ	1
արապ-չինկեանա	1
էրէսըտ	1
եապանի	1
պուրթօտ	1
վրայէտ	1
կօզ	1
ֆօտա	1
քեօռ	1
ծիծի	1
տէ	1
չիրքինը	1
արէ	1
պառկինք	1
անօր	1
էրէսիս	1
փախիլ	1
զարթ	1
զարթարանքըս	1
զըքվիմ	1
ինչպէս	1
կըրկըվինք	1
փաթթըվինք	1
մուրատներըս	1
կատարինք	1
սէվնա	1
վարթմանիշակըս	1
թապլիմ	1
ժահին	1
վիր	1
տիւնէա-կիւզէլ-մայրամս	1
վուտէխ	1
պարտըկիլ	1
տէմիրճիին	1
տաեախ	1
ճիֆթ	1
չառըխ	1
խօրթել	1
կօլօխըս	1
չէլ-չէլիս	1
իյնիմ	1
սար	1
ծօվ	1
անցնիմ	1
տէրէ	1
տաղ	1
սիրեկան	1
տունեա-կիւզէլիս	1
կուտնում	1
նախիջևանից	1
յաջորդ	1
երգիծաբան	1
հրապարակագիր	1
մեսնիկեանի	1
գրչիցն	1
հեղինակը	1
դիտմամբ	1
պատրաստել	1
սոյն	1
ծաղրելու	1
նոր-նախջևանցոց	1
օտարախօս	1
բնագիրը	1
հրատարակուած	1
գաղութ	1
շաբաթաթերթի	1
1916	1
n-8	1
121-2	1
արևմտեան	1
տառադարձութեամբ	1
հեղինակի	1
վերածեցինք	1
տառադարձութեան	1
1918	1
նոր-նախիջևանում	1
յատկապէս	1
ներկայ	1
ախչիգնէր	1
զավագնէր	1
վարժատուն	1
խալսաձ	1
հայնուգ	1
սօրվէցաձ	1
սուսաննա	1
դուշքա	1
քաքբութթօ	1
վաժնըյ	1
յեշչօ	1
մամէնթնէր	1
փէռէժիվաթ	1
անէյիր	1
փռիչինը…	1
փռիչինը	1
իզվէսթնը	1
առէխօվըյ	1
գառդէռօփիս	1
դէքօյլթէ	1
շօլքըվըյ	1
փլաթիս	1
փէռվօքլասնըյ	1
փառիժանքա	1
մադիսթքային	1
փէռէդէլքայի	1
սավսէմ	1
չանէ	1
ուբիթքանէրս	1
թռէբօվաթ	1
նաաթռեզ	1
աթքազ	1
հէդը	1
փաժալուսթա	1
սավէթ	1
վսյու	1
մինութու	1
աբռաթիցցը	1
փավէռէննըյի	1
թօչ	1
վթօչ	1
իզլաժիթ	1
փլաթիիդ	1
իսթօռին	1
փռասիթ	1
նէմէդլեննօ	1
փադավաթ	1
անէ…	1
չուդնէյ	1
փռիսյաժնըյ	1
փավէռէննըյ	1
նախշըվան	1
փռաժիվաթ	1
գանէ…	1
ֆի	1
փադռօբնըյ	1
ադռէսը	1
դիզէննէրը	1
դալէն	1
յէթքը	1
հաքվաձ	1
գօթ	1
գըդռաձ	1
դունէն	1
քլուբը	1
ժօղօդանք	1
դղաքնէր	1
զավագնէր…	1
նախալնէրուն	1
հէդ	1
բէթք	1
անէլ…	1
թօյէսթ	1
փռյամօ	1
վըքինշթէյն	1
քլուբէն	1
բռավօ	1
սէռյօզնըյ	1
քլուբի	1
դիռէքցիին	1
ուսթավօվ	1
օռգանը	1
սաբռանիյէն	1
ջօգ	1
օռգան	1
սաբռանիին	1
սչաս	1
փռինցիփիայլնըյ	1
ռէշէնիյէն	1
զավիսիթ	1
քլուբնէրուս	1
դայլնէյշիյ	1
ուչասթը	1
ինցիդէնթնէրուն	1
վնիմանի	1
աբռաթիթ	1
չասթը	1
դափուսքաթ	1
ռանօ	1
փօզդնօ	1
քլուբնէրս	1
յօխ	1
ռէշէնին	1
սաբռանիին…	1
արէք	1
սքաչքան	1
վէրչանայ	1
չիդիք	1
սքաչքային	1
ուչասթվօվաթ	1
սուլթան-գիսէյին	1
ռիսաքը…	1
ժօղօվը	1
վէրչացավ	1
գինմարթիք	1
էփփէյի	1
դարիքօվ	1
իրգուվան	1
սէմթ	1
գէրթային	1
հօքիին	1
փրգութան	1
աղօթք	1
չուդնըյ	1
հավայ	1
քաթյա	1
գուլյանիի	1
էլլէյինք	1
մէշալօ	1
մառի	1
փավլօվնան	1
ժուռֆիքսի	1
փռիգլաշաթ	1
բիթ	1
էրթաս	1
զայիր	1
անցաձնէրը	1
նինա	1
ֆէօդօռօվնային	1
թռիժդը	1
բացիլ	1
ժուռֆիքսին	1
գուլխուս	1
նէշչասթի	1
անթռէին	1
սլանօվըյ	1
քօսթէ	1
ռուչքայօվ	1
զօնթիքըս	1
գօղցան…	1
մօժէթ	1
բըթ…	1
դէր-ագօփը	1
գէրթար	1
տեսաձն	1
խնդալէն	1
գուլօխ	1
իրէքը	1
մէգտէղ	1
մդան…	1
ջալաշեան	1
երևան	1
1926	1
յունիս	1
18	1
վդէխ	1
էյիր	1
չօլ	1
նայէլու	1
աբրանքները	1
խայէր	1
կէղին	1
քօվիննէրը	1
օնգ	1
ուռճացած	1
բօյէրը	1
մաշտաբօյ	1
հէմըսըխ	1
պռյամը	1
օց	1
չըխկի	1
խաթէ	1
լուձէն	1
հէռունէրն	1
նայէցար	1
հէռույի	1
արօդօդ	1
գօթէրը	1
տըպ-տէղին	1
խըջի	1
խարախօռվանէրն	1
մնացած՝հանգստացած	1
մագըղտվաձ	1
քօվի-գօչէր	1
բօստանի	1
մօրի	1
մօրի…ալայ	1
աշխարքի	1
դէսնըվաձ	1
լսվաձ	1
խօռվան	1
խօտ	1
փսնիլ	1
մալաչայը	1
կօմէշի	1
փուշը	1
խմբերով	1
օցի	1
գաթ	1
խօսկով	1
մէ’քադ	1
սութալ	1
ձառ	1
ուռի	1
ընձըվի	1
մաշինօվ	1
մըդնըվիլ	1
աղէրը	1
հատիկի	1
միջուկը	1
խմօր	1
ամըրցաձ	1
կլօխնէրը	1
մէքադգօթին	1
մէկքանի	1
տէսաձ	1
մէքադ	1
գօթին	1
հինքադ	1
կարիյի	1
չըռնէ	1
հասկի	1
վրայ	1
նայէ…	1
պռօբը	1
պէրիլ	1
օռկաճօվ	1
ուղտի	1
սապատ	1
խօնդիր	1
ընտիր	1
էրէս	1
հավի	1
գէր	1
գառնույինք	1
աբրանքի	1
բօլլըխ	1
կէղածիյին	1
պուշտ	1
ձախէլու	1
դանինք	1
բէդիհավա	1
բազիրգյան-պարին	1
գըրագի	1
սյուն	1
վօվ	1
դէսիլ	1
փութ	1
հացէ	1
քշտանան	1
ուզանա	1
աժան	1
քախծաձութինը	1
բօստաննէրը	1
բօստանին	1
քսիս…	1
փոցխ	1
գդէլու	1
տյօլ	1
չաղալայ	1
առատ	1
մէչն	1
վրձինի	1
մուշայ	1
կարինէրը	1
յէպ	1
ընձէլու	1
ընձվի	1
օռհնաձը	1
թաթավէ	1
աչկ	1
դէղն	1
գիլ	1
դէղօց	1
է.ամա	1
առաչվանն	1
չօրցաձ	1
արտ	1
մուդնուս	1
բալչըխ	1
վօտկըդ	1
ճօղվէ	1
կընածաձ	1
գագօղ	1
տայղանի	1
տապտօվ	1
կոխոտուելով	1
պնդացած	1
տափակած	1
գլօրէլու	1
ջնաճիտ	1
աստարի	1
մէդօմը	1
մուդնունք	1
վօ	1
կինա	1
ասլաբիր	1
չօլին	1
համը-ֆօդը	1
խօդ	1
խոտհունձ	1
չալօվ	1
целина	1
էլլէյիր	1
խըստիշին	1
ֆօդը	1
քիթըդ	1
ջըխկէր	1
դավարն	1
արօդէ	1
քըքշտանար	1
ընձէլէ	1
բէզմիշ	1
գըլայինք	1
յէլ	1
սաղչօլը	1
դաբան	1
աչկը	1
ձագ	1
ֆօղէ	1
քշտանալ	1
քցանէ	1
թէնն	1
դավարնէրնալ	1
փախծաձ	1
կճարտըվէյին	1
ռաստօվն	1
անօղը	1
վիրա	1
մաշիննէր	1
մէմէձգի	1
նայէլօվ	1
գէղշթանք	1
ադօր	1
չօկտիլ	1
բէրէքէթ	1
գուզէյիր	1
խալաչըխօվ	1
արօր	1
վարէյինք	1
պանէրը	1
մօռցիր	1
բբաս	1
կօվէլու	1
կըդաձ	1
կըկօվիս	1
ժօղըդանքի	1
չանգ	1
զարնին	1
գէնէ	1
ալլէմ	1
աղտըխ	1
խարջը	1
հայդնին	1
խարջս	1
բակսէցունուն	1
մէդէթ	1
բէտ	1
յաշէրը	1
երիտասադները	1
անդէղը	1
կօրձ	1
յաղէրուն	1
խամ-խասէվէթը	1
բաթիկեան	1
աւարտած	1
թեմական	1
երևանի	1
n0	1
13	1
եօթամեայ	1
արտասանութիւնը	1
պահում	1
հարազատօրէն	1
ացյա	1
աստուածատուր	1
գայնիս	1
…ինչ	1
քշէրօվ	1
սիդէղնէրը	1
բէլնի	1
յայտնի	1
յե	1
էմջէյիս	1
յօռօխէն	1
գայանուշը	1
խնագէջէսի	1
դանէր	1
մանդռնէրուն	1
յէզնայինցս	1
ղունէրէն	1
ջամփէցի	1
էդէվ	1
դ’ասէյիր	1
գանչէցիր	1
գուզէյի	1
հարցունէլ	1
միտքէրը	1
դէյին	1
պակա	1
փօխվաձ	1
ծէռկէս	1
դայիդ	1
էրգունցունու	1
վօտկը	1
գաբէլ	1
գօյա…	1
կիտծաձին	1
ըռըզին	1
անքըման	1
մահլայի	1
գալաջիյէ	1
վախէցաձ	1
գըլամ	1
դէյին.–	1
օրնագ	1
գասէ.–	1
ագլէզութին	1
սիրի	1
մէմէձքի	1
գուզին	1
ջառիզ	1
դէսաձ	1
չէյինք	1
դեսանք	1
զնաճիթ	1
նամըս	1
պադիվս	1
պածըռնա	1
խօսկէրդ	1
ինչին	1
չիդիմ:–	1
իդբէս	1
վէրչանա	1
խըյար	1
յախան	1
գաբուլ	1
դիզի	1
գըպճիմ	1
նէֆայդա	1
պռնէ	1
պառազնայէն	1
էլաձ	1
յէզի	1
քքաշէ	1
բէլա	1
յանգադ	1
չուզէ	1
խէղջը	1
պէրանին	1
անօղ	1
իննադէդ	1
վօրիմէն	1
տղայ	1
քսէ	1
անխտագ	1
ունէցաձ	1
միլքը	1
գդեսնուս	1
ինըը…	1
խմօղ	1
խաղացօղ	1
չէ.–	1
դայիս…	1
տենկսըզ	1
զէնգինի	1
գնայէ	1
բէսին	1
քօբուքի	1
անդէնէ	1
վարվաձին	1
անբախտացուց	1
սանքիմը	1
յէր	1
կիտցաձը	1
անբէս	1
արվի	1
արդօրալ	1
հնջարօղին…	1
դ’անիս	1
գարվի	1
ձէձէլու	1
նէպռէմէնի	1
ձէձէլ	1
սպօսըբ	1
սիրդին	1
կէշութին	1
չէղաձը…	1
թէմիզօվս	1
ադէնը	1
գուզիմը-չուզիմը	1
մոդէ	1
բէբէ	1
ատքան	1
հասկընանք	1
հէլբէթ	1
հարգ	1
գառավարութինը	1
պռինմայթ	1
ադէթը	1
վրէմն	1
լալիք	1
սպօլկօմ	1
զայավիթ	1
գօդռըվէլու	1
ջիջի	1
միջի	1
անօնք	1
բաբուն	1
լամալ	1
պանէր	1
չէշիթ	1
կպէրինք	1
խավարաձ	1
հավադը	1
էրաձէս	1
այրած	1
լինելու	1
պատճառօվ	1
խօշտմէնքի	1
մէգէր	1
չիսիրաձ	1
պանս	1
անէլէն	1
գէցիր	1
թէռս	1
սէմթէն	1
բաշլայիմ	1
պէրանը	1
քշէր	1
յէփ	1
թիփ-թէմիզ	1
թէմըզնաս	1
քեֆեի	1
բայձառ	1
կօրձի	1
քէֆի	1
խէլօք	1
դըղաք	1
ահը-մահը	1
ծըկաձ	1
ճուրօվ-չօրօվ	1
փըռվաձ	1
գէմինէրօվ	1
գըդանին	1
դէվէնէրօվ	1
կըպէրին	1
գէփէ	1
փախըռ-փախըռ	1
շախըռ-շախըռ	1
խօշտ	1
կըթափիք	1
բօլ	1
քըրդինք	1
ջէբէրըդ	1
սարայի	1
դունէր	1
կըխօշտիկ	1
տակավօրի	1
գաբրիք	1
տուռըդ	1
շէմըդ	1
օրհընաձ	1
աբրիս	1
աջիս	1
զօրանաս	1
գըռնագ	1
մընաս	1
սանդռի	1
ընգա	1
սանդըռ	1
կըդա	1
սանդըռը	1
մօրքուրիս	1
մօրքուրըս	1
չօրաք	1
չօրաքը	1
չօբանին	1
չօբանը	1
ծի	1
ծին	1
հէձա	1
խարասու	1
խարասուն	1
սէլ	1
գըվազէր	1
գանէին	1
բըզդիգ	1
մէձին	1
բըզդիգին	1
մայիլ	1
ստագի	1
հէյ	1
գացէք	1
հօնէն	1
գըդռիջնէրը	1
կօմէշին	1
ուզէցօղը	1
դէ	1
հաձէ	1
դէվէ	1
խալդրան²	1
աթխուլախ	1
այու	1
յէրէսան³	1
իշտէ	1
գայնէց	1
ագօփին	1
առչէվը	1
կօդի-կօդիի	1
առնըվէցան	1
ծէռկ-ծէռկի	1
թընդաց	1
կէդինը	1
թօզէրը	1
դաքծան	1
գըդռէցան	1
չօրս	1
բըդըդվէցան	1
ագօփը	1
փատտըվէցավ	1
մէչկէն	1
խափմիշ	1
մէգէն	1
պըռնից	1
ջըգից	1
վէրուց	1
գըդռիջնէր	1
կալէր	1
բադռաձը	1
վըրայէն	1
գըդռիջ	1
մէգին	1
աֆֆէրիմ	1
նամ	1
կէղածիին	1
քըրդինքիդ	1
հէլալ	1
մէյնագ	1
չուդիս	1
փային	1
բահիս	1
գլխուն	1
ուժըդ	1
գըդռինք	1
բադռինք	1
զըրչինք	1
ցափէթ	1
կըլլայի	1
էռսուն-էռսունհինկ	1
ցափէթն	1
տասնըչօրսը	1
մըտիլ	1
սայախլըս	1
չունքի	1
իշվական	1
տանտիկին	1
հարը-մարը	1
տըվիլ	1
կառավարէլ	1
սօրվըցնէ	1
տէսիլ	1
տէսօք	1
տունէ	1
չապէրտ	1
պէսը	1
տէսնըված	1
պիզի	1
կըծակէր	1
կօվտա-մարմինը	1
պօղք	1
արէքակ	1
թաժէ	1
հավկիթ	1
ճիպ-ճէրմակ	1
թըմըռսըխ	1
տիրի	1
նայվածք	1
փօրըտ	1
կանէր	1
կըպատահի	1
ժօղվածն	1
չիժօղվածն	1
մէծ	1
լուսն	1
մութն	1
կըպատահէր	1
մէմ	1
հանված	1
կըտէսնէի	1
պուտէր	1
սիպէս	1
ագուռը	1
ցույց	1
միչին	1
մէծության	1
ձմէրուկ	1
ծիծէր	1
մխլաթէս	1
թաշիի	1
չէնկէլի	1
կըքաշէր	1
խօշօր	1
խնծօրնէր	1
չիկըտնըվէլիք	1
ամօթէն	1
տայմա	1
կընայէր	1
պէրանէն	1
էլլէր	1
էրէսի	1
մէմէկ	1
մէխքըս	1
պահիմ	1
միտքէս	1
կանցնէր	1
անկաճը	1
պէրանըս	1
լուզուս	1
թանկ	1
հօքիտ	1
անիլ	1
սայախլըն	1
տապրա	1
տըղօցկան	1
կըկօրցնէ	1
կատարյալ	1
տապախ	1
կըկըտրի	1
լատան	1
վուտէխէն	1
մայպալըխի	1
ֆօտն	1
տասվէրկու	1
կըլլա	1
մարթիս	1
վախտ	1
չէշիտ	1
կուզէնա	1
ամէնս	1
ստէղծօղըս	1
մէզմէն	1
ուզէցածին	1
կուքար	1
կընայէի	1
մախսում	1
կասէի	1
աճապ	1
կըրած	1
ճակատիտ	1
իշխանի	1
օրըտ	1
ցընծումօվ	1
անցունիս	1
արապաճիին	1
արէվտ	1
տաղտաղայի	1
չունիմութինի	1
մաշվի	1
էրիմարթ	1
հօվարտա	1
պուղան	1
այըղռն	1
պայթալ	1
հէծավ	1
կըպաղի	1
կէրթա	1
մարթըս	1
ատէն	1
չիկտէ	1
կինի	1
զարկից	1
միտքէն	1
կանցնի	1
պալ	1
զիաֆէթ	1
օտարի	1
սայախլը	1
տէսավ	1
իլլէ	1
քիչմ	1
շէնքօվ	1
կընիկնէրուն	1
տառցուց	1
մառուշքան	1
հօրս	1
պանվօր	1
ունէցար	1
ֆէլան	1
խօզէն	1
պէթէր	1
հօս	1
կէռչ	1
մէյտան	1
հէտ	1
կարքըվիլ	1
պախտավօր	1
վաաաժնը	1
պուտը	1
կըկօխէ	1
տէսար	1
տըրվիլ	1
իշթահը	1
սիկից	1
կանչված	1
չիլալույիս	1
հիվանդութինս	1
ցավերեն	1
չնայելու	1
ցուցունէլու	1
փերատ	1
ընդունածը	1
ուզենալեն	1
էմջամըս	1
կըլմանիմ	1
կըվազեի	1
թամամցունելեն	1
էնկը	1
կարգս	1
չիմդիմանա	1
դիմացա	1
չիկայիր	1
չիկայի	1
չեղածեն	1
ինվիգը	1
չօգտի	1
էռսուն	1
խմիչք	1
պետկ	1
չիցուցուցի	1
չիտեսա	1
էկողնէրն	1
կընստի	1
կըքալցունուն	1
քալցունելուն	1
հռիստանտի	1
կտելու	1
ասեի	1
հալեն	1
կըհասկընամ	1
հարսնիքս	1
անցուցի	1
օշթախներս	1
բեհեզուր	1
կուտուրտի	1
հարփե	1
խոշթորքի	1
վերջացած	1
կույզին	1
պալատկա	1
ընտանիքիս	1
օշթախներեն	1
չաթռմալխ	1
սեղան	1
շարքեցինք	1
կարգելու	1
կինմաշթուս	1
